probe,x,series,value
isolated,59,measured_keV,58.72
isolated,122,measured_keV,121.70
isolated,356,measured_keV,355.69
isolated,477,measured_keV,476.70
isolated,662,measured_keV,661.67
isolated,834,measured_keV,833.71
isolated,1173,measured_keV,859.25
isolated,1332,measured_keV,859.25
overlap_CeBr3,40,n_detected,1.00
overlap_CeBr3,40,meas_max_keV,337.8
overlap_CeBr3,80,n_detected,2.00
overlap_CeBr3,80,meas_max_keV,303.3
overlap_CeBr3,120,n_detected,2.00
overlap_CeBr3,120,meas_max_keV,299.8
overlap_CeBr3,160,n_detected,2.00
overlap_CeBr3,160,meas_max_keV,299.9
overlap_CeBr3,200,n_detected,2.00
overlap_CeBr3,200,meas_max_keV,299.9
overlap_CeBr3,240,n_detected,2.00
overlap_CeBr3,240,meas_max_keV,300.4
overlap_CeBr3,280,n_detected,2.00
overlap_CeBr3,280,meas_max_keV,300.1
overlap_CeBr3,320,n_detected,2.00
overlap_CeBr3,320,meas_max_keV,300.1
overlap_CeBr3,360,n_detected,2.00
overlap_CeBr3,360,meas_max_keV,300.0
overlap_CeBr3,400,n_detected,2.00
overlap_CeBr3,400,meas_max_keV,299.8
overlap_CeBr3,440,n_detected,2.00
overlap_CeBr3,440,meas_max_keV,300.3
overlap_CeBr3,480,n_detected,2.00
overlap_CeBr3,480,meas_max_keV,300.0
overlap_CeBr3,520,n_detected,2.00
overlap_CeBr3,520,meas_max_keV,300.0
overlap_CeBr3,560,n_detected,2.00
overlap_CeBr3,560,meas_max_keV,300.4
overlap_CeBr3,600,n_detected,2.00
overlap_CeBr3,600,meas_max_keV,300.1
overlap_CeBr3,640,n_detected,2.00
overlap_CeBr3,640,meas_max_keV,300.3
overlap_CeBr3,680,n_detected,2.00
overlap_CeBr3,680,meas_max_keV,300.3
overlap_CeBr3,720,n_detected,2.00
overlap_CeBr3,720,meas_max_keV,300.4
overlap_CeBr3,760,n_detected,2.00
overlap_CeBr3,760,meas_max_keV,300.0
overlap_GAGG,40,n_detected,1.00
overlap_GAGG,40,meas_max_keV,543.6
overlap_GAGG,80,n_detected,1.00
overlap_GAGG,80,meas_max_keV,461.4
overlap_GAGG,120,n_detected,1.00
overlap_GAGG,120,meas_max_keV,402.7
overlap_GAGG,160,n_detected,1.00
overlap_GAGG,160,meas_max_keV,365.0
overlap_GAGG,200,n_detected,1.00
overlap_GAGG,200,meas_max_keV,339.9
overlap_GAGG,240,n_detected,1.00
overlap_GAGG,240,meas_max_keV,325.0
overlap_GAGG,280,n_detected,1.00
overlap_GAGG,280,meas_max_keV,316.0
overlap_GAGG,320,n_detected,1.00
overlap_GAGG,320,meas_max_keV,310.3
overlap_GAGG,360,n_detected,1.00
overlap_GAGG,360,meas_max_keV,306.0
overlap_GAGG,400,n_detected,2.00
overlap_GAGG,400,meas_max_keV,303.3
overlap_GAGG,440,n_detected,2.00
overlap_GAGG,440,meas_max_keV,300.6
overlap_GAGG,480,n_detected,2.00
overlap_GAGG,480,meas_max_keV,300.3
overlap_GAGG,520,n_detected,2.00
overlap_GAGG,520,meas_max_keV,300.0
overlap_GAGG,560,n_detected,2.00
overlap_GAGG,560,meas_max_keV,300.2
overlap_GAGG,600,n_detected,2.00
overlap_GAGG,600,meas_max_keV,300.1
overlap_GAGG,640,n_detected,2.00
overlap_GAGG,640,meas_max_keV,300.1
overlap_GAGG,680,n_detected,2.00
overlap_GAGG,680,meas_max_keV,300.2
overlap_GAGG,720,n_detected,2.00
overlap_GAGG,720,meas_max_keV,300.3
overlap_GAGG,760,n_detected,2.00
overlap_GAGG,760,meas_max_keV,300.1
rate,50000,centroid_keV,661.9
rate,50000,fwhm_pct,6.82
rate,50000,sum_tail_frac,0.008
rate,100000,centroid_keV,661.9
rate,100000,fwhm_pct,6.81
rate,100000,sum_tail_frac,0.011
rate,200000,centroid_keV,662.4
rate,200000,fwhm_pct,6.81
rate,200000,sum_tail_frac,0.019
rate,500000,centroid_keV,663.1
rate,500000,fwhm_pct,7.13
rate,500000,sum_tail_frac,0.045
rate,1000000,centroid_keV,664.6
rate,1000000,fwhm_pct,7.27
rate,1000000,sum_tail_frac,0.098
rate,2000000,centroid_keV,667.5
rate,2000000,fwhm_pct,7.69
rate,2000000,sum_tail_frac,0.204
