material,decay_ns,afterglow,rate_cps,efficiency,photopeak_fwhm
CeBr3,17,0.0,50000,0.9947,6.986
CeBr3,17,0.0,100000,0.9920,7.002
CeBr3,17,0.0,200000,0.9880,7.070
CeBr3,17,0.0,500000,0.9673,7.112
CeBr3,17,0.0,1000000,0.9340,7.145
CeBr3,17,0.0,2000000,0.8687,7.525
LYSO,40,0.0,50000,0.9907,7.029
LYSO,40,0.0,100000,0.9853,7.045
LYSO,40,0.0,200000,0.9687,7.083
LYSO,40,0.0,500000,0.9180,7.281
LYSO,40,0.0,1000000,0.8453,7.426
LYSO,40,0.0,2000000,0.6913,7.664
GAGG:Mg,55,0.005,50000,0.9880,7.049
GAGG:Mg,55,0.005,100000,0.9733,7.062
GAGG:Mg,55,0.005,200000,0.9553,7.168
GAGG:Mg,55,0.005,500000,0.8800,7.449
GAGG:Mg,55,0.005,1000000,0.7587,7.246
GAGG:Mg,55,0.005,2000000,0.5573,7.625
GAGG,90,0.05,50000,0.8847,6.079
GAGG,90,0.05,100000,0.7620,5.918
GAGG,90,0.05,200000,0.5700,6.045
GAGG,90,0.05,500000,0.2220,6.289
GAGG,90,0.05,1000000,0.0020,nan
GAGG,90,0.05,2000000,0.0000,nan
NaI,230,0.0,50000,0.9567,7.160
NaI,230,0.0,100000,0.9040,7.298
NaI,230,0.0,200000,0.8160,7.460
NaI,230,0.0,500000,0.5867,7.701
NaI,230,0.0,1000000,0.3500,8.561
NaI,230,0.0,2000000,0.1147,7.428
BGO,300,0.0,50000,0.9420,7.140
BGO,300,0.0,100000,0.8787,7.564
BGO,300,0.0,200000,0.7633,7.250
BGO,300,0.0,500000,0.4927,7.667
BGO,300,0.0,1000000,0.2480,8.399
BGO,300,0.0,2000000,0.0540,nan
