FIT,tag,z,a_mrad,live_s,seed,channel,counts,decode_phix_mrad,decode_phiy_mrad,redecode_phix_mrad,redecode_phiy_mrad,coarse0_z,coarse_z,zhat,xhat,yhat,phix_mrad,phiy_mrad,LLhat3d,LLprof_at_hat,lambda_truth,wald_truth,phix_at_truth,phiy_at_truth,sigma_z_hessian,surf_ok,prof_ok,surf_rms,alt_z,LLhat_minus_alt,coarse_alt_z,coarse_gap,Ahat,Bhat,evals,seconds,hist
FIT,conv_n09_s1,500,15,60,9900984,all,16534,15.8497,4.7488,17.9076,-0.8028,512.01,512.01,502.718,7.4772,0.0189,17.68839,0.04477,34304.7922,34304.6156,1.1574,1.2212,17.72515,0.04533,2.475,1,1,0.4050,NaN,NaN,150.94,1941.16,1122.36,0.111154,457,124.5,105100
FIT,conv_n09_s1,500,15,60,9900984,win,5001,21.5790,-2.3249,18.5482,-0.9117,438.93,472.09,498.889,7.3472,0.0504,17.53979,0.12041,4268.3007,4268.7740,-0.2020,0.0326,17.51512,0.14953,6.136,1,1,0.2644,NaN,NaN,150.94,319.08,1056.47,0.19638,441,205.9,105100
FIT,conv_n09_s1,500,15,60,9700978,all,17040,18.3714,4.7938,18.3327,-0.8479,476.46,476.46,499.120,7.4308,0.0883,17.72944,0.21061,35878.3513,35878.6969,0.0283,0.1382,17.71963,0.21848,2.362,1,1,0.3754,NaN,NaN,151.08,1916.73,1147.7,0.0157733,476,128.8,105076
FIT,conv_n09_s1,500,15,60,9700978,win,5242,17.8742,4.6505,17.5806,-0.6526,517.31,517.31,500.090,7.3815,0.1386,17.57113,0.33000,4717.3784,4718.1503,-0.1357,0.0003,17.59362,0.33729,5.346,1,1,1.0773,NaN,NaN,153.54,363.64,1112.88,0.214736,463,208.6,105076
FIT,conv_n09_s1,500,15,60,9800981,all,16792,16.7409,4.6749,17.9650,-0.8544,514.64,514.64,500.932,7.5128,0.0446,17.84813,0.10600,35073.0129,35073.5178,0.3428,0.1604,17.87738,0.11532,2.332,1,1,0.6107,NaN,NaN,151.01,2010.69,1131.88,0.12436,496,132.2,105300
FIT,conv_n09_s1,500,15,60,9800981,win,5169,17.0776,-2.4050,18.1265,-0.9898,514.64,514.64,505.908,7.5530,-0.0783,17.73396,-0.18389,4651.2690,4651.7451,3.0495,1.4267,17.84921,-0.14111,5.016,1,1,0.4765,NaN,NaN,152.21,386.58,1161.69,0,445,205.9,105300
FIT,conv_n09_s1,500,15,60,10000987,all,16753,16.3111,4.8196,17.8639,-0.7841,509.41,509.41,501.251,7.4693,-0.0030,17.73121,-0.00721,34996.8867,34997.1494,0.0702,0.2586,17.75623,0.00274,2.468,1,1,0.6180,NaN,NaN,150.87,2051.16,1137.43,0,488,130.9,105303
FIT,conv_n09_s1,500,15,60,10000987,win,5107,16.5400,4.6776,17.9987,-0.8875,509.41,509.41,498.512,7.4790,-0.0821,17.87042,-0.19616,4476.0407,4475.9350,0.0933,0.0826,17.88446,-0.18949,5.160,1,1,0.4633,NaN,NaN,150.87,374.15,1082.47,0.167767,459,207.5,105303
FIT,conv_n09_s1,1000,15,60,10200978,all,4150,16.1602,0.2972,16.3076,0.1097,1121.68,1121.68,1016.430,15.4129,-0.0701,16.45922,-0.07482,2860.6157,2860.4885,1.3453,0.6833,16.47232,-0.01843,20.231,1,1,0.3883,NaN,NaN,166.47,462.91,1169.86,0,442,216.7,25547
FIT,conv_n09_s1,1000,15,60,10200978,win,1321,16.2294,0.1354,16.5247,0.1514,1121.68,1121.68,993.109,15.2353,-0.3954,16.68511,-0.43305,-619.3205,-619.5805,0.2721,0.0293,16.68383,-0.38166,39.990,1,1,0.7030,NaN,NaN,172.10,72.33,1133.37,0.0183165,464,177.5,25547
FIT,conv_n09_s1,1000,15,60,10300981,all,4160,16.2289,0.0909,16.2774,0.0836,1106.68,906.68,994.987,14.7396,-0.0947,16.10910,-0.10347,2903.2808,2903.8245,0.2104,0.0825,16.10297,-0.09100,17.355,1,1,0.3753,NaN,NaN,166.37,500.58,1121.15,0,470,222.8,26447
FIT,conv_n09_s1,1000,15,60,10300981,win,1313,16.1865,0.1394,16.3068,-0.5903,906.68,906.68,976.804,14.3695,-0.1789,16.02306,-0.19948,-640.9244,-641.1634,0.4356,0.4549,15.95925,-0.15975,33.524,1,1,0.6279,NaN,NaN,164.65,102.50,1053.9,0.0629576,454,174.2,26447
FIT,conv_n09_s1,1000,15,60,10400984,all,4198,16.2722,-0.1650,16.7526,-0.5140,897.20,897.20,959.082,14.4600,0.0423,16.44897,0.04813,2918.0892,2918.0148,4.5623,5.3276,16.37153,0.02260,16.939,1,1,0.4044,NaN,NaN,168.05,474.17,1042.69,0.0393404,468,220.3,26753
FIT,conv_n09_s1,1000,15,60,10400984,win,1304,16.0403,0.3891,16.8748,-0.5197,897.20,897.20,913.508,13.7888,0.1312,16.54314,0.15735,-632.3894,-632.2751,7.7505,5.3613,16.34538,0.20288,33.842,1,1,0.3630,NaN,NaN,164.55,97.49,942.809,0.025098,461,215.0,26753
FIT,conv_n09_s1,1000,15,60,10500987,all,4208,16.2593,0.0574,16.1576,-0.0241,1077.93,1077.93,1004.104,15.0429,-0.0404,16.27841,-0.04372,2917.2426,2917.3397,-0.2974,0.0518,16.28862,-0.05517,18.107,1,1,0.2765,NaN,NaN,166.16,464.17,1137.17,0.0773044,440,216.0,26204
FIT,conv_n09_s1,1000,15,60,10500987,win,1279,16.2599,-0.2146,16.1583,-0.2194,1077.93,1077.93,986.480,14.7760,-0.4386,16.30039,-0.48387,-652.0138,-652.0995,0.7823,0.1341,16.19290,-0.47712,36.378,1,1,0.7006,NaN,NaN,167.95,73.96,1068.77,0.0334169,488,219.8,26204
FIT,conv_n09_s1,1000,15,60,10600990,all,4183,16.1815,0.3287,16.0973,0.0629,1064.15,1064.15,1003.190,15.0465,0.1810,16.29838,0.19607,2942.2895,2941.9704,0.1088,0.0330,16.30148,0.21143,17.617,1,1,0.4041,NaN,NaN,164.35,517.16,1148.33,0,466,166.1,26534
FIT,conv_n09_s1,1000,15,60,10600990,win,1274,16.0348,0.5053,15.9196,0.1774,1064.15,1064.15,1013.299,14.9775,-0.1740,16.04790,-0.18648,-641.7312,-640.9745,0.3051,0.1174,16.02749,-0.11556,39.372,1,1,0.6216,NaN,NaN,167.84,92.69,1151.34,0,449,164.9,26534
FIT,conv_n09_s1,500,15,60,9600975,all,16831,18.5775,4.8106,18.3845,-0.9011,478.67,478.67,499.187,7.4859,0.0517,17.85814,0.12329,35269.4016,35269.9352,0.4091,0.1167,17.84177,0.12148,2.377,1,1,0.4178,NaN,NaN,151.15,1948.13,1134.44,0,472,398.6,104885
FIT,conv_n09_s1,500,15,60,9600975,win,5051,18.0707,4.5608,17.7209,-0.8971,520.01,478.67,496.984,7.3986,0.0735,17.74321,0.17630,4392.6409,4392.5485,1.2428,0.3567,17.70280,0.18673,5.014,1,1,0.5005,NaN,NaN,151.15,345.88,1074.94,0.122831,448,674.3,104885
FIT,conv_n09_s1,500,15,60,10200993,all,17097,17.8597,4.7615,18.0464,-0.8601,504.29,504.29,495.913,7.4147,0.0461,17.82756,0.11080,36099.4977,36100.1024,1.8104,3.1866,17.76110,0.10991,2.267,1,1,0.4770,NaN,NaN,150.72,2045.20,1137.2,0,476,168.3,105504
FIT,conv_n09_s1,500,15,60,10200993,win,5336,17.8102,4.7342,18.1878,-0.8212,504.29,504.29,500.679,7.5220,0.1292,17.88072,0.30711,4890.9680,4891.4916,0.4709,0.0182,17.91121,0.33866,5.049,1,1,0.5805,NaN,NaN,154.45,342.01,1134.58,0.226331,538,176.2,105504
FIT,conv_n09_s1,500,15,60,10300996,all,16611,18.8609,4.7626,18.1571,-0.9013,501.78,501.78,495.661,7.4529,-0.0242,17.93033,-0.05812,34499.7232,34499.8324,3.2861,3.5127,17.86836,-0.07941,2.291,1,1,0.3835,NaN,NaN,150.65,1943.25,1088.94,0.237792,474,165.6,105501
FIT,conv_n09_s1,500,15,60,10300996,win,4994,16.1005,4.7660,17.7133,-0.5339,548.33,501.78,496.005,7.4964,-0.0268,18.01991,-0.06438,4244.1633,4243.8788,0.9363,0.5335,17.97721,-0.11759,5.417,1,1,0.3615,NaN,NaN,155.70,330.19,1032.66,0.252475,437,159.4,105501
FIT,conv_n09_s1,1000,15,60,10100975,all,4036,16.2177,-0.1886,16.2621,-0.7964,926.31,926.31,1011.300,15.0436,-0.2504,16.15336,-0.26883,2658.5855,2657.9006,-0.3672,0.3096,16.16396,-0.26053,20.560,1,1,0.6587,NaN,NaN,166.58,475.81,1122.01,0.00671864,456,164.1,26052
FIT,conv_n09_s1,1000,15,60,10100975,win,1255,16.0877,-0.0432,16.2068,-0.6170,926.31,926.31,1023.616,14.9079,-0.0586,15.79869,-0.06213,-661.9977,-662.4125,-0.4251,0.3019,15.82055,0.01249,44.082,1,1,0.5377,NaN,NaN,166.58,88.22,1140.81,0.018897,448,160.3,26052
FIT,conv_n09_s1,1000,15,60,10700993,all,4022,16.1371,0.0857,16.0617,-0.0874,1050.74,1050.74,986.674,14.8577,-0.0569,16.38706,-0.06277,2637.8831,2638.1154,-0.0096,0.4493,16.36643,-0.06229,19.593,1,1,0.2982,NaN,NaN,169.58,466.47,1066.55,0,445,130.7,25791
FIT,conv_n09_s1,1000,15,60,10700993,win,1197,16.0946,0.0117,16.0141,-0.0507,1050.74,1050.74,970.611,14.5383,-0.3285,16.32392,-0.36884,-672.0268,-672.0306,0.9087,0.4381,16.20145,-0.37337,42.984,1,1,0.4624,NaN,NaN,167.73,86.68,991.961,0,480,127.8,25791
FIT,conv_n09_s1,1000,15,60,10800996,all,4138,16.3471,-0.1654,16.2952,-0.2692,1037.70,1037.70,997.376,14.9790,-0.2937,16.32811,-0.32018,2875.6243,2875.8045,0.2484,0.0204,16.33105,-0.30226,18.317,1,1,0.3314,NaN,NaN,167.62,492.57,1120.41,0,444,128.1,25773
FIT,conv_n09_s1,1000,15,60,10800996,win,1258,16.3595,-0.0153,16.3076,-0.1952,1037.70,1037.70,1010.999,15.2693,-0.0647,16.40097,-0.06945,-642.2649,-642.7460,-0.0855,0.0997,16.42357,-0.09514,35.253,1,1,0.4543,NaN,NaN,165.85,95.14,1133.41,0,447,123.6,25773
FIT,conv_n09_s1,500,15,60,10100990,all,16499,16.7942,4.7779,18.0024,-0.8265,506.83,506.83,499.316,7.4846,0.0206,17.84949,0.04916,34188.0905,34188.8157,0.9248,0.0818,17.83347,0.04405,2.386,1,1,0.3970,NaN,NaN,150.80,1948.66,1105.18,0.112803,458,390.8,104334
FIT,conv_n09_s1,500,15,60,10100990,win,4958,21.7668,4.8492,21.7485,5.5003,148.51,147.42,148.643,1.4665,0.3255,21.36455,4.74215,3778.9612,3778.6005,-757.4773,7806.1092,17.61200,0.06188,0.650,1,0,0.5025,NaN,NaN,435.35,63.20,63.4706,2.1816,623,1295.2,104334
