FIT,tag,z,a_mrad,live_s,seed,channel,counts,decode_phix_mrad,decode_phiy_mrad,redecode_phix_mrad,redecode_phiy_mrad,coarse0_z,coarse_z,zhat,xhat,yhat,phix_mrad,phiy_mrad,LLhat3d,LLprof_at_hat,lambda_truth,wald_truth,phix_at_truth,phiy_at_truth,sigma_z_hessian,surf_ok,prof_ok,surf_rms,alt_z,LLhat_minus_alt,coarse_alt_z,coarse_gap,Ahat,Bhat,evals,seconds,hist,v3_sweep_plane,v3_sweep_phix_mrad,v3_sweep_phiy_mrad,v3_cand_z,v3_cand_phix,v3_cand_phiy,v3_distinct,v3_refined_LL,v3_switched,v3_seconds
FIT,main60v2,300,0,60,30300420,all,46936,-2.7814,-44.9892,-4.7026,-45.5619,861.23,246.86,299.357,-0.0122,-0.0030,-0.05567,-0.01349,146623.1826,146622.8196,-1.4152,1.4299,-0.06405,-0.01989,0.536,1,1,0.5267,299.36,0.102,300.96,0.63,1133.71,0.310443,724,188.9,295507,350.74,-1.3397,-1.4794,299.26,-0.2392,0.0056,0,NaN,0,46.3
FIT,main60v2,300,0,60,30300420,win,14496,-2.7327,-44.9553,1.7441,-0.8975,650.99,650.99,297.783,-0.0061,-0.0006,-0.02810,-0.00265,27925.9963,27925.3169,0.4243,3.3605,-0.06088,-0.02310,1.197,1,1,0.4542,NaN,NaN,134.91,739.21,1113.76,0.29749,767,104.4,295507,304.04,-0.0677,-0.8951,299.87,-0.3061,-0.5017,0,NaN,0,40.2
FIT,main60v2,300,30,60,30901548,all,44240,42.6003,-45.0906,39.1903,-48.4273,650.05,184.92,298.975,8.9738,0.0039,40.98072,0.01775,135424.5129,135424.4518,5.8706,4.0728,40.92104,0.01318,0.505,1,1,0.5371,298.93,0.099,298.89,0.59,1122.71,0.249163,740,146.0,293654,276.44,43.1788,-0.2518,299.02,40.9355,0.0574,0,NaN,0,46.7
FIT,main60v2,300,30,60,30901548,win,13705,42.6181,-10.4959,43.2472,-0.3742,277.89,277.89,298.341,8.9257,-0.0647,40.87956,-0.29652,25547.8895,25546.9080,4.1851,2.5703,40.72478,-0.29399,1.027,1,1,0.7169,298.31,0.165,299.61,0.17,1073.67,0.613466,632,152.0,293654,276.44,43.2038,-0.3195,300.24,40.8906,-0.1730,0,NaN,0,43.4
FIT,main60v2,300,0,60,30600429,all,46677,-2.6796,-45.0297,-4.6738,-45.8354,836.36,245.70,300.396,-0.0117,0.0137,-0.05294,0.06220,145632.9902,145632.9557,1.9297,0.5225,-0.06177,0.06218,0.549,1,1,0.4360,NaN,NaN,135.80,4366.38,1139.75,0.109572,629,143.8,291947,350.74,-1.2648,-1.4821,301.93,-0.1580,0.1160,0,NaN,0,90.2
FIT,main60v2,300,0,60,30600429,win,14314,-2.9179,-45.0851,-1.3017,-41.7618,1255.33,572.84,300.423,-0.0075,0.0263,-0.03388,0.11935,27359.5707,27359.7923,-0.6860,0.1207,-0.03698,0.12166,1.219,1,1,0.4221,NaN,NaN,1214.40,1390.24,1106.81,0.479679,587,93.4,291947,350.74,-1.2649,-1.4452,302.59,-0.3034,-0.2264,0,NaN,0,75.2
FIT,main60v2,300,0,60,30700432,all,46465,-2.6169,-45.0628,-2.3208,-45.1064,988.67,245.31,299.013,0.0142,0.0019,0.06492,0.00877,144790.5482,144790.2881,4.1115,3.1678,0.05979,0.00651,0.552,1,1,0.2702,NaN,NaN,135.17,4351.19,1125.94,0,675,167.0,293815,350.74,-1.2593,-1.4885,300.32,-0.1095,-0.0159,0,NaN,0,97.8
FIT,main60v2,300,0,60,30700432,win,14256,-2.3825,-45.1862,52.5264,-55.7324,2620.90,716.21,299.217,0.0018,0.0060,0.00832,0.02744,27251.4167,27250.6729,-2.9710,0.4213,-0.00217,0.00934,1.202,1,1,0.4215,NaN,NaN,1347.73,1440.32,1112.34,0.20263,607,163.2,293815,304.04,0.0119,-0.8485,301.79,-0.0699,-0.0341,0,NaN,0,68.2
FIT,main60v2,300,30,60,30801545,all,44691,37.1521,-45.0220,47.5939,1.6021,247.17,654.65,301.020,9.0064,-0.0062,40.74935,-0.02787,137227.4282,137227.3352,8.5621,4.1109,40.82733,-0.00776,0.505,1,1,0.4399,301.07,0.271,300.19,0.90,1148.54,0.274246,811,273.1,296481,294.25,41.3689,-1.0138,299.99,40.7770,-0.0536,0,NaN,0,93.5
FIT,main60v2,300,30,60,30801545,win,13906,37.3528,-45.0745,36.9926,-41.9029,1333.75,247.17,299.991,8.9696,-0.0460,40.77248,-0.20920,26091.1248,26091.0151,-0.1286,0.0001,40.75904,-0.17146,1.101,1,1,0.2765,300.06,0.254,301.56,1.51,1095.07,0.706972,668,153.9,296481,268.32,46.1502,0.2760,301.76,40.3897,-0.3114,0,NaN,0,84.6
FIT,main60v2,300,0,60,31000441,all,46398,-2.4936,-45.0520,-3.0853,-10.4681,955.20,955.20,300.300,-0.0091,0.0007,-0.04142,0.00339,144482.1851,144482.2035,-0.8306,0.2728,-0.03380,0.00585,0.575,1,1,0.5111,300.32,0.068,302.16,1.26,1130.95,0.160941,805,247.8,293667,350.74,-1.2518,-1.4249,301.66,-0.1322,0.1477,0,NaN,0,38.1
FIT,main60v2,300,0,60,31000441,win,14223,-2.4074,-45.1221,0.8429,-39.2377,2375.41,1182.60,300.528,0.0155,-0.0129,0.07030,-0.05866,27148.1745,27148.7721,0.9362,0.2069,0.08946,-0.04638,1.163,1,1,0.5535,NaN,NaN,291.00,54.31,1117.2,0.230133,715,188.2,293667,304.04,-0.0302,-0.8411,300.22,-0.2939,-0.3384,0,NaN,0,30.5
FIT,main60v2,300,0,60,31400453,all,45984,-2.5648,-45.0489,-3.1998,-45.5549,914.22,242.67,299.545,0.0016,-0.0056,0.00712,-0.02563,142731.8137,142730.9401,0.6248,0.4910,0.00385,-0.04464,0.648,1,1,0.6745,NaN,NaN,134.94,4264.57,1113.03,0.247858,682,98.5,290498,350.74,-1.2568,-1.4443,300.86,-0.1187,-0.1156,0,NaN,0,46.5
FIT,v3test300,300,0,60,31400453,win,14031,-2.5085,-45.2144,NaN,NaN,NaN,302.54,300.894,0.0131,0.0068,0.05950,0.03098,26616.7356,26616.3691,-1.4444,0.5542,0.06986,0.04514,1.205,1,1,0.4757,NaN,NaN,NaN,NaN,1109.03,0.170692,19,203.5,290498,304.04,-0.0561,-0.7077,302.54,-0.3118,-0.2934,1,26616.7356,1,203.5
FIT,main60v2,300,30,60,30601539,all,43851,42.6994,-45.0117,48.2255,0.8853,247.96,247.96,299.733,9.0066,0.0206,40.98873,0.09383,133834.2655,133834.8690,0.9972,0.2592,40.98043,0.08598,0.523,1,1,0.4411,NaN,NaN,197.90,6478.65,1118.69,0.250367,597,92.6,291433,276.44,43.2258,-0.2704,300.16,40.8587,0.0317,0,NaN,0,78.9
FIT,main60v2,300,30,60,30601539,win,13423,37.1450,-44.9526,45.3189,-1.5989,664.06,664.06,299.617,8.9703,0.0215,40.84524,0.09798,24639.6197,24639.0527,-0.0511,0.1138,40.80900,0.08184,1.133,1,1,0.8250,299.66,0.359,298.61,0.96,1038.53,0.911452,685,153.2,291433,268.32,46.2135,0.4107,298.19,40.8450,0.0095,0,NaN,0,84.4
FIT,main60v2,300,0,60,30800435,all,46606,-2.7708,-45.0241,-2.5094,-45.1164,977.23,244.93,298.597,0.0033,-0.0030,0.01501,-0.01387,145295.5655,145295.1945,6.4906,6.1418,0.01782,-0.00649,0.562,1,1,0.8459,298.62,0.133,300.65,2.97,1121.78,0.206678,701,142.2,292874,350.74,-1.2907,-1.4859,300.08,-0.1703,-0.0149,0,NaN,0,49.0
FIT,v3test300,300,0,60,30800435,win,14413,-2.5999,-44.9949,NaN,NaN,NaN,301.88,299.675,0.0017,0.0082,0.00787,0.03742,27661.7052,27662.0053,-0.3791,0.0766,0.01482,0.04651,1.172,1,1,0.4813,NaN,NaN,NaN,NaN,1120.39,0.313974,19,203.5,292874,304.04,0.0312,-0.7824,301.88,-0.1078,0.1094,1,27661.7052,1,203.5
FIT,main60v2,300,30,60,30301530,all,44470,42.6017,-10.4385,45.4996,0.2490,272.13,272.13,301.058,9.0035,-0.0078,40.72901,-0.03541,136329.3871,136329.4538,7.2011,4.9617,40.76887,-0.03032,0.477,1,1,0.4003,301.05,0.308,301.09,2.27,1141.71,0.329138,738,166.2,295021,294.25,41.3500,-1.0043,300.67,40.6585,-0.0100,0,NaN,0,47.8
FIT,v3test300,300,30,60,30301530,win,13582,42.5766,-45.1347,NaN,NaN,NaN,304.55,301.154,9.0138,-0.0209,40.75788,-0.09469,25187.7036,25189.8556,3.4740,0.8321,40.92355,-0.08142,1.272,1,1,1.1994,NaN,NaN,NaN,NaN,1092.54,0.500025,19,210.6,295021,268.32,46.1713,0.3414,304.55,40.4060,-0.0723,1,25187.7036,1,210.6
FIT,main60v2,300,30,60,31201557,all,44096,42.5707,-44.9342,38.9409,-1.4060,636.69,245.62,301.108,9.0463,0.0107,40.91361,0.04823,134826.1100,134826.5557,5.6722,4.6106,40.98121,0.05403,0.519,1,1,0.3978,301.09,0.078,300.46,0.13,1137.51,0.147234,710,219.4,293630,276.44,43.1474,-0.3066,300.55,40.8927,-0.0075,0,NaN,0,36.0
FIT,main60v2,300,30,60,31201557,win,13685,42.9788,-45.1483,42.9863,-45.1561,997.96,245.62,301.325,9.0578,0.0401,40.92532,0.18096,25539.0853,25540.0878,3.5358,1.3489,41.02837,0.19639,1.148,1,1,0.6653,NaN,NaN,304.22,45.03,1117.34,0.319018,592,152.3,293630,294.25,41.6578,-1.1421,300.60,41.0738,-0.0867,0,NaN,0,29.6
FIT,main60v2,300,0,60,30900438,all,46114,-2.6223,-44.9449,-2.2176,-45.0829,966.08,244.55,300.223,0.0060,-0.0042,0.02726,-0.01926,143427.8996,143428.1957,1.0507,0.1898,0.02407,-0.00976,0.511,1,1,0.4471,NaN,NaN,135.27,4363.32,1126.6,0,703,149.5,289466,350.74,-1.2225,-1.4833,301.69,-0.1256,-0.1476,0,NaN,0,82.1
FIT,main60v2,300,0,60,30900438,win,14188,-2.5357,-45.0800,1.3576,-0.2800,562.82,562.82,300.268,0.0278,-0.0042,0.12632,-0.01897,27009.1053,27009.0940,-0.9557,0.0414,0.12093,-0.00717,1.322,1,1,0.4755,NaN,NaN,135.76,747.71,1106.37,0.312893,720,103.2,289466,304.04,0.0488,-0.7976,302.35,-0.2216,-0.4523,0,NaN,0,54.9
FIT,main60v2,300,30,60,31401563,all,44336,42.6416,-10.6176,43.8439,0.1924,275.18,275.18,300.650,9.0272,-0.0144,40.91209,-0.06520,135773.6056,135774.5817,1.3345,1.2793,40.97289,-0.06514,0.576,1,1,0.8905,300.59,0.064,300.79,0.39,1135.7,0.318403,683,250.3,294766,294.25,41.4351,-0.9908,300.71,40.9021,0.0240,0,NaN,0,76.1
FIT,main60v2,300,30,60,31401563,win,13862,36.9847,-45.3428,39.2133,0.4694,565.43,475.05,301.275,9.0267,-0.0218,40.79410,-0.09833,26010.8144,26009.8955,-0.7163,1.4066,40.89698,-0.08615,1.082,1,1,0.6928,301.27,0.181,304.91,0.88,1117.02,0.495362,748,168.2,294766,268.32,46.1695,0.2650,303.86,40.4368,-0.1637,0,NaN,0,70.3
FIT,main60v2,300,30,60,31101554,all,44628,37.1146,-44.9361,47.4327,2.6368,246.00,246.00,300.840,9.0426,0.0064,40.94640,0.02884,136978.4805,136977.8578,1.1085,2.2159,40.99249,0.03172,0.567,1,1,0.6413,NaN,NaN,201.31,6566.76,1145.69,0.300665,596,188.9,294625,276.44,43.1866,-0.2537,300.29,40.9364,-0.0485,0,NaN,0,72.8
FIT,main60v2,300,30,60,31101554,win,13657,37.3749,-45.1467,38.7698,-1.1819,446.99,446.99,301.182,9.0381,-0.0392,40.86272,-0.17711,25439.2922,25439.6784,0.9964,1.2577,41.01142,-0.18370,1.060,1,1,1.3673,301.14,0.468,302.11,1.86,1105.56,0.40996,698,182.2,294625,268.32,46.1770,0.3341,302.65,40.9318,-0.2764,0,NaN,0,37.2
FIT,main60v2,300,0,60,31200447,all,45869,-2.8196,-45.0633,-3.0600,-45.4270,934.22,183.58,301.223,-0.0036,0.0037,-0.01628,0.01665,142165.8931,142165.9983,4.6770,4.5442,-0.01312,0.02742,0.577,1,1,0.5765,301.28,0.093,302.44,0.30,1116.46,0.53518,710,346.4,290715,350.74,-1.2925,-1.4311,302.91,-0.1796,0.0535,0,NaN,0,43.1
FIT,v3test300,300,0,60,31200447,win,14141,-2.7495,-45.1606,NaN,NaN,NaN,306.03,301.746,0.0056,0.0165,0.02532,0.07423,26963.6573,26964.0550,2.6488,2.1643,0.03309,0.08428,1.196,1,1,0.4900,NaN,NaN,NaN,NaN,1133.67,0.0463391,19,253.2,290715,350.74,-1.2588,-1.4304,306.03,-0.3723,-0.1662,1,26963.6573,1,253.2
FIT,main60v2,300,0,60,31100444,all,46779,-2.8419,-44.9473,-2.9976,-10.6255,944.58,183.73,299.910,-0.0026,0.0145,-0.01168,0.06615,145907.7443,145907.4326,0.7653,0.0239,-0.01012,0.05931,0.582,1,1,0.4639,299.92,0.401,300.59,0.45,1128.16,0.573566,769,148.1,294718,350.74,-1.2505,-1.4565,300.51,-0.1844,0.1527,0,NaN,0,65.1
FIT,v3test300,300,0,60,31100444,win,14319,-2.7149,-44.9981,NaN,NaN,NaN,303.71,300.803,0.0028,0.0122,0.01253,0.05535,27317.5826,27318.0309,1.3713,0.4716,0.02848,0.07069,1.174,1,1,0.3899,NaN,NaN,NaN,NaN,1097.26,0.650002,19,117.0,294718,304.04,-0.0511,-0.7893,303.71,-0.1844,-0.2155,1,27317.5826,1,117.0
