preset,variant,E,order,A,K,floatPeak,adcRoundedFloatPeak,integerPeak,tPeakNs,oneOutputCodeKeV,intGain662RecoveredKeV
0,current,32,4,62132,26214,2.5134218,2.5061206,0.0000000,80,12.73165,0.00000
0,current,32.1,4,62132,26214,2.5212762,2.5061206,0.0000000,80,12.73165,0.00000
0,current,122,4,62132,26214,9.5824205,9.6105636,5.0000000,80,12.73165,70.42553
0,current,662,4,62132,26214,51.9964127,51.9715335,47.0000000,80,12.73165,662.00000
0,currentQ12,32,4,62132,26214,2.5134218,2.5061206,2.5051270,80,12.73165,31.91032
0,currentQ12,32.1,4,62132,26214,2.5212762,2.5061206,2.5051270,80,12.73165,31.91032
0,currentQ12,122,4,62132,26214,9.5824205,9.6105636,9.6093750,80,12.73165,122.40427
0,currentQ12,662,4,62132,26214,51.9964127,51.9715335,51.9704590,80,12.73165,662.00000
0,configured,32,4,62132,20972,2.2302700,2.2353124,2.2341309,104,14.34804,32.05424
0,configured,32.1,4,62132,20972,2.2372396,2.2353124,2.2341309,104,14.34804,32.05424
0,configured,122,4,62132,20972,8.5029045,8.5201692,8.5185547,104,14.34804,122.22013
0,configured,662,4,62132,20972,46.1387112,46.1415194,46.1403809,104,14.34804,662.00000
1,current,32,4,63918,26214,4.5811484,4.5923753,0.0000000,80,6.98515,0.00000
1,current,32.1,4,63918,26214,4.5954645,4.5923753,0.0000000,80,6.98515,0.00000
1,current,122,4,63918,26214,17.4656284,17.4599456,14.0000000,80,6.98515,102.97778
1,current,662,4,63918,26214,94.7725083,94.7814991,90.0000000,80,6.98515,662.00000
1,currentQ12,32,4,63918,26214,4.5811484,4.5923753,4.5910645,80,6.98515,32.06655
1,currentQ12,32.1,4,63918,26214,4.5954645,4.5923753,4.5910645,80,6.98515,32.06655
1,currentQ12,122,4,63918,26214,17.4656284,17.4599456,17.4587402,80,6.98515,121.94158
1,currentQ12,662,4,63918,26214,94.7725083,94.7814991,94.7805176,80,6.98515,662.00000
1,configured,32,4,63918,10486,2.6315668,2.6283792,2.6257324,200,12.16006,31.93041
1,configured,32.1,4,63918,10486,2.6397905,2.6367704,2.6345215,200,12.16006,32.03729
1,configured,122,4,63918,10486,10.0328486,10.0310107,10.0288086,200,12.16006,121.95604
1,configured,662,4,63918,10486,54.4405389,54.4407332,54.4382324,200,12.16006,662.00000
2,current,32,4,64884,26214,5.6998125,5.7204169,0.0000000,80,5.61422,0.00000
2,current,32.1,4,64884,26214,5.7176245,5.7204169,0.0000000,80,5.61422,0.00000
2,current,122,4,64884,26214,21.7305353,21.7429276,17.0000000,80,5.61422,98.71930
2,current,662,4,64884,26214,117.9148720,117.9343383,114.0000000,80,5.61422,662.00000
2,currentQ12,32,4,64884,26214,5.6998125,5.7204169,5.7192383,80,5.61422,32.10403
2,currentQ12,32.1,4,64884,26214,5.7176245,5.7204169,5.7192383,80,5.61422,32.10403
2,currentQ12,122,4,64884,26214,21.7305353,21.7429276,21.7419434,80,5.61422,122.04492
2,currentQ12,662,4,64884,26214,117.9148720,117.9343383,117.9333496,80,5.61422,662.00000
2,configured,32,4,64884,4194,1.5725113,1.5738092,1.5676270,448,20.34961,31.90499
2,configured,32.1,4,64884,4194,1.5774254,1.5756704,1.5695801,448,20.34961,31.94474
2,configured,122,4,64884,4194,5.9951994,5.9954328,5.9892578,448,20.34961,121.89585
2,configured,662,4,64884,4194,32.5313280,32.5323914,32.5268555,448,20.34961,662.00000
