preset,variant,E,mode,meanCodes,sdCodes,biasPct,R_equivPct,R_aboutMeanPct,nonpositivePct,gateMeanCodes,gateR_equivPct,batchRmin,batchRmax
0,current,32,electronics,2.273435,0.909711,-9.5482,85.2299,94.2269,0.800,2.853935,71.0866,84.2675,86.1846
0,current,32,full,2.274268,0.920208,-9.5151,86.2133,95.2792,0.733,2.849435,72.5061,85.9118,86.5756
0,current,122,electronics,9.024768,0.926127,-5.8195,22.7588,24.1651,0.000,9.285768,21.5022,22.6379,22.9579
0,current,122,full,9.026935,0.969103,-5.7969,23.8149,25.2804,0.000,9.290102,22.7748,23.6809,23.9463
0,current,662,electronics,51.266268,1.020944,-1.4042,4.6236,4.6895,0.000,51.338435,4.5173,4.5160,4.6773
0,current,662,full,51.269435,1.470347,-1.3981,6.6589,6.7533,0.000,51.344602,6.5603,6.6040,6.7314
0,currentQ12,32,electronics,2.524168,0.842416,0.4276,78.9251,78.5891,0.167,3.330414,53.6267,78.3596,79.2346
0,currentQ12,32,full,2.523149,0.856401,0.3870,80.2354,79.9261,0.217,3.330487,54.9453,79.8566,80.4484
0,currentQ12,122,electronics,9.593059,0.842750,0.1110,20.7099,20.6869,0.000,9.964985,17.6969,20.5556,20.8156
0,currentQ12,122,full,9.591868,0.901154,0.0986,22.1451,22.1233,0.000,9.964246,19.2977,22.0594,22.2174
0,currentQ12,662,electronics,52.006879,0.842732,0.0201,3.8165,3.8158,0.000,52.049660,3.7367,3.7891,3.8339
0,currentQ12,662,full,52.004386,1.327835,0.0153,6.0135,6.0125,0.000,52.047273,5.9631,5.9818,6.0505
0,configured,32,electronics,2.237335,0.559474,0.3168,59.0712,58.8847,0.017,2.646567,45.1624,58.2856,60.5094
0,configured,32,full,2.236683,0.575669,0.2875,60.7812,60.6069,0.017,2.646703,46.8599,60.0223,62.1451
0,configured,122,electronics,8.510044,0.559586,0.0840,15.4972,15.4842,0.000,8.666177,14.3197,15.2923,15.8722
0,configured,122,full,8.509130,0.627601,0.0732,17.3808,17.3681,0.000,8.665448,16.2595,17.1959,17.7051
0,configured,662,electronics,46.145606,0.559423,0.0149,2.8552,2.8547,0.000,46.155806,2.8414,2.8176,2.9238
0,configured,662,full,46.143560,1.069088,0.0105,5.4563,5.4558,0.000,46.153756,5.4486,5.4180,5.5133
1,current,32,electronics,4.249930,0.917944,-7.2300,47.1841,50.8614,0.000,4.674763,40.6262,46.8633,47.6700
1,current,32,full,4.242430,0.962725,-7.3938,49.4859,53.4369,0.000,4.670763,43.1502,48.8473,49.8087
1,current,122,electronics,16.816930,0.956219,-3.7141,12.8922,13.3895,0.000,17.004263,12.3755,12.7464,13.0845
1,current,122,full,16.823430,1.115736,-3.6769,15.0429,15.6171,0.000,17.012763,14.6032,14.9914,15.0893
1,current,662,electronics,93.951263,1.000450,-0.8665,2.4858,2.5075,0.000,93.959930,2.4785,2.4675,2.4967
1,current,662,full,93.936430,2.132750,-0.8822,5.2992,5.3464,0.000,93.945763,5.2936,5.2476,5.3442
1,currentQ12,32,electronics,4.592220,0.835525,0.2417,42.9476,42.8441,0.000,5.200865,32.2205,42.6543,43.1219
1,currentQ12,32,full,4.591513,0.880146,0.2263,45.2412,45.1391,0.000,5.200731,34.7732,45.1260,45.3684
1,currentQ12,122,electronics,17.476756,0.835768,0.0637,11.2682,11.2611,0.000,17.702058,10.2974,11.2027,11.3148
1,currentQ12,122,full,17.475458,1.018637,0.0563,13.7338,13.7260,0.000,17.700973,12.9209,13.6803,13.7892
1,currentQ12,662,electronics,94.783598,0.835627,0.0117,2.0763,2.0760,0.000,94.788910,2.0667,2.0632,2.0847
1,currentQ12,662,full,94.779286,2.047034,0.0072,5.0862,5.0859,0.000,94.784606,5.0827,5.0547,5.1205
1,configured,32,electronics,2.632860,0.180775,0.0491,16.1762,16.1683,0.000,2.660138,15.7306,16.0152,16.3413
1,configured,32,full,2.632453,0.238229,0.0337,21.3174,21.3102,0.000,2.659790,20.8988,21.1995,21.3816
1,configured,122,electronics,10.034065,0.180750,0.0121,4.2424,4.2419,0.000,10.039053,4.2281,4.1961,4.2887
1,configured,122,full,10.033302,0.376973,0.0045,8.8479,8.8475,0.000,10.038308,8.8372,8.8111,8.8712
1,configured,662,electronics,54.441810,0.180714,0.0023,0.7817,0.7817,0.000,54.441810,0.7817,0.7731,0.7902
1,configured,662,full,54.439268,1.084876,-0.0023,4.6926,4.6927,0.000,54.439268,4.6926,4.6715,4.7192
2,current,32,electronics,5.407875,0.908829,-5.1219,37.5470,39.5739,0.000,5.739708,33.7068,37.3390,37.8166
2,current,32,full,5.408875,0.963042,-5.1043,39.7868,41.9269,0.000,5.741208,35.8875,39.4777,39.9628
2,current,122,electronics,21.047542,0.947139,-3.1430,10.2635,10.5966,0.000,21.222042,9.9135,10.1008,10.3840
2,current,122,full,21.029875,1.197608,-3.2243,12.9777,13.4101,0.000,21.205542,12.7590,12.8473,13.2093
2,current,662,electronics,117.129875,0.945095,-0.6657,1.8874,1.9000,0.000,117.133375,1.8831,1.8766,1.9029
2,current,662,full,117.136875,2.470876,-0.6598,4.9344,4.9672,0.000,117.139875,4.9344,4.9000,4.9756
2,currentQ12,32,electronics,5.711280,0.837193,0.2012,34.5875,34.5180,0.000,6.252871,26.9368,34.3838,34.7128
2,currentQ12,32,full,5.710498,0.904633,0.1875,37.3737,37.3037,0.000,6.252832,30.0490,37.3039,37.4701
2,currentQ12,122,electronics,21.741887,0.837000,0.0522,9.0700,9.0653,0.000,21.923434,8.4535,9.0114,9.1035
2,currentQ12,122,full,21.739661,1.106539,0.0420,11.9909,11.9858,0.000,21.921358,11.5024,11.9253,12.0461
2,currentQ12,662,electronics,117.926420,0.837146,0.0098,1.6718,1.6716,0.000,117.928103,1.6684,1.6608,1.6784
2,currentQ12,662,full,117.920635,2.470315,0.0049,4.9333,4.9331,0.000,117.922267,4.9326,4.9037,4.9682
2,configured,32,electronics,1.571115,0.051397,-0.0888,7.6966,7.7034,0.000,1.572742,7.6916,7.6005,7.8046
2,configured,32,full,1.570860,0.107399,-0.1050,16.0827,16.0997,0.000,1.572497,16.0567,15.9043,16.2159
2,configured,122,electronics,5.993800,0.051411,-0.0233,2.0193,2.0198,0.000,5.994275,2.0197,1.9946,2.0475
2,configured,122,full,5.993320,0.205675,-0.0313,8.0785,8.0811,0.000,5.993795,8.0766,7.9968,8.1585
2,configured,662,electronics,32.529933,0.051383,-0.0043,0.3719,0.3720,0.000,32.529935,0.3719,0.3672,0.3771
2,configured,662,full,32.528370,0.642793,-0.0091,4.6529,4.6533,0.000,32.528372,4.6529,4.6194,4.6939
