dof,magnitude,bias_x_mm,bias_y_mm,bias_mm,rms_mm
offset_x,0.000,0.120,-0.460,0.476,0.712
offset_x,0.100,-0.366,-0.444,0.576,0.702
offset_x,0.200,-0.583,-0.457,0.741,0.787
offset_x,0.500,-1.095,-0.437,1.180,1.268
offset_x,1.000,-2.499,-0.425,2.534,2.539
offset_z,0.000,0.120,-0.460,0.476,0.712
offset_z,0.250,0.113,-0.473,0.487,0.719
offset_z,0.500,0.139,-0.447,0.468,0.718
offset_z,1.000,0.220,-0.418,0.473,0.697
offset_z,2.000,0.441,-0.415,0.605,0.719
roll_deg,0.000,0.120,-0.460,0.476,0.712
roll_deg,0.250,0.016,-0.457,0.457,0.714
roll_deg,0.500,0.068,-0.486,0.491,0.728
roll_deg,1.000,0.013,-0.535,0.535,0.743
roll_deg,2.000,0.016,-0.570,0.571,0.774
