x_mm,y_mm,value
-9.33,-9.33,-9.1906
-8.94,-9.33,-11.1876
-8.56,-9.33,-0.5126
-8.17,-9.33,-7.2489
-7.78,-9.33,-9.2499
-7.39,-9.33,-16.8367
-7.00,-9.33,-10.4981
-6.61,-9.33,-2.4195
-6.22,-9.33,-0.4222
-5.83,-9.33,-19.1543
-5.44,-9.33,-12.9293
-5.06,-9.33,-12.9293
-4.67,-9.33,-6.9015
-4.28,-9.33,-13.2401
-3.89,-9.33,-21.3744
-3.50,-9.33,-14.9971
-3.11,-9.33,-9.1335
-2.72,-9.33,-15.3586
-2.33,-9.33,-0.0301
-1.94,-9.33,-6.5324
-1.56,-9.33,-6.5324
-1.17,-9.33,-27.2149
-0.78,-9.33,3.8089
-0.39,-9.33,-4.1040
0.00,-9.33,-4.1040
0.39,-9.33,-17.4315
0.78,-9.33,-2.8678
1.17,-9.33,0.9873
1.56,-9.33,7.3647
1.94,-9.33,-12.9842
2.33,-9.33,5.0351
2.72,-9.33,2.9257
3.11,-9.33,2.9257
3.50,-9.33,3.2723
3.89,-9.33,7.4856
4.28,-9.33,-0.7335
4.67,-9.33,-0.7335
5.06,-9.33,-10.8398
5.44,-9.33,-2.5054
5.83,-9.33,-3.5355
6.22,-9.33,-3.5355
6.61,-9.33,-13.6733
7.00,-9.33,-5.4544
7.39,-9.33,-16.1293
7.78,-9.33,-13.4246
8.17,-9.33,-11.4237
8.56,-9.33,-10.8355
8.94,-9.33,-17.1741
9.33,-9.33,-9.1906
-9.33,-8.94,-5.1948
-8.94,-8.94,-2.2007
-8.56,-8.94,3.4556
-8.17,-8.94,-8.4435
-7.78,-8.94,-5.2423
-7.39,-8.94,-15.9001
-7.00,-8.94,-4.3775
-6.61,-8.94,3.7012
-6.22,-8.94,0.6761
-5.83,-8.94,-18.1873
-5.44,-8.94,-6.7994
-5.06,-8.94,-6.7994
-4.67,-8.94,2.1884
-4.28,-8.94,-9.3342
-3.89,-8.94,-22.7168
-3.50,-8.94,-11.3173
-3.11,-8.94,-2.3827
-2.72,-8.94,-13.7706
-2.33,-8.94,-3.6442
-1.94,-8.94,-13.1066
-1.56,-8.94,-13.1066
-1.17,-8.94,-48.8462
-0.78,-8.94,-22.8411
-0.39,-8.94,-33.8249
0.00,-8.94,-33.8249
0.39,-8.94,-47.1524
0.78,-8.94,-26.5578
1.17,-8.94,-12.4750
1.56,-8.94,-1.1065
1.94,-8.94,-21.4553
2.33,-8.94,4.7848
2.72,-8.94,7.8383
3.11,-8.94,7.8383
3.50,-8.94,5.1140
3.89,-8.94,9.5318
4.28,-8.94,1.3439
4.67,-8.94,1.3439
5.06,-8.94,-13.9125
5.44,-8.94,-5.5780
5.83,-8.94,-1.2951
6.22,-8.94,-1.2951
6.61,-8.94,-16.6812
7.00,-8.94,-8.4623
7.39,-8.94,-14.1185
7.78,-8.94,-9.3348
8.17,-8.94,-12.5359
8.56,-8.94,-11.9477
8.94,-8.94,-23.4703
9.33,-8.94,-5.1948
-9.33,-8.56,-11.1892
-8.94,-8.56,-3.0648
-8.56,-8.56,-7.7160
-8.17,-8.56,-24.7574
-7.78,-8.56,-19.5704
-7.39,-8.56,-25.0555
-7.00,-8.56,-3.2253
-6.61,-8.56,9.9738
-6.22,-8.56,1.8165
-5.83,-8.56,-1.6519
-5.44,-8.56,19.9956
-5.06,-8.56,19.9956
-4.67,-8.56,23.5536
-4.28,-8.56,1.7235
-3.89,-8.56,-6.4856
-3.50,-8.56,15.1765
-3.11,-8.56,18.9639
-2.72,-8.56,-2.6836
-2.33,-8.56,6.4498
-1.94,-8.56,7.5901
-1.56,-8.56,7.5901
-1.17,-8.56,-53.7408
-0.78,-8.56,-32.8894
-0.39,-8.56,-33.6385
0.00,-8.56,-33.6385
0.39,-8.56,-47.9590
0.78,-8.56,-48.3124
1.17,-8.56,-18.8347
1.56,-8.56,2.7945
1.94,-8.56,-22.7080
2.33,-8.56,-16.8775
2.72,-8.56,-8.6942
3.11,-8.56,-8.6942
3.50,-8.56,4.0807
3.89,-8.56,-12.0894
4.28,-8.56,-25.4067
4.67,-8.56,-25.4067
5.06,-8.56,-30.4880
5.44,-8.56,-17.0238
5.83,-8.56,-15.7993
6.22,-8.56,-15.7993
6.61,-8.56,-20.8385
7.00,-8.56,-7.4883
7.39,-8.56,-2.8371
7.78,-8.56,-3.1110
8.17,-8.56,-8.2980
8.56,-8.56,-2.4085
8.94,-8.56,-24.2386
9.33,-8.56,-11.1892
-9.33,-8.17,-17.5883
-8.94,-8.17,-14.6803
-8.56,-8.17,-14.2830
-8.17,-8.17,-12.6273
-7.78,-8.17,-16.1408
-7.39,-8.17,-18.4989
-7.00,-8.17,-10.4120
-6.61,-8.17,-5.2492
-6.22,-8.17,-8.2054
-5.83,-8.17,-11.6201
-5.44,-8.17,-3.3830
-5.06,-8.17,-3.3830
-4.67,-8.17,-2.1785
-4.28,-8.17,-10.2654
-3.89,-8.17,-13.3214
-3.50,-8.17,-5.0487
-3.11,-8.17,-1.4387
-2.72,-8.17,-9.6758
-2.33,-8.17,4.7381
-1.94,-8.17,13.6410
-1.56,-8.17,13.6410
-1.17,-8.17,0.4881
-0.78,-8.17,26.4272
-0.39,-8.17,34.0389
0.00,-8.17,34.0389
0.39,-8.17,23.1385
0.78,-8.17,6.4863
1.17,-8.17,17.6167
1.56,-8.17,25.8413
1.94,-8.17,0.2994
2.33,-8.17,-15.5165
2.72,-8.17,-12.4687
3.11,-8.17,-12.4687
3.50,-8.17,0.4213
3.89,-8.17,-16.2358
4.28,-8.17,-21.2729
4.67,-8.17,-21.2729
5.06,-8.17,-13.0687
5.44,-8.17,-7.8794
5.83,-8.17,-20.8433
6.22,-8.17,-20.8433
6.61,-8.17,-12.3706
7.00,-8.17,-7.2853
7.39,-8.17,-7.6826
7.78,-8.17,-18.1679
8.17,-8.17,-14.6544
8.56,-8.17,-4.0503
8.94,-8.17,-12.1371
9.33,-8.17,-17.5883
-9.33,-7.78,-11.1798
-8.94,-7.78,-9.3783
-8.56,-7.78,1.3933
-8.17,-7.78,0.8099
-7.78,-7.78,-4.9952
-7.39,-7.78,-11.6924
-7.00,-7.78,-5.5377
-6.61,-7.78,-1.3517
-6.22,-7.78,-3.4328
-5.83,-7.78,-22.4286
-5.44,-7.78,-16.1520
-5.06,-7.78,-16.1520
-4.67,-7.78,-10.4618
-4.28,-7.78,-16.6165
-3.89,-7.78,-24.8874
-3.50,-7.78,-18.5962
-3.11,-7.78,-11.7938
-2.72,-7.78,-18.0704
-2.33,-7.78,-2.5106
-1.94,-7.78,-2.4325
-1.56,-7.78,-2.4325
-1.17,-7.78,-14.6522
-0.78,-7.78,16.4741
-0.39,-7.78,15.6866
0.00,-7.78,15.6866
0.39,-7.78,5.9320
0.78,-7.78,6.7827
1.17,-7.78,14.9935
1.56,-7.78,21.0052
1.94,-7.78,0.6504
2.33,-7.78,3.6472
2.72,-7.78,5.7148
3.11,-7.78,5.7148
3.50,-7.78,8.9606
3.89,-7.78,4.6868
4.28,-7.78,0.8718
4.67,-7.78,0.8718
5.06,-7.78,-1.3375
5.44,-7.78,2.8715
5.83,-7.78,-8.1183
6.22,-7.78,-8.1183
6.61,-7.78,-10.0752
7.00,-7.78,-5.9807
7.39,-7.78,-16.7522
7.78,-7.78,-21.0236
8.17,-7.78,-15.2185
8.56,-7.78,-9.0268
8.94,-7.78,-15.1815
9.33,-7.78,-11.1798
-9.33,-7.39,-18.6435
-8.94,-7.39,-19.8477
-8.56,-7.39,-14.2543
-8.17,-7.39,-11.7394
-7.78,-7.39,-15.5972
-7.39,-7.39,-20.0988
-7.00,-7.39,-17.1429
-6.61,-7.39,-12.9568
-6.22,-7.39,-11.8099
-5.83,-7.39,-22.5748
-5.44,-7.39,-19.3965
-5.06,-7.39,-19.3965
-4.67,-7.39,-15.2996
-4.28,-7.39,-18.2555
-3.89,-7.39,-23.4529
-3.50,-7.39,-20.3898
-3.11,-7.39,-15.8500
-2.72,-7.39,-19.0284
-2.33,-7.39,-5.4158
-1.94,-7.39,-3.7445
-1.56,-7.39,-3.7445
-1.17,-7.39,-6.6845
-0.78,-7.39,19.2637
-0.39,-7.39,20.7389
0.00,-7.39,20.7389
0.39,-7.39,10.9842
0.78,-7.39,8.0461
1.17,-7.39,10.0122
1.56,-7.39,13.0181
1.94,-7.39,-7.3366
2.33,-7.39,-9.6552
2.72,-7.39,-10.6859
3.11,-7.39,-10.6859
3.50,-7.39,-5.2445
3.89,-7.39,-9.5458
4.28,-7.39,-13.5831
4.67,-7.39,-13.5831
5.06,-7.39,-12.7397
5.44,-7.39,-8.5307
5.83,-7.39,-18.1756
6.22,-7.39,-18.1756
6.61,-7.39,-17.0591
7.00,-7.39,-12.9646
7.39,-7.39,-18.5580
7.78,-7.39,-23.6195
8.17,-7.39,-19.7616
8.56,-7.39,-13.5699
8.94,-7.39,-16.5259
9.33,-7.39,-18.6435
-9.33,-7.00,-7.9627
-8.94,-7.00,-4.1089
-8.56,-7.00,-9.0503
-8.17,-7.00,-20.3403
-7.78,-7.00,-13.9169
-7.39,-7.00,-21.3813
-7.00,-7.00,-8.0964
-6.61,-7.00,1.2120
-6.22,-7.00,-2.9227
-5.83,-7.00,-8.3825
-5.44,-7.00,5.3867
-5.06,-7.00,5.3867
-4.67,-7.00,12.7107
-4.28,-7.00,-0.5741
-3.89,-7.00,-10.9853
-3.50,-7.00,2.4175
-3.11,-7.00,8.1556
-2.72,-7.00,-5.6136
-2.33,-7.00,2.8583
-1.94,-7.00,-1.6602
-1.56,-7.00,-1.6602
-1.17,-7.00,-40.5142
-0.78,-7.00,-19.8335
-0.39,-7.00,-24.7863
0.00,-7.00,-24.7863
0.39,-7.00,-39.6816
0.78,-7.00,-30.5043
1.17,-7.00,-13.1291
1.56,-7.00,-0.0071
1.94,-7.00,-25.6293
2.33,-7.00,-11.0603
2.72,-7.00,-6.7957
3.11,-7.00,-6.7957
3.50,-7.00,-2.1153
3.89,-7.00,-6.2339
4.28,-7.00,-15.2174
4.67,-7.00,-15.2174
5.06,-7.00,-24.8335
5.44,-7.00,-15.3290
5.83,-7.00,-11.8622
6.22,-7.00,-11.8622
6.61,-7.00,-21.1730
7.00,-7.00,-11.9087
7.39,-7.00,-6.9672
7.78,-7.00,-4.7833
8.17,-7.00,-11.2066
8.56,-7.00,-8.1098
8.94,-7.00,-21.3947
9.33,-7.00,-7.9627
-9.33,-6.61,-1.5575
-8.94,-6.61,2.2964
-8.56,-6.61,-7.8344
-8.17,-6.61,-27.4679
-7.78,-6.61,-15.8942
-7.39,-6.61,-23.3585
-7.00,-6.61,-5.0246
-6.61,-6.61,9.3373
-6.22,-6.61,5.0821
-5.83,-6.61,4.8116
-5.44,-6.61,23.7115
-5.06,-6.61,23.7115
-4.67,-6.61,31.1443
-4.28,-6.61,12.8104
-3.89,-6.61,2.3993
-3.50,-6.61,20.9905
-3.11,-6.61,24.8530
-2.72,-6.61,5.9531
-2.33,-6.61,14.4250
-1.94,-6.61,6.8071
-1.56,-6.61,6.8071
-1.17,-6.61,-52.4514
-0.78,-6.61,-31.7706
-0.39,-6.61,-39.9363
0.00,-6.61,-39.9363
0.39,-6.61,-59.9819
0.78,-6.61,-44.7146
1.17,-6.61,-22.2858
1.56,-6.61,-4.0960
1.94,-6.61,-34.9076
2.33,-6.61,-12.0375
2.72,-6.61,-7.7728
3.11,-6.61,-7.7728
3.50,-6.61,-1.0339
3.89,-6.61,-5.1115
4.28,-6.61,-19.1628
4.67,-6.61,-19.1628
5.06,-6.61,-33.8673
5.44,-6.61,-19.2320
5.83,-6.61,-7.6243
6.22,-6.61,-7.6243
6.61,-6.61,-22.0298
7.00,-6.61,-7.5770
7.39,-6.61,2.5537
7.78,-6.61,9.8261
8.17,-6.61,-1.7476
8.56,-6.61,-1.7501
8.94,-6.61,-20.0841
9.33,-6.61,-1.5575
-9.33,-6.22,-5.9846
-8.94,-6.22,-7.2067
-8.56,-6.22,-12.2187
-8.17,-6.22,-26.5087
-7.78,-6.22,-19.8888
-7.39,-6.22,-24.1304
-7.00,-6.22,-10.9969
-6.61,-6.22,3.2668
-6.22,-6.22,4.3121
-5.83,-6.22,4.1954
-5.44,-6.22,17.9180
-5.06,-6.22,17.9180
-4.67,-6.22,22.5629
-4.28,-6.22,9.4293
-3.89,-6.22,4.1433
-3.50,-6.22,17.3492
-3.11,-6.22,17.9312
-2.72,-6.22,4.2087
-2.33,-6.22,17.7586
-1.94,-6.22,13.0805
-1.56,-6.22,13.0805
-1.17,-6.22,-30.5151
-0.78,-6.22,-4.7656
-0.39,-6.22,-9.5282
0.00,-6.22,-9.5282
0.39,-6.22,-29.6979
0.78,-6.22,-20.7450
1.17,-6.22,-8.7486
1.56,-6.22,4.2805
1.94,-6.22,-26.4810
2.33,-6.22,-12.4092
2.72,-6.22,-13.3146
3.11,-6.22,-13.3146
3.50,-6.22,-3.2094
3.89,-6.22,-7.0486
4.28,-6.22,-21.1431
4.67,-6.22,-21.1431
5.06,-6.22,-30.4523
5.44,-6.22,-15.8244
5.83,-6.22,-9.5951
6.22,-6.22,-9.5951
6.61,-6.22,-18.9988
7.00,-6.22,-4.7275
7.39,-6.22,0.2846
7.78,-6.22,5.3987
8.17,-6.22,-1.2211
8.56,-6.22,-1.2339
8.94,-6.22,-14.3674
9.33,-6.22,-5.9846
-9.33,-5.83,-9.9302
-8.94,-5.83,-21.4022
-8.56,-5.83,-21.3294
-8.17,-5.83,-25.2675
-7.78,-5.83,-19.6242
-7.39,-5.83,-25.8545
-7.00,-5.83,-28.1195
-6.61,-5.83,-18.9764
-6.22,-5.83,-7.6586
-5.83,-5.83,-12.7913
-5.44,-5.83,-14.5379
-5.06,-5.83,-14.5379
-4.67,-5.83,-7.6489
-4.28,-5.83,-5.3839
-3.89,-5.83,-10.6744
-3.50,-5.83,-12.8714
-3.11,-5.83,-10.3237
-2.72,-5.83,-8.5770
-2.33,-5.83,4.9566
-1.94,-5.83,-7.1384
-1.56,-5.83,-7.1384
-1.17,-5.83,-9.9347
-0.78,-5.83,15.7459
-0.39,-5.83,3.9300
0.00,-5.83,3.9300
0.39,-5.83,-15.2468
0.78,-5.83,8.2844
1.17,-5.83,-5.1533
1.56,-5.83,-7.5046
1.94,-5.83,-33.1124
2.33,-5.83,-6.9686
2.72,-5.83,-18.2134
3.11,-5.83,-18.2134
3.50,-5.83,-20.4233
3.89,-5.83,-3.8953
4.28,-5.83,-12.8810
4.67,-5.83,-12.8810
5.06,-5.83,-27.2089
5.44,-5.83,-17.7108
5.83,-5.83,-7.4123
6.22,-5.83,-7.4123
6.61,-5.83,-21.9938
7.00,-5.83,-12.8539
7.39,-5.83,-12.9267
7.78,-5.83,-4.7299
8.17,-5.83,-10.3731
8.56,-5.83,-15.6872
8.94,-5.83,-13.4221
9.33,-5.83,-9.9302
-9.33,-5.44,-0.0676
-8.94,-5.44,-6.3232
-8.56,-5.44,-16.4259
-8.17,-5.44,-33.7092
-7.78,-5.44,-17.5050
-7.39,-5.44,-26.8622
-7.00,-5.44,-18.4826
-6.61,-5.44,-4.3508
-6.22,-5.44,1.9344
-5.83,-5.44,1.8752
-5.44,-5.44,10.3996
-5.06,-5.44,10.3996
-4.67,-5.44,20.2579
-4.28,-5.44,11.8783
-3.89,-5.44,1.4346
-3.50,-5.44,9.4866
-3.11,-5.44,13.0805
-2.72,-5.44,4.5562
-2.33,-5.44,12.8092
-1.94,-5.44,-5.3819
-1.56,-5.44,-5.3819
-1.17,-5.44,-43.9903
-0.78,-5.44,-23.3975
-0.39,-5.44,-41.3616
0.00,-5.44,-41.3616
0.39,-5.44,-65.8190
0.78,-5.44,-29.9377
1.17,-5.44,-28.0760
1.56,-5.44,-19.9944
1.94,-5.44,-50.6900
2.33,-5.44,-8.1938
2.72,-5.44,-14.3030
3.11,-5.44,-14.3030
3.50,-5.44,-17.4445
3.89,-5.44,-0.5874
4.28,-5.44,-14.8815
4.67,-5.44,-14.8815
5.06,-5.44,-39.4136
5.44,-5.44,-24.7800
5.83,-5.44,-0.7146
6.22,-5.44,-0.7146
6.61,-5.44,-25.6024
7.00,-5.44,-11.3380
7.39,-5.44,-1.2353
7.78,-5.44,14.0916
8.17,-5.44,-2.1127
8.56,-5.44,-10.4748
8.94,-5.44,-18.8544
9.33,-5.44,-0.0676
-9.33,-5.06,-0.0676
-8.94,-5.06,-6.3232
-8.56,-5.06,-16.4259
-8.17,-5.06,-33.7092
-7.78,-5.06,-17.5050
-7.39,-5.06,-26.8622
-7.00,-5.06,-18.4826
-6.61,-5.06,-4.3508
-6.22,-5.06,1.9344
-5.83,-5.06,1.8752
-5.44,-5.06,10.3996
-5.06,-5.06,10.3996
-4.67,-5.06,20.2579
-4.28,-5.06,11.8783
-3.89,-5.06,1.4346
-3.50,-5.06,9.4866
-3.11,-5.06,13.0805
-2.72,-5.06,4.5562
-2.33,-5.06,12.8092
-1.94,-5.06,-5.3819
-1.56,-5.06,-5.3819
-1.17,-5.06,-43.9903
-0.78,-5.06,-23.3975
-0.39,-5.06,-41.3616
0.00,-5.06,-41.3616
0.39,-5.06,-65.8190
0.78,-5.06,-29.9377
1.17,-5.06,-28.0760
1.56,-5.06,-19.9944
1.94,-5.06,-50.6900
2.33,-5.06,-8.1938
2.72,-5.06,-14.3030
3.11,-5.06,-14.3030
3.50,-5.06,-17.4445
3.89,-5.06,-0.5874
4.28,-5.06,-14.8815
4.67,-5.06,-14.8815
5.06,-5.06,-39.4136
5.44,-5.06,-24.7800
5.83,-5.06,-0.7146
6.22,-5.06,-0.7146
6.61,-5.06,-25.6024
7.00,-5.06,-11.3380
7.39,-5.06,-1.2353
7.78,-5.06,14.0916
8.17,-5.06,-2.1127
8.56,-5.06,-10.4748
8.94,-5.06,-18.8544
9.33,-5.06,-0.0676
-9.33,-4.67,6.0901
-8.94,-4.67,2.8588
-8.56,-4.67,-2.4116
-8.17,-4.67,-21.8373
-7.78,-4.67,-7.3323
-7.39,-4.67,-18.2255
-7.00,-4.67,-6.8996
-6.61,-4.67,7.2151
-6.22,-4.67,10.5468
-5.83,-4.67,2.5366
-5.44,-4.67,13.8656
-5.06,-4.67,13.8656
-4.67,-4.67,27.1378
-4.28,-4.67,15.8119
-3.89,-4.67,2.3084
-3.50,-4.67,13.3325
-3.11,-4.67,17.7986
-2.72,-4.67,6.4696
-2.33,-4.67,16.5459
-1.94,-4.67,-4.3996
-1.56,-4.67,-4.3996
-1.17,-4.67,-52.0212
-0.78,-4.67,-26.4232
-0.39,-4.67,-45.3255
0.00,-4.67,-45.3255
0.39,-4.67,-69.9068
0.78,-4.67,-30.3948
1.17,-4.67,-22.4488
1.56,-4.67,-11.3243
1.94,-4.67,-42.1928
2.33,-4.67,4.4262
2.72,-4.67,1.2685
3.11,-4.67,1.2685
3.50,-4.67,-2.8757
3.89,-4.67,14.0159
4.28,-4.67,-0.2209
4.67,-4.67,-0.2209
5.06,-4.67,-27.9377
5.44,-4.67,-13.4509
5.83,-4.67,7.6179
6.22,-4.67,7.6179
6.61,-4.67,-20.3162
7.00,-4.67,-6.1797
7.39,-4.67,-0.9093
7.78,-4.67,16.0019
8.17,-4.67,1.4968
8.56,-4.67,-7.4458
8.94,-4.67,-18.7718
9.33,-4.67,6.0901
-9.33,-4.28,-4.5907
-8.94,-4.28,-12.8800
-8.56,-4.28,-7.6156
-8.17,-4.28,-13.2364
-7.78,-4.28,-9.0126
-7.39,-4.28,-16.9430
-7.00,-4.28,-15.9460
-6.61,-4.28,-6.9537
-6.22,-4.28,1.6596
-5.83,-4.28,-11.6557
-5.44,-4.28,-10.9175
-5.06,-4.28,-10.9175
-4.67,-4.28,-0.8725
-4.28,-4.28,-1.8694
-3.89,-4.28,-10.1593
-3.50,-4.28,-9.4749
-3.11,-4.28,-6.2070
-2.72,-4.28,-6.9452
-2.33,-4.28,8.2717
-1.94,-4.28,-6.4839
-1.56,-4.28,-6.4839
-1.17,-4.28,-18.1915
-0.78,-4.28,12.6740
-0.39,-4.28,0.1997
0.00,-4.28,0.1997
0.39,-4.28,-19.2411
0.78,-4.28,8.1555
1.17,-4.28,0.6924
1.56,-4.28,1.7009
1.94,-4.28,-23.9001
2.33,-4.28,5.8314
2.72,-4.28,-2.6218
3.11,-4.28,-2.6218
3.50,-4.28,-6.0049
3.89,-4.28,10.7041
4.28,-4.28,1.4134
4.67,-4.28,1.4134
5.06,-4.28,-15.8439
5.44,-4.28,-6.6526
5.83,-4.28,1.3044
6.22,-4.28,1.3044
6.61,-4.28,-16.2023
7.00,-4.28,-7.2357
7.39,-4.28,-12.5001
7.78,-4.28,-2.8343
8.17,-4.28,-7.0582
8.56,-4.28,-12.9060
8.94,-4.28,-13.9029
9.33,-4.28,-4.5907
-9.33,-3.89,-14.8594
-8.94,-3.89,-28.2058
-8.56,-3.89,-28.1247
-8.17,-3.89,-28.5745
-7.78,-3.89,-23.3142
-7.39,-3.89,-28.1766
-7.00,-3.89,-32.3226
-6.61,-3.89,-23.3303
-6.22,-3.89,-9.6035
-5.83,-3.89,-12.5953
-5.44,-3.89,-17.0282
-5.06,-3.89,-17.0282
-4.67,-3.89,-10.0483
-4.28,-3.89,-5.9023
-3.89,-3.89,-9.0117
-3.50,-3.89,-13.4407
-3.11,-3.89,-13.2981
-2.72,-3.89,-8.8652
-2.33,-3.89,5.3153
-1.94,-3.89,-6.3751
-1.56,-3.89,-6.3751
-1.17,-3.89,-2.7738
-0.78,-3.89,22.9084
-0.39,-3.89,13.5595
0.00,-3.89,13.5595
0.39,-3.89,-5.8813
0.78,-3.89,15.3820
1.17,-3.89,-2.3625
1.56,-3.89,-6.4111
1.94,-3.89,-32.0121
2.33,-3.89,-10.5462
2.72,-3.89,-24.1704
3.11,-3.89,-24.1704
3.50,-3.89,-24.4854
3.89,-3.89,-7.8186
4.28,-3.89,-17.1656
4.67,-3.89,-17.1656
5.06,-3.89,-29.2826
5.44,-3.89,-20.0913
5.83,-3.89,-11.1007
6.22,-3.89,-11.1007
6.61,-3.89,-23.4270
7.00,-3.89,-14.4603
7.39,-3.89,-14.5415
7.78,-3.89,-6.8907
8.17,-3.89,-12.1510
8.56,-3.89,-17.9987
8.94,-3.89,-13.8527
9.33,-3.89,-14.8594
-9.33,-3.50,-4.0924
-8.94,-3.50,-12.3629
-8.56,-3.50,-22.4191
-8.17,-3.50,-36.4462
-7.78,-3.50,-21.0300
-7.39,-3.50,-29.1151
-7.00,-3.50,-22.8767
-6.61,-3.50,-8.7424
-6.22,-3.50,-0.3473
-5.83,-3.50,1.5258
-5.44,-3.50,7.4331
-5.06,-3.50,7.4331
-4.67,-3.50,17.0900
-4.28,-3.50,10.8515
-3.89,-3.50,2.6171
-3.50,-3.50,8.5957
-3.11,-3.50,9.9397
-2.72,-3.50,4.0323
-2.33,-3.50,13.1349
-1.94,-3.50,-4.4552
-1.56,-3.50,-4.4552
-1.17,-3.50,-36.8223
-0.78,-3.50,-16.2088
-0.39,-3.50,-32.0318
0.00,-3.50,-32.0318
0.39,-3.50,-56.5505
0.78,-3.50,-22.9420
1.17,-3.50,-25.2103
1.56,-3.50,-19.1071
1.94,-3.50,-49.7769
2.33,-3.50,-11.2917
2.72,-3.50,-19.7458
3.11,-3.50,-19.7458
3.50,-3.50,-21.3141
3.89,-3.50,-4.6811
4.28,-3.50,-18.9761
4.67,-3.50,-18.9761
5.06,-3.50,-41.6383
5.44,-3.50,-27.2769
5.83,-3.50,-4.6349
6.22,-3.50,-4.6349
6.61,-3.50,-27.2112
7.00,-3.50,-13.0408
7.39,-3.50,-2.9845
7.78,-3.50,11.9744
8.17,-3.50,-3.4418
8.56,-3.50,-12.2394
8.94,-3.50,-18.4778
9.33,-3.50,-4.0924
-9.33,-3.11,3.4441
-8.94,-3.11,-1.8546
-8.56,-3.11,-6.8792
-8.17,-3.11,-21.0068
-7.78,-3.11,-8.3025
-7.39,-3.11,-18.6699
-7.00,-3.11,-11.3253
-6.61,-3.11,0.9086
-6.22,-3.11,6.0152
-5.83,-3.11,-0.2247
-5.44,-3.11,6.7520
-5.06,-3.11,6.7520
-4.67,-3.11,17.4580
-4.28,-3.11,10.1133
-3.89,-3.11,-1.3269
-3.50,-3.11,5.7924
-3.11,-3.11,10.4552
-2.72,-3.11,3.4785
-2.33,-3.11,14.4416
-1.94,-3.11,-3.2958
-1.56,-3.11,-3.2958
-1.17,-3.11,-36.8118
-0.78,-3.11,-11.0712
-0.39,-3.11,-28.1379
0.00,-3.11,-28.1379
0.39,-3.11,-51.8053
0.78,-3.11,-16.6691
1.17,-3.11,-14.6915
1.56,-3.11,-7.7642
1.94,-3.11,-38.5294
2.33,-3.11,2.2059
2.72,-3.11,-3.1088
3.11,-3.11,-3.1088
3.50,-3.11,-8.0499
3.89,-3.11,8.6783
4.28,-3.11,-3.3003
4.67,-3.11,-3.3003
5.06,-3.11,-26.9688
5.44,-3.11,-14.6774
5.83,-3.11,4.9667
6.22,-3.11,4.9667
6.61,-3.11,-18.8523
7.00,-3.11,-6.6816
7.39,-3.11,-1.6570
7.78,-3.11,12.0956
8.17,-3.11,-0.6086
8.56,-3.11,-7.8870
8.94,-3.11,-15.2316
9.33,-3.11,3.4441
-9.33,-2.72,-6.4185
-8.94,-2.72,-16.9336
-8.56,-2.72,-11.7826
-8.17,-2.72,-12.5651
-7.78,-2.72,-10.4218
-7.39,-2.72,-17.6622
-7.00,-2.72,-20.9622
-6.61,-2.72,-13.7169
-6.22,-2.72,-3.5778
-5.83,-2.72,-14.8912
-5.44,-2.72,-18.1855
-5.06,-2.72,-18.1855
-4.67,-2.72,-10.4488
-4.28,-2.72,-7.1489
-3.89,-2.72,-13.4359
-3.50,-2.72,-16.5656
-3.11,-2.72,-12.9490
-2.72,-2.72,-9.6547
-2.33,-2.72,6.5889
-1.94,-2.72,-5.0523
-1.56,-2.72,-5.0523
-1.17,-2.72,-2.7562
-0.78,-2.72,28.0722
-0.39,-2.72,17.1537
0.00,-2.72,17.1537
0.39,-2.72,-1.2332
0.78,-2.72,21.5530
1.17,-2.72,8.2312
1.56,-2.72,4.7256
1.94,-2.72,-20.9518
2.33,-2.72,3.4310
2.72,-2.72,-7.0192
3.11,-2.72,-7.0192
3.50,-2.72,-11.0288
3.89,-2.72,5.3704
4.28,-2.72,-1.2998
4.67,-2.72,-1.2998
5.06,-2.72,-14.7641
5.44,-2.72,-7.6082
5.83,-2.72,-1.7309
6.22,-2.72,-1.7309
6.61,-2.72,-15.2437
7.00,-2.72,-8.1975
7.39,-2.72,-13.3485
7.78,-2.72,-6.7258
8.17,-2.72,-8.8691
8.56,-2.72,-13.0994
8.94,-2.72,-9.7994
9.33,-2.72,-6.4185
-9.33,-2.33,3.9955
-8.94,-2.33,-5.4131
-8.56,-2.33,-5.4493
-8.17,-2.33,-7.2120
-7.78,-2.33,-3.9229
-7.39,-2.33,-6.8243
-7.00,-2.33,-9.1582
-6.61,-2.33,-1.9129
-6.22,-2.33,7.2355
-5.83,-2.33,6.3159
-5.44,-2.33,4.0019
-5.06,-2.33,4.0019
-4.67,-2.33,7.3262
-4.28,-2.33,9.6601
-3.89,-2.33,8.5879
-3.50,-2.33,6.4490
-3.11,-2.33,5.8660
-2.72,-2.33,8.1800
-2.33,-2.33,23.2778
-1.94,-2.33,16.0490
-1.56,-2.33,16.0490
-1.17,-2.33,15.2710
-0.78,-2.33,40.9123
-0.39,-2.33,34.1934
0.00,-2.33,34.1934
0.39,-2.33,15.8065
0.78,-2.33,29.8412
1.17,-2.33,18.4623
1.56,-2.33,16.0631
1.94,-2.33,-9.6143
2.33,-2.33,5.3622
2.72,-2.33,-4.1078
3.11,-2.33,-4.1078
3.50,-2.33,-3.7783
3.89,-2.33,6.4293
4.28,-2.33,-0.3566
4.67,-2.33,-0.3566
5.06,-2.33,-8.6142
5.44,-2.33,-1.4583
5.83,-2.33,5.6381
6.22,-2.33,5.6381
6.61,-2.33,-2.6598
7.00,-2.33,4.3864
7.39,-2.33,4.4226
7.78,-2.33,10.0380
8.17,-2.33,6.7490
8.56,-2.33,2.5187
8.94,-2.33,4.8526
9.33,-2.33,3.9955
-9.33,-1.94,1.6820
-8.94,-1.94,-10.7510
-8.56,-1.94,-20.7975
-8.17,-1.94,-15.0570
-7.78,-1.94,-8.1214
-7.39,-1.94,-9.4867
-7.00,-1.94,-17.9658
-6.61,-1.94,-13.7493
-6.22,-1.94,-1.4250
-5.83,-1.94,10.7845
-5.44,-1.94,2.5675
-5.06,-1.94,2.5675
-4.67,-1.94,3.0803
-4.28,-1.94,11.5594
-3.89,-1.94,13.5470
-3.50,-1.94,5.2079
-3.11,-1.94,4.5429
-2.72,-1.94,12.7598
-2.33,-1.94,26.0344
-1.94,-1.94,23.1531
-1.56,-1.94,23.1531
-1.17,-1.94,43.7415
-0.78,-1.94,64.3776
-0.39,-1.94,60.8595
0.00,-1.94,60.8595
0.39,-1.94,40.6493
0.78,-1.94,47.2644
1.17,-1.94,26.7553
1.56,-1.94,18.3075
1.94,-1.94,-12.3752
2.33,-1.94,-6.8368
2.72,-1.94,-19.2582
3.11,-1.94,-19.2582
3.50,-1.94,-18.9292
3.89,-1.94,-8.7838
4.28,-1.94,-12.6211
4.67,-1.94,-12.6211
5.06,-1.94,-14.6413
5.44,-1.94,-10.4369
5.83,-1.94,-0.5923
6.22,-1.94,-0.5923
6.61,-1.94,-2.7705
7.00,-1.94,1.1756
7.39,-1.94,11.2221
7.78,-1.94,12.2006
8.17,-1.94,5.2650
8.56,-1.94,3.2085
8.94,-1.94,11.6876
9.33,-1.94,1.6820
-9.33,-1.56,1.6820
-8.94,-1.56,-10.7510
-8.56,-1.56,-20.7975
-8.17,-1.56,-15.0570
-7.78,-1.56,-8.1214
-7.39,-1.56,-9.4867
-7.00,-1.56,-17.9658
-6.61,-1.56,-13.7493
-6.22,-1.56,-1.4250
-5.83,-1.56,10.7845
-5.44,-1.56,2.5675
-5.06,-1.56,2.5675
-4.67,-1.56,3.0803
-4.28,-1.56,11.5594
-3.89,-1.56,13.5470
-3.50,-1.56,5.2079
-3.11,-1.56,4.5429
-2.72,-1.56,12.7598
-2.33,-1.56,26.0344
-1.94,-1.56,23.1531
-1.56,-1.56,23.1531
-1.17,-1.56,43.7415
-0.78,-1.56,64.3776
-0.39,-1.56,60.8595
0.00,-1.56,60.8595
0.39,-1.56,40.6493
0.78,-1.56,47.2644
1.17,-1.56,26.7553
1.56,-1.56,18.3075
1.94,-1.56,-12.3752
2.33,-1.56,-6.8368
2.72,-1.56,-19.2582
3.11,-1.56,-19.2582
3.50,-1.56,-18.9292
3.89,-1.56,-8.7838
4.28,-1.56,-12.6211
4.67,-1.56,-12.6211
5.06,-1.56,-14.6413
5.44,-1.56,-10.4369
5.83,-1.56,-0.5923
6.22,-1.56,-0.5923
6.61,-1.56,-2.7705
7.00,-1.56,1.1756
7.39,-1.56,11.2221
7.78,-1.56,12.2006
8.17,-1.56,5.2650
8.56,-1.56,3.2085
8.94,-1.56,11.6876
9.33,-1.56,1.6820
-9.33,-1.17,-25.7287
-8.94,-1.17,-53.2965
-8.56,-1.17,-37.9728
-8.17,-1.17,16.5120
-7.78,-1.17,-6.3769
-7.39,-1.17,1.5420
-7.00,-1.17,-42.9305
-6.61,-1.17,-59.0918
-6.22,-1.17,-31.0170
-5.83,-1.17,-28.6668
-5.44,-1.17,-72.9820
-5.06,-1.17,-72.9820
-4.67,-1.17,-81.2006
-4.28,-1.17,-36.7281
-3.89,-1.17,-19.2724
-3.50,-1.17,-63.5540
-3.11,-1.17,-65.7346
-2.72,-1.17,-21.4193
-2.33,-1.17,7.2856
-1.94,-1.17,25.4881
-1.56,-1.17,25.4881
-1.17,-1.17,173.6113
-0.78,-1.17,209.5241
-0.39,-1.17,228.1727
0.00,-1.17,228.1727
0.39,-1.17,222.3566
0.78,-1.17,186.2515
1.17,-1.17,114.7000
1.56,-1.17,70.9254
1.94,-1.17,50.3362
2.33,-1.17,-2.4544
2.72,-1.17,-30.3394
3.11,-1.17,-30.3394
3.50,-1.17,-28.9421
3.89,-1.17,-19.2961
4.28,-1.17,-3.2211
4.67,-1.17,-3.2211
5.06,-1.17,30.9209
5.44,-1.17,14.4907
5.83,-1.17,-18.1164
6.22,-1.17,-18.1164
6.61,-1.17,15.8219
7.00,-1.17,-0.7600
7.39,-1.17,-16.0837
7.78,-1.17,-41.7467
8.17,-1.17,-18.8578
8.56,-1.17,-8.8399
8.94,-1.17,35.6327
9.33,-1.17,-25.7287
-9.33,-0.78,-0.9212
-8.94,-0.78,-23.3587
-8.56,-0.78,-13.1887
-8.17,-0.78,36.1663
-7.78,-0.78,14.2703
-7.39,-0.78,27.3620
-7.00,-0.78,-11.9569
-6.61,-0.78,-28.1182
-6.22,-0.78,-5.1747
-5.83,-0.78,7.4168
-5.44,-0.78,-31.7686
-5.06,-0.78,-31.7686
-4.67,-0.78,-45.2885
-4.28,-0.78,-5.9697
-3.89,-0.78,16.6593
-3.50,-0.78,-22.4909
-3.11,-0.78,-29.7888
-2.72,-0.78,9.3966
-2.33,-0.78,37.1086
-1.94,-0.78,60.6124
-1.56,-0.78,60.6124
-1.17,-0.78,193.3533
-0.78,-0.78,224.1124
-0.39,-0.78,247.8783
0.00,-0.78,247.8783
0.39,-0.78,242.0622
0.78,-0.78,195.4830
1.17,-0.78,134.2058
1.56,-0.78,95.5616
1.94,-0.78,74.9725
2.33,-0.78,11.9771
2.72,-0.78,-10.7781
3.11,-0.78,-10.7781
3.50,-0.78,-4.2081
3.89,-0.78,-4.8560
4.28,-0.78,11.2199
4.67,-0.78,11.2199
5.06,-0.78,50.4494
5.44,-0.78,34.0192
5.83,-0.78,2.5335
6.22,-0.78,2.5335
6.61,-0.78,41.6452
7.00,-0.78,25.0634
7.39,-0.78,14.8934
7.78,-0.78,-10.7398
8.17,-0.78,11.1562
8.56,-0.78,21.1742
8.94,-0.78,60.4930
9.33,-0.78,-0.9212
-9.33,-0.39,-4.7669
-8.94,-0.39,-30.1761
-8.56,-0.39,-30.2604
-8.17,-0.39,27.5860
-7.78,-0.39,9.4111
-7.39,-0.39,24.7850
-7.00,-0.39,-20.7311
-6.61,-0.39,-39.9401
-6.22,-0.39,-13.6876
-5.83,-0.39,12.2395
-5.44,-0.39,-33.2247
-5.06,-0.39,-33.2247
-4.67,-0.39,-47.7954
-4.28,-0.39,-2.2793
-3.89,-0.39,23.5555
-3.50,-0.39,-21.8757
-3.11,-0.39,-30.5174
-2.72,-0.39,14.9468
-2.33,-0.39,40.7983
-1.94,-0.39,67.6350
-1.56,-0.39,67.6350
-1.17,-0.39,221.9018
-0.78,-0.39,247.5337
-0.39,-0.39,275.7248
0.00,-0.39,275.7248
0.39,-0.39,268.0482
0.78,-0.39,213.5715
1.17,-0.39,143.1002
1.56,-0.39,98.5123
1.94,-0.39,72.7961
2.33,-0.39,-0.7872
2.72,-0.39,-26.6818
3.11,-0.39,-26.6818
3.50,-0.39,-18.6459
3.89,-0.39,-19.6098
4.28,-0.39,-0.7307
4.67,-0.39,-0.7307
5.06,-0.39,44.6614
5.44,-0.39,25.0918
5.83,-0.39,-5.5708
6.22,-0.39,-5.5708
6.61,-0.39,39.9524
7.00,-0.39,20.2300
7.39,-0.39,20.3143
7.78,-0.39,-9.2689
8.17,-0.39,8.9059
8.56,-0.39,20.5904
8.94,-0.39,66.1066
9.33,-0.39,-4.7669
-9.33,0.00,-4.7669
-8.94,0.00,-30.1761
-8.56,0.00,-30.2604
-8.17,0.00,27.5860
-7.78,0.00,9.4111
-7.39,0.00,24.7850
-7.00,0.00,-20.7311
-6.61,0.00,-39.9401
-6.22,0.00,-13.6876
-5.83,0.00,12.2395
-5.44,0.00,-33.2247
-5.06,0.00,-33.2247
-4.67,0.00,-47.7954
-4.28,0.00,-2.2793
-3.89,0.00,23.5555
-3.50,0.00,-21.8757
-3.11,0.00,-30.5174
-2.72,0.00,14.9468
-2.33,0.00,40.7983
-1.94,0.00,67.6350
-1.56,0.00,67.6350
-1.17,0.00,221.9018
-0.78,0.00,247.5337
-0.39,0.00,275.7248
0.00,0.00,275.7248
0.39,0.00,268.0482
0.78,0.00,213.5715
1.17,0.00,143.1002
1.56,0.00,98.5123
1.94,0.00,72.7961
2.33,0.00,-0.7872
2.72,0.00,-26.6818
3.11,0.00,-26.6818
3.50,0.00,-18.6459
3.89,0.00,-19.6098
4.28,0.00,-0.7307
4.67,0.00,-0.7307
5.06,0.00,44.6614
5.44,0.00,25.0918
5.83,0.00,-5.5708
6.22,0.00,-5.5708
6.61,0.00,39.9524
7.00,0.00,20.2300
7.39,0.00,20.3143
7.78,0.00,-9.2689
8.17,0.00,8.9059
8.56,0.00,20.5904
8.94,0.00,66.1066
9.33,0.00,-4.7669
-9.33,0.39,-21.5893
-8.94,0.39,-46.9986
-8.56,0.39,-52.2701
-8.17,0.39,8.7957
-7.78,0.39,-8.2333
-7.39,0.39,7.1406
-7.00,0.39,-37.4095
-6.61,0.39,-55.6417
-6.22,0.39,-29.2735
-5.83,0.39,1.8407
-5.44,0.39,-42.6432
-5.06,0.39,-42.6432
-4.67,0.39,-57.2872
-4.28,0.39,-12.7371
-3.89,0.39,13.0977
-3.50,0.39,-31.3427
-3.11,0.39,-38.9773
-2.72,0.39,5.5066
-2.33,0.39,31.3582
-1.94,0.39,62.6073
-1.56,0.39,62.6073
-1.17,0.39,219.0148
-0.78,0.39,244.6468
-0.39,0.39,277.0375
0.00,0.39,277.0375
0.39,0.39,268.2150
0.78,0.39,204.9868
1.17,0.39,135.4924
1.56,0.39,92.0109
1.94,0.39,61.1075
2.33,0.39,-21.8821
2.72,0.39,-47.7767
3.11,0.39,-47.7767
3.50,0.39,-34.4357
3.89,0.39,-41.5913
4.28,0.39,-23.8186
4.67,0.39,-23.8186
5.06,0.39,26.7803
5.44,0.39,8.1909
5.83,0.39,-25.6649
6.22,0.39,-25.6649
6.61,0.39,25.0731
7.00,0.39,6.3415
7.39,0.39,11.6129
7.78,0.39,-23.1771
8.17,0.39,-6.1480
8.56,0.39,9.9488
8.94,0.39,54.4989
9.33,0.39,-21.5893
-9.33,0.78,-15.6562
-8.94,0.78,-35.0355
-8.56,0.78,-19.9403
-8.17,0.78,25.1630
-7.78,0.78,0.5930
-7.39,0.78,12.2352
-7.00,0.78,-19.7721
-6.61,0.78,-31.9296
-6.22,0.78,-12.1877
-5.83,0.78,-7.6115
-5.44,0.78,-39.9960
-5.06,0.78,-39.9960
-4.67,0.78,-50.8376
-4.28,0.78,-18.8303
-3.89,0.78,0.8712
-3.50,0.78,-30.9128
-3.11,0.78,-36.9929
-2.72,0.78,-4.6084
-2.33,0.78,25.0136
-1.94,0.78,48.7287
-1.56,0.78,48.7287
-1.17,0.78,162.1370
-0.78,0.78,197.9522
-0.39,0.78,222.6170
0.00,0.78,222.6170
0.39,0.78,217.5650
0.78,0.78,169.3342
1.17,0.78,118.2605
1.56,0.78,86.8392
1.94,0.78,66.1191
2.33,0.78,3.1983
2.72,0.78,-16.6465
3.11,0.78,-16.6465
3.50,0.78,-4.4975
3.89,0.78,-11.5359
4.28,0.78,0.5049
4.67,0.78,0.5049
5.06,0.78,38.7609
5.44,0.78,26.2213
5.83,0.78,-11.4792
6.22,0.78,-11.4792
6.61,0.78,26.9921
7.00,0.78,14.5888
7.39,0.78,-0.5064
7.78,0.78,-26.8165
8.17,0.78,-2.2465
8.56,0.78,10.0834
8.94,0.78,42.0907
9.33,0.78,-15.6562
-9.33,1.17,-1.2027
-8.94,1.17,-10.4560
-8.56,1.17,-11.0070
-8.17,1.17,15.3267
-7.78,1.17,6.1979
-7.39,1.17,11.8868
-7.00,1.17,-4.8580
-6.61,1.17,-11.9618
-6.22,1.17,-2.6988
-5.83,1.17,7.2054
-5.44,1.17,-9.6222
-5.06,1.17,-9.6222
-4.67,1.17,-14.1608
-4.28,1.17,2.5839
-3.89,1.17,11.9770
-3.50,1.17,-4.2602
-3.11,1.17,-5.7890
-2.72,1.17,11.0386
-2.33,1.17,30.3697
-1.94,1.17,44.7912
-1.56,1.17,44.7912
-1.17,1.17,107.1349
-0.78,1.17,132.4934
-0.39,1.17,147.5185
0.00,1.17,147.5185
0.39,1.17,137.3162
0.78,1.17,107.3229
1.17,1.17,81.6923
1.56,1.17,65.4646
1.94,1.17,39.5552
2.33,1.17,1.6805
2.72,1.17,-7.7382
3.11,1.17,-7.7382
3.50,1.17,0.5160
3.89,1.17,-6.3489
4.28,1.17,0.8564
4.67,1.17,0.8564
5.06,1.17,23.7060
5.44,1.17,16.2970
5.83,1.17,-3.2126
6.22,1.17,-3.2126
6.61,1.17,19.8558
7.00,1.17,12.6409
7.39,1.17,13.1918
7.78,1.17,-4.1387
8.17,1.17,4.9902
8.56,1.17,14.2207
8.94,1.17,30.9654
9.33,1.17,-1.2027
-9.33,1.56,9.1330
-8.94,1.56,4.8708
-8.56,1.56,-5.7176
-8.17,1.56,7.2196
-7.78,1.56,8.4950
-7.39,1.56,11.1130
-7.00,1.56,4.7363
-6.61,1.56,2.6762
-6.22,1.56,6.8857
-5.83,1.56,21.6773
-5.44,1.56,15.1753
-5.06,1.56,15.1753
-4.67,1.56,13.4859
-4.28,1.56,19.8626
-3.89,1.56,24.0075
-3.50,1.56,17.8147
-3.11,1.56,17.2778
-2.72,1.56,23.7798
-2.33,1.56,37.9087
-1.94,1.56,46.4102
-1.56,1.56,46.4102
-1.17,1.56,73.3913
-0.78,1.56,93.7311
-0.39,1.56,102.6144
0.00,1.56,102.6144
0.39,1.56,87.2100
0.78,1.56,69.2786
1.17,1.56,58.9195
1.56,1.56,52.6740
1.94,1.56,21.7459
2.33,1.56,0.3130
2.72,1.56,-3.9429
3.11,1.56,-3.9429
3.50,1.56,3.3535
3.89,1.56,-3.1024
4.28,1.56,-0.8570
4.67,1.56,-0.8570
5.06,1.56,11.6926
5.44,1.56,9.4465
5.83,1.56,3.5229
6.22,1.56,3.5229
6.61,1.56,16.0948
7.00,1.56,13.9021
7.39,1.56,24.4904
7.78,1.56,14.3890
8.17,1.56,13.1136
8.56,1.56,19.3840
8.94,1.56,25.7608
9.33,1.56,9.1330
-9.33,1.94,-21.6689
-8.94,1.94,-25.9311
-8.56,1.94,-41.6732
-8.17,1.94,-28.7486
-7.78,1.94,-26.4802
-7.39,1.94,-23.8623
-7.00,1.94,-25.0852
-6.61,1.94,-22.0248
-6.22,1.94,-17.8162
-5.83,1.94,2.1291
-5.44,1.94,0.7570
-5.06,1.94,0.7570
-4.67,1.94,-1.0610
-4.28,1.94,0.1620
-3.89,1.94,4.3068
-3.50,1.94,3.2454
-3.11,1.94,2.6786
-2.72,1.94,4.0508
-2.33,1.94,18.1798
-1.94,1.94,31.9825
-1.56,1.94,31.9825
-1.17,1.94,48.7548
-0.78,1.94,69.0946
-0.39,1.94,83.0952
0.00,1.94,83.0952
0.39,1.94,66.6979
0.78,1.94,38.2924
1.17,1.94,33.0538
1.56,1.94,31.9388
1.94,1.94,-4.1431
2.33,1.94,-35.7808
2.72,1.94,-40.0367
3.11,1.94,-40.0367
3.50,1.94,-22.4138
3.89,1.94,-39.1636
4.28,1.94,-42.0486
4.67,1.94,-42.0486
5.06,1.94,-24.4116
5.44,1.94,-21.5278
5.83,1.94,-31.6313
6.22,1.94,-31.6313
6.61,1.94,-13.8860
7.00,1.94,-10.9473
7.39,1.94,4.7947
7.78,1.94,-10.3942
8.17,1.94,-12.6625
8.56,1.94,-1.0907
8.94,1.94,0.1323
9.33,1.94,-21.6689
-9.33,2.33,-11.5741
-8.94,2.33,-7.7449
-8.56,2.33,-2.7876
-8.17,2.33,-11.9547
-7.78,2.33,-15.4258
-7.39,2.33,-18.2741
-7.00,2.33,-3.1176
-6.61,2.33,7.9387
-6.22,2.33,3.6773
-5.83,2.33,-5.3144
-5.44,2.33,10.0112
-5.06,2.33,10.0112
-4.67,2.33,12.4313
-4.28,2.33,-2.7252
-3.89,2.33,-6.9549
-3.50,2.33,8.5452
-3.11,2.33,10.5286
-2.72,2.33,-4.7970
-2.33,2.33,12.2017
-1.94,2.33,16.3000
-1.56,2.33,16.3000
-1.17,2.33,-24.0385
-0.78,2.33,6.6510
-0.39,2.33,9.8637
0.00,2.33,9.8637
0.39,2.33,-3.6638
0.78,2.33,-11.4322
1.17,2.33,7.5108
1.56,2.33,22.5786
1.94,2.33,-3.1535
2.33,2.33,-7.5280
2.72,2.33,-3.4350
3.11,2.33,-3.4350
3.50,2.33,11.4450
3.89,2.33,-4.5475
4.28,2.33,-15.3346
4.67,2.33,-15.3346
5.06,2.33,-14.1729
5.44,2.33,-2.9403
5.83,2.33,-12.7028
6.22,2.33,-12.7028
6.61,2.33,-11.7068
7.00,2.33,-0.4874
7.39,2.33,-5.4447
7.78,2.33,-9.5522
8.17,2.33,-6.0811
8.56,2.33,0.6385
8.94,2.33,-14.5180
9.33,2.33,-11.5741
-9.33,2.72,-7.7283
-8.94,2.72,1.3174
-8.56,2.72,1.1869
-8.17,2.72,-13.1157
-7.78,2.72,-11.3063
-7.39,2.72,-17.2816
-7.00,2.72,3.1972
-6.61,2.72,14.2536
-6.22,2.72,4.8677
-5.83,2.72,-4.1384
-5.44,2.72,16.3228
-5.06,2.72,16.3228
-4.67,2.72,21.7910
-4.28,2.72,1.3122
-3.89,2.72,-8.0706
-3.50,2.72,12.5539
-3.11,2.72,17.6115
-2.72,2.72,-2.8496
-2.33,2.72,8.8686
-1.94,2.72,9.9188
-1.56,2.72,9.9188
-1.17,2.72,-45.7492
-0.78,2.72,-20.1475
-0.39,2.72,-20.0089
0.00,2.72,-20.0089
0.39,2.72,-33.5365
0.78,2.72,-35.1299
1.17,2.72,-5.8760
1.56,2.72,14.4083
1.94,2.72,-11.3238
2.33,2.72,-7.5221
2.72,2.72,1.7064
3.11,2.72,1.7064
3.50,2.72,13.4595
3.89,2.72,-2.3684
4.28,2.72,-13.2476
4.67,2.72,-13.2476
5.06,2.72,-17.1879
5.44,2.72,-5.9553
5.83,2.72,-10.3585
6.22,2.72,-10.3585
6.61,2.72,-14.5155
7.00,2.72,-3.2961
7.39,2.72,-3.1657
7.78,2.72,-5.2453
8.17,2.72,-7.0546
8.56,2.72,-0.3351
8.94,2.72,-20.8139
9.33,2.72,-7.7283
-9.33,3.11,-7.7283
-8.94,3.11,1.3174
-8.56,3.11,1.1869
-8.17,3.11,-13.1157
-7.78,3.11,-11.3063
-7.39,3.11,-17.2816
-7.00,3.11,3.1972
-6.61,3.11,14.2536
-6.22,3.11,4.8677
-5.83,3.11,-4.1384
-5.44,3.11,16.3228
-5.06,3.11,16.3228
-4.67,3.11,21.7910
-4.28,3.11,1.3122
-3.89,3.11,-8.0706
-3.50,3.11,12.5539
-3.11,3.11,17.6115
-2.72,3.11,-2.8496
-2.33,3.11,8.8686
-1.94,3.11,9.9188
-1.56,3.11,9.9188
-1.17,3.11,-45.7492
-0.78,3.11,-20.1475
-0.39,3.11,-20.0089
0.00,3.11,-20.0089
0.39,3.11,-33.5365
0.78,3.11,-35.1299
1.17,3.11,-5.8760
1.56,3.11,14.4083
1.94,3.11,-11.3238
2.33,3.11,-7.5221
2.72,3.11,1.7064
3.11,3.11,1.7064
3.50,3.11,13.4595
3.89,3.11,-2.3684
4.28,3.11,-13.2476
4.67,3.11,-13.2476
5.06,3.11,-17.1879
5.44,3.11,-5.9553
5.83,3.11,-10.3585
6.22,3.11,-10.3585
6.61,3.11,-14.5155
7.00,3.11,-3.2961
7.39,3.11,-3.1657
7.78,3.11,-5.2453
8.17,3.11,-7.0546
8.56,3.11,-0.3351
8.94,3.11,-20.8139
9.33,3.11,-7.7283
-9.33,3.50,-4.8051
-8.94,3.50,1.2348
-8.56,3.50,-14.5192
-8.17,3.50,-28.8721
-7.78,3.50,-18.0277
-7.39,3.50,-21.8073
-7.00,3.50,-2.5616
-6.61,3.50,10.5712
-6.22,3.50,4.5239
-5.83,3.50,14.1942
-5.44,3.50,33.7542
-5.06,3.50,33.7542
-4.67,3.50,38.3639
-4.28,3.50,19.1182
-3.89,3.50,12.8088
-3.50,3.50,32.1470
-3.11,3.50,33.7163
-2.72,3.50,14.1563
-2.33,3.50,23.9273
-1.94,3.50,25.0690
-1.56,3.50,25.0690
-1.17,3.50,-29.5299
-0.78,3.50,-9.1063
-0.39,3.50,-7.6565
0.00,3.50,-7.6565
0.39,3.50,-28.2720
0.78,3.50,-31.3854
1.17,3.50,-6.2997
1.56,3.50,13.0311
1.94,3.50,-23.1466
2.33,3.50,-21.5318
2.72,3.50,-15.4016
3.11,3.50,-15.4016
3.50,3.50,-0.2543
3.89,3.50,-16.0460
4.28,3.50,-29.1997
4.67,3.50,-29.1997
5.06,3.50,-32.2644
5.44,3.50,-18.8346
5.83,3.50,-14.0380
6.22,3.50,-14.0380
6.61,3.50,-17.2618
7.00,3.50,-4.1006
7.39,3.50,11.6534
7.78,3.50,10.9608
8.17,3.50,0.1163
8.56,3.50,5.3341
8.94,3.50,-13.9116
9.33,3.50,-4.8051
-9.33,3.89,-8.8594
-8.94,3.89,-2.8303
-8.56,3.89,2.1608
-8.17,3.89,-12.1852
-7.78,3.89,-13.7141
-7.39,3.89,-17.5712
-7.00,3.89,1.8623
-6.61,3.89,15.0799
-6.22,3.89,9.1719
-5.83,3.89,-1.9549
-5.44,3.89,17.6857
-5.06,3.89,17.6857
-4.67,3.89,22.1496
-4.28,3.89,2.7161
-3.89,3.89,-3.6791
-3.50,3.89,15.5090
-3.11,3.89,16.8515
-2.72,3.89,-2.7891
-2.33,3.89,13.1685
-1.94,3.89,14.3785
-1.56,3.89,14.3785
-1.17,3.89,-40.3044
-0.78,3.89,-9.5083
-0.39,3.89,-7.8834
0.00,3.89,-7.8834
0.39,3.89,-22.3122
0.78,3.89,-25.3388
1.17,3.89,0.0104
1.56,3.89,19.3197
1.94,3.89,-6.4854
2.33,3.89,-4.9418
2.72,3.89,1.2287
3.11,3.89,1.2287
3.50,3.89,16.3149
3.89,3.89,0.5253
4.28,3.89,-12.6820
4.67,3.89,-12.6820
5.06,3.89,-15.8504
5.44,3.89,-2.3803
5.83,3.89,-9.7680
6.22,3.89,-9.7680
6.61,3.89,-13.1635
7.00,3.89,-0.0774
7.39,3.89,-5.0685
7.78,3.89,-5.5699
8.17,3.89,-4.0409
8.56,3.89,1.2110
8.94,3.89,-18.2225
9.33,3.89,-8.8594
-9.33,4.28,-14.9441
-8.94,4.28,-8.8301
-8.56,4.28,1.1296
-8.17,4.28,-4.9899
-7.78,4.28,-11.8452
-7.39,4.28,-15.8541
-7.00,4.28,-1.5964
-6.61,4.28,6.5774
-6.22,4.28,0.5191
-5.83,4.28,-15.6989
-5.44,4.28,-1.2138
-5.06,4.28,-1.2138
-4.67,4.28,3.3508
-4.28,4.28,-10.9069
-3.89,4.28,-17.1790
-3.50,4.28,-2.8316
-3.11,4.28,0.7561
-2.72,4.28,-13.7290
-2.33,4.28,2.3528
-1.94,4.28,6.5329
-1.56,4.28,6.5329
-1.17,4.28,-28.2091
-0.78,4.28,2.5370
-0.39,4.28,7.0667
0.00,4.28,7.0667
0.39,4.28,-2.1599
0.78,4.28,-11.0758
1.17,4.28,9.3360
1.56,4.28,23.7391
1.94,4.28,2.9527
2.33,4.28,-3.4360
2.72,4.28,2.7419
3.11,4.28,2.7419
3.50,4.28,15.5631
3.89,4.28,-0.6524
4.28,4.28,-8.7719
4.67,4.28,-8.7719
5.06,4.28,-6.9129
5.44,4.28,1.3944
5.83,4.28,-14.2286
6.22,4.28,-14.2286
6.61,4.28,-12.2526
7.00,4.28,-4.1888
7.39,4.28,-14.1485
7.78,4.28,-19.8434
8.17,4.28,-12.9882
8.56,4.28,-4.7762
8.94,4.28,-19.0339
9.33,4.28,-14.9441
-9.33,4.67,-14.9441
-8.94,4.67,-8.8301
-8.56,4.67,1.1296
-8.17,4.67,-4.9899
-7.78,4.67,-11.8452
-7.39,4.67,-15.8541
-7.00,4.67,-1.5964
-6.61,4.67,6.5774
-6.22,4.67,0.5191
-5.83,4.67,-15.6989
-5.44,4.67,-1.2138
-5.06,4.67,-1.2138
-4.67,4.67,3.3508
-4.28,4.67,-10.9069
-3.89,4.67,-17.1790
-3.50,4.67,-2.8316
-3.11,4.67,0.7561
-2.72,4.67,-13.7290
-2.33,4.67,2.3528
-1.94,4.67,6.5329
-1.56,4.67,6.5329
-1.17,4.67,-28.2091
-0.78,4.67,2.5370
-0.39,4.67,7.0667
0.00,4.67,7.0667
0.39,4.67,-2.1599
0.78,4.67,-11.0758
1.17,4.67,9.3360
1.56,4.67,23.7391
1.94,4.67,2.9527
2.33,4.67,-3.4360
2.72,4.67,2.7419
3.11,4.67,2.7419
3.50,4.67,15.5631
3.89,4.67,-0.6524
4.28,4.67,-8.7719
4.67,4.67,-8.7719
5.06,4.67,-6.9129
5.44,4.67,1.3944
5.83,4.67,-14.2286
6.22,4.67,-14.2286
6.61,4.67,-12.2526
7.00,4.67,-4.1888
7.39,4.67,-14.1485
7.78,4.67,-19.8434
8.17,4.67,-12.9882
8.56,4.67,-4.7762
8.94,4.67,-19.0339
9.33,4.67,-14.9441
-9.33,5.06,-21.1932
-8.94,5.06,-20.1989
-8.56,5.06,-20.6843
-8.17,5.06,-13.2036
-7.78,5.06,-18.0405
-7.39,5.06,-18.8653
-7.00,5.06,-14.7898
-6.61,5.06,-11.5642
-6.22,5.06,-12.4616
-5.83,5.06,-13.0781
-5.44,5.06,-9.0119
-5.06,5.06,-9.0119
-4.67,5.06,-7.6347
-4.28,5.06,-11.7102
-3.89,5.06,-12.8134
-3.50,5.06,-8.7465
-3.11,5.06,-6.3652
-2.72,5.06,-10.4314
-2.33,5.06,4.6412
-1.94,5.06,15.1928
-1.56,5.06,15.1928
-1.17,5.06,16.0357
-0.78,5.06,41.5593
-0.39,5.06,52.4516
0.00,5.06,52.4516
0.39,5.06,42.2158
0.78,5.06,20.5603
1.17,5.06,25.9847
1.56,5.06,30.1486
1.94,5.06,4.1396
2.33,5.06,-18.9245
2.72,5.06,-17.9561
3.11,5.06,-17.9561
3.50,5.06,-3.8578
3.89,5.06,-20.5147
4.28,5.06,-23.5352
4.67,5.06,-23.5352
5.06,5.06,-11.3636
5.44,5.06,-8.2657
5.83,5.06,-25.0527
6.22,5.06,-25.0527
6.61,5.06,-12.7390
7.00,5.06,-9.8154
7.39,5.06,-9.3300
7.78,5.06,-22.1562
8.17,5.06,-17.3193
8.56,5.06,-5.9216
8.94,5.06,-9.9971
9.33,5.06,-21.1932
-9.33,5.44,-15.1765
-8.94,5.44,-14.1822
-8.56,5.44,-19.7554
-8.17,5.44,-20.4843
-7.78,5.44,-20.0407
-7.39,5.44,-20.8655
-7.00,5.44,-11.4677
-6.61,5.44,-3.2535
-6.22,5.44,-4.0589
-5.83,5.44,0.4123
-5.44,5.44,9.6140
-5.06,5.44,9.6140
-4.67,5.44,10.9124
-4.28,5.44,1.5146
-3.89,5.44,0.4114
-3.50,5.44,9.6028
-3.11,5.44,9.9561
-2.72,5.44,0.7544
-2.33,5.44,15.8270
-1.94,5.44,23.3305
-1.56,5.44,23.3305
-1.17,5.44,3.6908
-0.78,5.44,29.2144
-0.39,5.44,37.0326
0.00,5.44,37.0326
0.39,5.44,21.5163
0.78,5.44,6.0358
1.17,5.44,16.4488
1.56,5.44,25.8291
1.94,5.44,-5.2677
2.33,5.44,-20.1555
2.72,5.44,-19.1871
3.11,5.44,-19.1871
3.50,5.44,-2.8935
3.89,5.44,-19.3859
4.28,5.44,-27.6228
4.67,5.44,-27.6228
5.06,5.44,-20.5532
5.44,5.44,-12.3199
5.83,5.44,-20.6994
6.22,5.44,-20.6994
6.61,5.44,-13.5388
7.00,5.44,-5.4908
7.39,5.44,0.0824
7.78,5.44,-7.6417
8.17,5.44,-8.0853
8.56,5.44,0.2643
8.94,5.44,-9.1335
9.33,5.44,-15.1765
-9.33,5.83,-12.2779
-8.94,5.83,-12.4086
-8.56,5.83,-2.2565
-8.17,5.83,-10.7323
-7.78,5.83,-14.6516
-7.39,5.83,-20.4752
-7.00,5.83,-9.6844
-6.61,5.83,0.5989
-6.22,5.83,0.3182
-5.83,5.83,-16.0766
-5.44,5.83,-5.5903
-5.06,5.83,-5.5903
-4.67,5.83,-0.9892
-4.28,5.83,-11.7800
-3.89,5.83,-18.1116
-3.50,5.83,-7.5457
-3.11,5.83,-4.1278
-2.72,5.83,-14.6141
-2.33,5.83,1.7284
-1.94,5.83,-0.6056
-1.56,5.83,-0.6056
-1.17,5.83,-31.7917
-0.78,5.83,-0.9080
-0.39,5.83,-4.4139
0.00,5.83,-4.4139
0.39,5.83,-16.8371
0.78,5.83,-10.9467
1.17,5.83,-0.2642
1.56,5.83,9.8903
1.94,5.83,-10.8412
2.33,5.83,-1.0047
2.72,5.83,-0.8697
3.11,5.83,-0.8697
3.50,5.83,6.1233
3.89,5.83,2.0382
4.28,5.83,-7.8358
4.67,5.83,-7.8358
5.06,5.83,-14.1665
5.44,5.83,-3.8151
5.83,5.83,-8.8559
6.22,5.83,-8.8559
6.61,5.83,-15.2121
7.00,5.83,-4.9267
7.39,5.83,-15.0788
7.78,5.83,-14.2645
8.17,5.83,-10.3452
8.56,5.83,-8.0011
8.94,5.83,-18.7919
9.33,5.83,-12.2779
-9.33,6.22,-12.2779
-8.94,6.22,-12.4086
-8.56,6.22,-2.2565
-8.17,6.22,-10.7323
-7.78,6.22,-14.6516
-7.39,6.22,-20.4752
-7.00,6.22,-9.6844
-6.61,6.22,0.5989
-6.22,6.22,0.3182
-5.83,6.22,-16.0766
-5.44,6.22,-5.5903
-5.06,6.22,-5.5903
-4.67,6.22,-0.9892
-4.28,6.22,-11.7800
-3.89,6.22,-18.1116
-3.50,6.22,-7.5457
-3.11,6.22,-4.1278
-2.72,6.22,-14.6141
-2.33,6.22,1.7284
-1.94,6.22,-0.6056
-1.56,6.22,-0.6056
-1.17,6.22,-31.7917
-0.78,6.22,-0.9080
-0.39,6.22,-4.4139
0.00,6.22,-4.4139
0.39,6.22,-16.8371
0.78,6.22,-10.9467
1.17,6.22,-0.2642
1.56,6.22,9.8903
1.94,6.22,-10.8412
2.33,6.22,-1.0047
2.72,6.22,-0.8697
3.11,6.22,-0.8697
3.50,6.22,6.1233
3.89,6.22,2.0382
4.28,6.22,-7.8358
4.67,6.22,-7.8358
5.06,6.22,-14.1665
5.44,6.22,-3.8151
5.83,6.22,-8.8559
6.22,6.22,-8.8559
6.61,6.22,-15.2121
7.00,6.22,-4.9267
7.39,6.22,-15.0788
7.78,6.22,-14.2645
8.17,6.22,-10.3452
8.56,6.22,-8.0011
8.94,6.22,-18.7919
9.33,6.22,-12.2779
-9.33,6.61,-18.5391
-8.94,6.61,-23.7269
-8.56,6.61,-23.9412
-8.17,6.61,-18.9497
-7.78,6.61,-20.7962
-7.39,6.61,-23.5517
-7.00,6.61,-23.0469
-6.61,6.61,-17.9020
-6.22,6.61,-13.0129
-5.83,6.61,-13.9010
-5.44,6.61,-13.7567
-5.06,6.61,-13.7567
-4.67,6.61,-12.2180
-4.28,6.61,-12.7228
-3.89,6.61,-13.8739
-3.50,6.61,-13.5349
-3.11,6.61,-11.2273
-2.72,6.61,-11.3717
-2.33,6.61,3.9345
-1.94,6.61,7.7310
-1.56,6.61,7.7310
-1.17,6.61,12.3433
-0.78,6.61,38.0437
-0.39,6.61,40.7884
0.00,6.61,40.7884
0.39,6.61,27.3288
0.78,6.61,20.9526
1.17,6.61,16.2153
1.56,6.61,16.2556
1.94,6.61,-9.6591
2.33,6.61,-16.3537
2.72,6.61,-21.3898
3.11,6.61,-21.3898
3.50,6.61,-13.4036
3.89,6.61,-17.5729
4.28,6.61,-22.4461
4.67,6.61,-22.4461
5.06,6.61,-18.4963
5.44,6.61,-13.3159
5.83,6.61,-19.3549
6.22,6.61,-19.3549
6.61,6.61,-15.3500
7.00,6.61,-10.1780
7.39,6.61,-9.9636
7.78,6.61,-16.3046
8.17,6.61,-14.4581
8.56,6.61,-9.0488
8.94,6.61,-9.5536
9.33,6.61,-18.5391
-9.33,7.00,-12.0230
-8.94,7.00,-17.2108
-8.56,7.00,-22.4939
-8.17,7.00,-25.9095
-7.78,7.00,-22.6781
-7.39,7.00,-25.4336
-7.00,7.00,-19.7366
-6.61,7.00,-9.4497
-6.22,7.00,-4.6885
-5.83,7.00,-0.5078
-5.44,7.00,4.8066
-5.06,7.00,4.8066
-4.67,7.00,6.0724
-4.28,7.00,0.3754
-3.89,7.00,-0.7757
-3.50,7.00,4.7671
-3.11,7.00,5.0391
-2.72,7.00,-0.2754
-2.33,7.00,15.0308
-1.94,7.00,15.8774
-1.56,7.00,15.8774
-1.17,7.00,-0.0570
-0.78,7.00,25.6434
-0.39,7.00,25.1511
0.00,7.00,25.1511
0.39,7.00,6.6136
0.78,7.00,6.4099
1.17,7.00,6.8147
1.56,7.00,11.9309
1.94,7.00,-19.0526
2.33,7.00,-17.2376
2.72,7.00,-22.2736
3.11,7.00,-22.2736
3.50,7.00,-12.3180
3.89,7.00,-16.5042
4.28,7.00,-26.4534
4.67,7.00,-26.4534
5.06,7.00,-27.7761
5.44,7.00,-17.4256
5.83,7.00,-15.1639
6.22,7.00,-15.1639
6.61,7.00,-16.2841
7.00,7.00,-5.9083
7.39,7.00,-0.6253
7.78,7.00,-1.6936
8.17,7.00,-4.9250
8.56,7.00,-2.4656
8.94,7.00,-8.1626
9.33,7.00,-12.0230
-9.33,7.39,-6.0286
-8.94,7.39,-16.3468
-8.56,7.39,-11.3224
-8.17,7.39,-9.5956
-7.78,7.39,-8.3500
-7.39,7.39,-16.2782
-7.00,7.39,-20.8887
-6.61,7.39,-15.7223
-6.22,7.39,-5.8289
-5.83,7.39,-17.0432
-5.44,7.39,-21.9885
-5.06,7.39,-21.9885
-4.67,7.39,-15.2928
-4.28,7.39,-10.6823
-3.89,7.39,-17.0068
-3.50,7.39,-21.7267
-3.11,7.39,-16.3076
-2.72,7.39,-11.3623
-2.33,7.39,4.9367
-1.94,7.39,-4.8192
-1.56,7.39,-4.8192
-1.17,7.39,4.8375
-0.78,7.39,35.6916
-0.39,7.39,24.9647
0.00,7.39,24.9647
0.39,7.39,7.4201
0.78,7.39,28.1645
1.17,7.39,13.1744
1.56,7.39,8.0298
1.94,7.39,-17.7999
2.33,7.39,4.4248
2.72,7.39,-5.7411
3.11,7.39,-5.7411
3.50,7.39,-11.2848
3.89,7.39,5.1169
4.28,7.39,0.2972
4.67,7.39,0.2972
5.06,7.39,-11.2005
5.44,7.39,-5.9799
5.83,7.39,-0.6598
6.22,7.39,-0.6598
6.61,7.39,-12.1267
7.00,7.39,-6.8823
7.39,7.39,-11.9067
7.78,7.39,-7.9173
8.17,7.39,-9.1630
8.56,7.39,-12.0049
8.94,7.39,-7.3944
9.33,7.39,-6.0286
-9.33,7.78,-7.0886
-8.94,7.78,-15.2590
-8.56,7.78,-4.9166
-8.17,7.78,-13.6506
-7.78,7.78,-12.5628
-7.39,7.78,-21.3929
-7.00,7.78,-18.9198
-6.61,7.78,-8.8053
-6.22,7.78,-0.9322
-5.83,7.78,-19.5396
-5.44,7.78,-17.2055
-5.06,7.78,-17.2055
-4.67,7.78,-8.9889
-4.28,7.78,-11.4619
-3.89,7.78,-19.7495
-3.50,7.78,-17.3294
-3.11,7.78,-12.9165
-2.72,7.78,-15.2507
-2.33,7.78,0.1970
-1.94,7.78,-14.2639
-1.56,7.78,-14.2639
-1.17,7.78,-31.0321
-0.78,7.78,-0.0825
-0.39,7.78,-14.9595
0.00,7.78,-14.9595
0.39,7.78,-31.4950
0.78,7.78,-1.9596
1.17,7.78,-8.1087
1.56,7.78,-5.9859
1.94,7.78,-26.5931
2.33,7.78,7.0131
2.72,7.78,-1.0828
3.11,7.78,-1.0828
3.50,7.78,-5.6212
3.89,7.78,11.0638
4.28,7.78,0.9766
4.67,7.78,0.9766
5.06,7.78,-17.7526
5.44,7.78,-7.3225
5.83,7.78,0.4064
6.22,7.78,0.4064
6.61,7.78,-18.1925
7.00,7.78,-7.8078
7.39,7.78,-18.1503
7.78,7.78,-7.8983
8.17,7.78,-8.9861
8.56,7.78,-15.0138
8.94,7.78,-17.4868
9.33,7.78,-7.0886
-9.33,8.17,-13.4970
-8.94,8.17,-20.5610
-8.56,8.17,-20.5929
-8.17,8.17,-27.0878
-7.78,8.17,-23.7084
-7.39,8.17,-28.1993
-7.00,8.17,-23.7942
-6.61,8.17,-12.7028
-6.22,8.17,-5.7048
-5.83,8.17,-8.7312
-5.44,8.17,-4.4365
-5.06,8.17,-4.4365
-4.67,8.17,-0.7056
-4.28,8.17,-5.1108
-3.89,8.17,-8.1835
-3.50,8.17,-3.7818
-3.11,8.17,-2.5614
-2.72,8.17,-6.8561
-2.33,8.17,7.4457
-1.94,8.17,1.8096
-1.56,8.17,1.8096
-1.17,8.17,-15.8918
-0.78,8.17,9.8707
-0.39,8.17,3.3928
0.00,8.17,3.3928
0.39,8.17,-14.2885
0.78,8.17,-2.2561
1.17,8.17,-5.4855
1.56,8.17,-1.1498
1.94,8.17,-26.9441
2.33,8.17,-12.1506
2.72,8.17,-19.2663
3.11,8.17,-19.2663
3.50,8.17,-14.1604
3.89,8.17,-9.8587
4.28,8.17,-21.1681
4.67,8.17,-21.1681
5.06,8.17,-29.4837
5.44,8.17,-18.0734
5.83,8.17,-12.3186
6.22,8.17,-12.3186
6.61,8.17,-20.4879
7.00,8.17,-9.1125
7.39,8.17,-9.0806
7.78,8.17,-5.0426
8.17,8.17,-8.4220
8.56,8.17,-10.0373
8.94,8.17,-14.4425
9.33,8.17,-13.4970
-9.33,8.56,-8.6811
-8.94,8.56,-15.7451
-8.56,8.56,-20.7821
-8.17,8.56,-22.7252
-7.78,8.56,-17.5225
-7.39,8.56,-22.0135
-7.00,8.56,-20.6809
-6.61,8.56,-12.6184
-6.22,8.56,-5.5446
-5.83,8.56,-3.5658
-5.44,8.56,-2.2226
-5.06,8.56,-2.2226
-4.67,8.56,0.8706
-4.28,8.56,-0.4620
-3.89,8.56,-3.5348
-3.50,8.56,-2.2332
-3.11,8.56,0.5056
-2.72,8.56,-0.8376
-2.33,8.56,13.4642
-1.94,8.56,10.0018
-1.56,8.56,10.0018
-1.17,8.56,4.5135
-0.78,8.56,30.2760
-0.39,8.56,25.3985
0.00,8.56,25.3985
0.39,8.56,5.8940
0.78,8.56,14.2166
1.17,8.56,7.9584
1.56,8.56,9.2697
1.94,8.56,-21.5297
2.33,8.56,-11.4554
2.72,8.56,-18.5710
3.11,8.56,-18.5710
3.50,8.56,-15.0017
3.89,8.56,-10.7310
4.28,8.56,-19.0161
4.67,8.56,-19.0161
5.06,8.56,-24.2130
5.44,8.56,-15.7542
5.83,8.56,-9.7122
6.22,8.56,-9.7122
6.61,8.56,-14.8216
7.00,8.56,-6.5463
7.39,8.56,-1.5092
7.78,8.56,-0.5899
8.17,8.56,-5.7926
8.56,8.56,-5.2341
8.94,8.56,-6.5666
9.33,8.56,-8.6811
-9.33,8.94,-19.3619
-8.94,8.94,-31.4839
-8.56,8.94,-25.9861
-8.17,8.94,-14.1243
-7.78,8.94,-19.2028
-7.39,8.94,-20.7310
-7.00,8.94,-29.7274
-6.61,8.94,-26.7872
-6.22,8.94,-14.4318
-5.83,8.94,-17.7581
-5.44,8.94,-27.0058
-5.06,8.94,-27.0058
-4.67,8.94,-27.1397
-4.28,8.94,-18.1433
-3.89,8.94,-16.0024
-3.50,8.94,-25.0405
-3.11,8.94,-23.5000
-2.72,8.94,-14.2524
-2.33,8.94,5.1901
-1.94,8.94,7.9175
-1.56,8.94,7.9175
-1.17,8.94,38.3433
-0.78,8.94,69.3732
-0.39,8.94,70.9237
0.00,8.94,70.9237
0.39,8.94,56.5598
0.78,8.94,52.7670
1.17,8.94,31.0996
1.56,8.94,22.2950
1.94,8.94,-3.2371
2.33,8.94,-10.0502
2.72,8.94,-22.4612
3.11,8.94,-22.4612
3.50,8.94,-18.1309
3.89,8.94,-14.0429
4.28,8.94,-17.3818
4.67,8.94,-17.3818
5.06,8.94,-12.1192
5.44,8.94,-8.9558
5.83,8.94,-16.0256
6.22,8.94,-16.0256
6.61,8.94,-10.7077
7.00,8.94,-7.6022
7.39,8.94,-13.1000
7.78,8.94,-19.4261
8.17,8.94,-14.3476
8.56,8.94,-10.6942
8.94,8.94,-1.6978
9.33,8.94,-19.3619
-9.33,9.33,-9.1906
-8.94,9.33,-11.1876
-8.56,9.33,-0.5126
-8.17,9.33,-7.2489
-7.78,9.33,-9.2499
-7.39,9.33,-16.8367
-7.00,9.33,-10.4981
-6.61,9.33,-2.4195
-6.22,9.33,-0.4222
-5.83,9.33,-19.1543
-5.44,9.33,-12.9293
-5.06,9.33,-12.9293
-4.67,9.33,-6.9015
-4.28,9.33,-13.2401
-3.89,9.33,-21.3744
-3.50,9.33,-14.9971
-3.11,9.33,-9.1335
-2.72,9.33,-15.3586
-2.33,9.33,-0.0301
-1.94,9.33,-6.5324
-1.56,9.33,-6.5324
-1.17,9.33,-27.2149
-0.78,9.33,3.8089
-0.39,9.33,-4.1040
0.00,9.33,-4.1040
0.39,9.33,-17.4315
0.78,9.33,-2.8678
1.17,9.33,0.9873
1.56,9.33,7.3647
1.94,9.33,-12.9842
2.33,9.33,5.0351
2.72,9.33,2.9257
3.11,9.33,2.9257
3.50,9.33,3.2723
3.89,9.33,7.4856
4.28,9.33,-0.7335
4.67,9.33,-0.7335
5.06,9.33,-10.8398
5.44,9.33,-2.5054
5.83,9.33,-3.5355
6.22,9.33,-3.5355
6.61,9.33,-13.6733
7.00,9.33,-5.4544
7.39,9.33,-16.1293
7.78,9.33,-13.4246
8.17,9.33,-11.4237
8.56,9.33,-10.8355
8.94,9.33,-17.1741
9.33,9.33,-9.1906
