e_keV,counts
4.7,536
14.0,567
23.3,575
32.7,508
42.0,503
51.3,544
60.7,543
70.0,517
79.3,496
88.7,493
98.0,512
107.3,500
116.7,522
126.0,481
135.3,492
144.7,486
154.0,495
163.3,498
172.7,483
182.0,515
191.3,453
200.7,475
210.0,494
219.3,476
228.7,473
238.0,490
247.3,458
256.7,478
266.0,494
275.3,475
284.7,472
294.0,462
303.3,456
312.7,503
322.0,434
331.3,463
340.7,412
350.0,449
359.3,411
368.7,443
378.0,409
387.3,462
396.7,428
406.0,415
415.3,426
424.7,425
434.0,413
443.3,408
452.7,461
462.0,423
471.3,417
480.7,414
490.0,420
499.3,418
508.7,371
518.0,406
527.3,374
536.7,368
546.0,376
555.3,344
564.7,389
574.0,358
583.3,351
592.7,357
602.0,340
611.3,320
620.7,337
630.0,309
639.3,331
648.7,320
658.0,308
667.3,303
676.7,272
686.0,241
695.3,264
704.7,280
714.0,216
723.3,261
732.7,248
742.0,224
751.3,232
760.7,198
770.0,185
779.3,158
788.7,184
798.0,158
807.3,142
816.7,149
826.0,167
835.3,164
844.7,155
854.0,173
863.3,188
872.7,191
882.0,189
891.3,210
900.7,186
910.0,255
919.3,205
928.7,205
938.0,214
947.3,224
956.7,225
966.0,168
975.3,144
984.7,126
994.0,105
1003.3,88
1012.7,79
1022.0,95
1031.3,115
1040.7,112
1050.0,108
1059.3,116
1068.7,154
1078.0,158
1087.3,164
1096.7,173
1106.0,184
1115.3,329
1124.7,596
1134.0,1191
1143.3,2171
1152.7,3267
1162.0,4440
1171.3,4902
1180.7,4722
1190.0,3785
1199.3,2549
1208.7,1449
1218.0,669
1227.3,299
1236.7,89
1246.0,27
1255.3,31
1264.7,76
1274.0,196
1283.3,468
1292.7,943
1302.0,1652
1311.3,2545
1320.7,3314
1330.0,3570
1339.3,3576
1348.7,2963
1358.0,2136
1367.3,1291
1376.7,727
1386.0,314
1395.3,110
1404.7,49
1414.0,15
1423.3,2
1432.7,8
1442.0,2
1451.3,1
1460.7,2
1470.0,1
1479.3,5
1488.7,5
1498.0,2
1507.3,0
1516.7,1
1526.0,2
1535.3,2
1544.7,2
1554.0,2
1563.3,0
1572.7,0
1582.0,0
1591.3,0
1600.7,1
1610.0,0
1619.3,3
1628.7,6
1638.0,4
1647.3,3
1656.7,1
1666.0,1
1675.3,2
1684.7,2
1694.0,0
1703.3,0
1712.7,1
1722.0,1
1731.3,4
1740.7,1
1750.0,0
1759.3,1
1768.7,2
1778.0,3
1787.3,1
1796.7,0
1806.0,2
1815.3,0
1824.7,0
1834.0,2
1843.3,0
1852.7,2
1862.0,0
1871.3,1
1880.7,0
1890.0,0
1899.3,2
1908.7,1
1918.0,1
1927.3,4
1936.7,1
1946.0,1
1955.3,1
1964.7,0
1974.0,0
1983.3,1
1992.7,2
2002.0,0
2011.3,1
2020.7,0
2030.0,1
2039.3,0
2048.7,0
2058.0,2
2067.3,0
2076.7,2
2086.0,1
2095.3,1
2104.7,0
2114.0,0
2123.3,0
2132.7,0
2142.0,0
2151.3,0
2160.7,2
2170.0,0
2179.3,2
2188.7,2
2198.0,1
2207.3,1
2216.7,0
2226.0,0
2235.3,1
2244.7,1
2254.0,1
2263.3,1
2272.7,0
2282.0,1
2291.3,1
2300.7,0
2310.0,0
2319.3,1
2328.7,0
2338.0,0
2347.3,0
2356.7,0
2366.0,1
2375.3,0
2384.7,0
2394.0,0
2403.3,0
2412.7,0
2422.0,0
2431.3,1
2440.7,1
2450.0,0
2459.3,3
2468.7,8
2478.0,9
2487.3,9
2496.7,13
2506.0,14
2515.3,7
2524.7,9
2534.0,8
2543.3,0
2552.7,5
2562.0,3
2571.3,1
2580.7,1
2590.0,1
2599.3,0
2608.7,1
2618.0,0
2627.3,0
2636.7,0
2646.0,0
2655.3,0
2664.7,0
2674.0,0
2683.3,0
2692.7,0
2702.0,0
2711.3,0
2720.7,0
2730.0,0
2739.3,0
2748.7,0
2758.0,0
2767.3,0
2776.7,0
2786.0,0
2795.3,0
