scenario,true_x_mm,true_y_mm,true_s_mm,counts,depth_bias_mm,depth_rms_mm,lateral_rms_mm
onaxis_near,0.0,0.0,60.0,100,-2.36,3.81,0.000
onaxis_near,0.0,0.0,60.0,300,-1.11,1.95,0.000
onaxis_near,0.0,0.0,60.0,1000,-0.26,0.52,0.000
onaxis_near,0.0,0.0,60.0,3000,-0.19,0.33,0.000
onaxis_far,0.0,0.0,150.0,100,2.93,38.18,0.000
onaxis_far,0.0,0.0,150.0,300,-3.51,18.19,0.000
onaxis_far,0.0,0.0,150.0,1000,-9.17,10.67,0.000
onaxis_far,0.0,0.0,150.0,3000,-10.40,10.55,0.000
offaxis_near,5.0,0.0,60.0,100,21.37,38.70,5.139
offaxis_near,5.0,0.0,60.0,300,15.33,38.55,4.685
offaxis_near,5.0,0.0,60.0,1000,10.76,29.67,2.666
offaxis_near,5.0,0.0,60.0,3000,-0.00,26.34,3.616
offaxis_far,5.0,0.0,150.0,100,-34.53,51.07,4.824
offaxis_far,5.0,0.0,150.0,300,-22.75,37.10,2.681
offaxis_far,5.0,0.0,150.0,1000,-10.03,15.09,0.684
offaxis_far,5.0,0.0,150.0,3000,-10.80,13.13,0.606
