method,scenario,true_x_mm,true_y_mm,true_s_mm,counts,depth_bias_mm,depth_rms_mm,lateral_rms_mm
alternating,offaxis_near,5.0,0.0,60.0,100,21.37,38.70,5.139
3d,offaxis_near,5.0,0.0,60.0,100,10.76,16.91,1.593
alternating,offaxis_near,5.0,0.0,60.0,300,15.33,38.55,4.685
3d,offaxis_near,5.0,0.0,60.0,300,7.45,7.49,0.363
alternating,offaxis_near,5.0,0.0,60.0,1000,10.76,29.67,2.666
3d,offaxis_near,5.0,0.0,60.0,1000,7.73,7.74,0.372
alternating,offaxis_near,5.0,0.0,60.0,3000,-0.00,26.34,3.616
3d,offaxis_near,5.0,0.0,60.0,3000,7.80,7.80,0.372
alternating,offaxis_far,5.0,0.0,150.0,100,-34.53,51.07,4.824
3d,offaxis_far,5.0,0.0,150.0,100,-17.96,31.42,3.909
alternating,offaxis_far,5.0,0.0,150.0,300,-22.75,37.10,2.681
3d,offaxis_far,5.0,0.0,150.0,300,-14.04,17.78,1.127
alternating,offaxis_far,5.0,0.0,150.0,1000,-10.03,15.09,0.684
3d,offaxis_far,5.0,0.0,150.0,1000,-16.33,17.68,1.030
alternating,offaxis_far,5.0,0.0,150.0,3000,-10.80,13.13,0.606
3d,offaxis_far,5.0,0.0,150.0,3000,-18.70,19.20,1.075
