true_s_mm,assumed_s_mm,focus,estimated_s_mm,error_mm
40.0,20.0,380.4,39.01,-0.99
40.0,25.0,372.8,39.01,-0.99
40.0,30.0,372.8,39.01,-0.99
40.0,35.0,404.9,39.01,-0.99
40.0,40.0,387.9,39.01,-0.99
40.0,45.0,387.9,39.01,-0.99
40.0,50.0,330.2,39.01,-0.99
40.0,55.0,330.2,39.01,-0.99
40.0,60.0,330.2,39.01,-0.99
40.0,65.0,330.2,39.01,-0.99
40.0,70.0,330.2,39.01,-0.99
40.0,75.0,207.0,39.01,-0.99
40.0,80.0,207.0,39.01,-0.99
40.0,85.0,147.0,39.01,-0.99
40.0,90.0,147.0,39.01,-0.99
40.0,95.0,147.0,39.01,-0.99
40.0,100.0,147.0,39.01,-0.99
40.0,105.0,147.0,39.01,-0.99
40.0,110.0,147.0,39.01,-0.99
40.0,115.0,147.0,39.01,-0.99
40.0,120.0,62.9,39.01,-0.99
40.0,125.0,99.8,39.01,-0.99
40.0,130.0,99.8,39.01,-0.99
40.0,135.0,99.8,39.01,-0.99
40.0,140.0,99.8,39.01,-0.99
40.0,145.0,99.8,39.01,-0.99
40.0,150.0,99.8,39.01,-0.99
40.0,155.0,99.8,39.01,-0.99
40.0,160.0,99.8,39.01,-0.99
40.0,165.0,138.4,39.01,-0.99
40.0,170.0,138.4,39.01,-0.99
40.0,175.0,138.4,39.01,-0.99
40.0,180.0,138.4,39.01,-0.99
40.0,185.0,138.4,39.01,-0.99
40.0,190.0,138.4,39.01,-0.99
40.0,195.0,138.4,39.01,-0.99
40.0,200.0,138.4,39.01,-0.99
40.0,205.0,138.4,39.01,-0.99
40.0,210.0,138.4,39.01,-0.99
40.0,215.0,138.4,39.01,-0.99
40.0,220.0,138.4,39.01,-0.99
40.0,225.0,138.4,39.01,-0.99
40.0,230.0,138.4,39.01,-0.99
40.0,235.0,138.4,39.01,-0.99
40.0,240.0,138.4,39.01,-0.99
40.0,245.0,122.7,39.01,-0.99
40.0,250.0,122.7,39.01,-0.99
40.0,255.0,122.7,39.01,-0.99
40.0,260.0,122.7,39.01,-0.99
60.0,20.0,210.2,60.00,-0.00
60.0,25.0,189.6,60.00,-0.00
60.0,30.0,189.6,60.00,-0.00
60.0,35.0,207.6,60.00,-0.00
60.0,40.0,223.4,60.00,-0.00
60.0,45.0,223.4,60.00,-0.00
60.0,50.0,294.7,60.00,-0.00
60.0,55.0,294.7,60.00,-0.00
60.0,60.0,294.7,60.00,-0.00
60.0,65.0,294.7,60.00,-0.00
60.0,70.0,294.7,60.00,-0.00
60.0,75.0,191.4,60.00,-0.00
60.0,80.0,191.4,60.00,-0.00
60.0,85.0,141.8,60.00,-0.00
60.0,90.0,141.8,60.00,-0.00
60.0,95.0,141.8,60.00,-0.00
60.0,100.0,141.8,60.00,-0.00
60.0,105.0,141.8,60.00,-0.00
60.0,110.0,141.8,60.00,-0.00
60.0,115.0,141.8,60.00,-0.00
60.0,120.0,64.4,60.00,-0.00
60.0,125.0,73.3,60.00,-0.00
60.0,130.0,73.3,60.00,-0.00
60.0,135.0,73.3,60.00,-0.00
60.0,140.0,73.3,60.00,-0.00
60.0,145.0,73.3,60.00,-0.00
60.0,150.0,73.3,60.00,-0.00
60.0,155.0,73.3,60.00,-0.00
60.0,160.0,61.0,60.00,-0.00
60.0,165.0,83.4,60.00,-0.00
60.0,170.0,83.4,60.00,-0.00
60.0,175.0,83.4,60.00,-0.00
60.0,180.0,83.4,60.00,-0.00
60.0,185.0,83.4,60.00,-0.00
60.0,190.0,83.4,60.00,-0.00
60.0,195.0,83.4,60.00,-0.00
60.0,200.0,83.4,60.00,-0.00
60.0,205.0,83.4,60.00,-0.00
60.0,210.0,83.4,60.00,-0.00
60.0,215.0,83.4,60.00,-0.00
60.0,220.0,83.4,60.00,-0.00
60.0,225.0,83.4,60.00,-0.00
60.0,230.0,83.4,60.00,-0.00
60.0,235.0,83.4,60.00,-0.00
60.0,240.0,83.4,60.00,-0.00
60.0,245.0,79.8,60.00,-0.00
60.0,250.0,79.8,60.00,-0.00
60.0,255.0,79.8,60.00,-0.00
60.0,260.0,79.8,60.00,-0.00
100.0,20.0,101.4,97.35,-2.65
100.0,25.0,82.9,97.35,-2.65
100.0,30.0,82.9,97.35,-2.65
100.0,35.0,56.7,97.35,-2.65
100.0,40.0,52.8,97.35,-2.65
100.0,45.0,52.8,97.35,-2.65
100.0,50.0,69.5,97.35,-2.65
100.0,55.0,69.5,97.35,-2.65
100.0,60.0,69.5,97.35,-2.65
100.0,65.0,69.5,97.35,-2.65
100.0,70.0,69.5,97.35,-2.65
100.0,75.0,128.5,97.35,-2.65
100.0,80.0,128.5,97.35,-2.65
100.0,85.0,145.4,97.35,-2.65
100.0,90.0,145.4,97.35,-2.65
100.0,95.0,145.4,97.35,-2.65
100.0,100.0,145.4,97.35,-2.65
100.0,105.0,145.4,97.35,-2.65
100.0,110.0,145.4,97.35,-2.65
100.0,115.0,145.4,97.35,-2.65
100.0,120.0,111.8,97.35,-2.65
100.0,125.0,102.2,97.35,-2.65
100.0,130.0,102.2,97.35,-2.65
100.0,135.0,102.2,97.35,-2.65
100.0,140.0,102.2,97.35,-2.65
100.0,145.0,102.2,97.35,-2.65
100.0,150.0,102.2,97.35,-2.65
100.0,155.0,102.2,97.35,-2.65
100.0,160.0,58.7,97.35,-2.65
100.0,165.0,39.9,97.35,-2.65
100.0,170.0,39.9,97.35,-2.65
100.0,175.0,39.9,97.35,-2.65
100.0,180.0,39.9,97.35,-2.65
100.0,185.0,39.9,97.35,-2.65
100.0,190.0,39.9,97.35,-2.65
100.0,195.0,39.9,97.35,-2.65
100.0,200.0,39.9,97.35,-2.65
100.0,205.0,39.9,97.35,-2.65
100.0,210.0,39.9,97.35,-2.65
100.0,215.0,39.9,97.35,-2.65
100.0,220.0,39.9,97.35,-2.65
100.0,225.0,39.9,97.35,-2.65
100.0,230.0,39.9,97.35,-2.65
100.0,235.0,39.9,97.35,-2.65
100.0,240.0,39.9,97.35,-2.65
100.0,245.0,45.8,97.35,-2.65
100.0,250.0,45.8,97.35,-2.65
100.0,255.0,45.8,97.35,-2.65
100.0,260.0,45.8,97.35,-2.65
150.0,20.0,55.8,140.00,-10.00
150.0,25.0,43.3,140.00,-10.00
150.0,30.0,43.3,140.00,-10.00
150.0,35.0,33.8,140.00,-10.00
150.0,40.0,31.7,140.00,-10.00
150.0,45.0,31.7,140.00,-10.00
150.0,50.0,30.4,140.00,-10.00
150.0,55.0,30.4,140.00,-10.00
150.0,60.0,30.4,140.00,-10.00
150.0,65.0,30.4,140.00,-10.00
150.0,70.0,30.4,140.00,-10.00
150.0,75.0,34.5,140.00,-10.00
150.0,80.0,34.5,140.00,-10.00
150.0,85.0,42.1,140.00,-10.00
150.0,90.0,42.1,140.00,-10.00
150.0,95.0,42.1,140.00,-10.00
150.0,100.0,42.1,140.00,-10.00
150.0,105.0,42.1,140.00,-10.00
150.0,110.0,42.1,140.00,-10.00
150.0,115.0,42.1,140.00,-10.00
150.0,120.0,49.8,140.00,-10.00
150.0,125.0,69.8,140.00,-10.00
150.0,130.0,69.8,140.00,-10.00
150.0,135.0,69.8,140.00,-10.00
150.0,140.0,69.8,140.00,-10.00
150.0,145.0,69.8,140.00,-10.00
150.0,150.0,69.8,140.00,-10.00
150.0,155.0,69.8,140.00,-10.00
150.0,160.0,57.9,140.00,-10.00
150.0,165.0,54.0,140.00,-10.00
150.0,170.0,54.0,140.00,-10.00
150.0,175.0,54.0,140.00,-10.00
150.0,180.0,54.0,140.00,-10.00
150.0,185.0,54.0,140.00,-10.00
150.0,190.0,54.0,140.00,-10.00
150.0,195.0,54.0,140.00,-10.00
150.0,200.0,54.0,140.00,-10.00
150.0,205.0,54.0,140.00,-10.00
150.0,210.0,54.0,140.00,-10.00
150.0,215.0,54.0,140.00,-10.00
150.0,220.0,54.0,140.00,-10.00
150.0,225.0,54.0,140.00,-10.00
150.0,230.0,54.0,140.00,-10.00
150.0,235.0,54.0,140.00,-10.00
150.0,240.0,54.0,140.00,-10.00
150.0,245.0,50.8,140.00,-10.00
150.0,250.0,50.8,140.00,-10.00
150.0,255.0,50.8,140.00,-10.00
150.0,260.0,50.8,140.00,-10.00
200.0,20.0,35.1,214.09,14.09
200.0,25.0,26.8,214.09,14.09
200.0,30.0,26.8,214.09,14.09
200.0,35.0,24.8,214.09,14.09
200.0,40.0,24.4,214.09,14.09
200.0,45.0,24.4,214.09,14.09
200.0,50.0,20.2,214.09,14.09
200.0,55.0,20.2,214.09,14.09
200.0,60.0,20.2,214.09,14.09
200.0,65.0,20.2,214.09,14.09
200.0,70.0,20.2,214.09,14.09
200.0,75.0,17.5,214.09,14.09
200.0,80.0,17.5,214.09,14.09
200.0,85.0,16.5,214.09,14.09
200.0,90.0,16.5,214.09,14.09
200.0,95.0,16.5,214.09,14.09
200.0,100.0,16.5,214.09,14.09
200.0,105.0,16.5,214.09,14.09
200.0,110.0,16.5,214.09,14.09
200.0,115.0,16.5,214.09,14.09
200.0,120.0,20.7,214.09,14.09
200.0,125.0,36.4,214.09,14.09
200.0,130.0,36.4,214.09,14.09
200.0,135.0,36.4,214.09,14.09
200.0,140.0,36.4,214.09,14.09
200.0,145.0,36.4,214.09,14.09
200.0,150.0,36.4,214.09,14.09
200.0,155.0,36.4,214.09,14.09
200.0,160.0,39.2,214.09,14.09
200.0,165.0,48.2,214.09,14.09
200.0,170.0,48.2,214.09,14.09
200.0,175.0,48.2,214.09,14.09
200.0,180.0,48.2,214.09,14.09
200.0,185.0,48.2,214.09,14.09
200.0,190.0,48.2,214.09,14.09
200.0,195.0,48.2,214.09,14.09
200.0,200.0,48.2,214.09,14.09
200.0,205.0,48.2,214.09,14.09
200.0,210.0,48.2,214.09,14.09
200.0,215.0,48.2,214.09,14.09
200.0,220.0,48.2,214.09,14.09
200.0,225.0,48.2,214.09,14.09
200.0,230.0,48.2,214.09,14.09
200.0,235.0,48.2,214.09,14.09
200.0,240.0,48.2,214.09,14.09
200.0,245.0,50.0,214.09,14.09
200.0,250.0,50.0,214.09,14.09
200.0,255.0,50.0,214.09,14.09
200.0,260.0,50.0,214.09,14.09
