source_x_mm,thickness_mm,doi_shift_mm,fwhm_nodoi_mm,fwhm_doi_mm
0.00,5.0,-0.0053,2.4962,2.4790
3.00,5.0,0.0079,2.5264,2.5156
6.00,5.0,0.0000,3.5272,3.4880
9.00,5.0,0.0946,NaN,NaN
0.00,10.0,-0.0087,2.4977,2.4623
3.00,10.0,0.0128,2.5300,2.5244
6.00,10.0,0.0000,3.5147,3.4683
9.00,10.0,0.1918,NaN,NaN
0.00,20.0,-0.0087,2.4989,2.4619
3.00,20.0,0.0154,2.5259,2.4858
6.00,20.0,0.0000,3.5184,3.1480
9.00,20.0,0.2750,NaN,NaN
0.00,30.0,-0.0080,2.4981,2.4736
3.00,30.0,0.0161,2.5329,2.4668
6.00,30.0,0.8786,3.5231,3.1355
9.00,30.0,0.2985,NaN,NaN
