label,energy_kev,angle_deg,ratio
fit,50.0,0.0,0.9546
fit,60.0,0.0,1.0698
fit,80.0,0.0,1.0169
fit,100.0,0.0,0.9282
fit,150.0,0.0,0.9752
fit,200.0,0.0,1.0919
fit,300.0,0.0,1.0732
fit,400.0,0.0,0.9660
fit,500.0,0.0,0.9139
fit,600.0,0.0,0.9127
fit,800.0,0.0,0.9387
fit,1000.0,0.0,0.9971
fit,1250.0,0.0,1.0500
fit,1500.0,0.0,1.0590
check,70.0,0.0,1.0450
check,122.0,0.0,0.9015
check,250.0,0.0,1.1263
check,662.0,0.0,0.9139
check,1173.0,0.0,1.0347
check,1332.0,0.0,1.0648
Am-241,0.0,0.0,1.0633
Co-57,0.0,0.0,0.9057
Ir-192,0.0,0.0,1.0040
Cs-137,0.0,0.0,0.9032
Co-60,0.0,0.0,1.0485
angle,60.0,0.0,1.0698
angle,60.0,2.5,0.7868
angle,60.0,5.0,0.4409
angle,60.0,10.0,0.1122
angle,60.0,20.0,0.0000
angle,60.0,30.0,0.0000
angle,60.0,45.0,0.0000
angle,60.0,60.0,0.0000
angle,122.0,0.0,0.9015
angle,122.0,2.5,0.6561
angle,122.0,5.0,0.3696
angle,122.0,10.0,0.0904
angle,122.0,20.0,0.0000
angle,122.0,30.0,0.0000
angle,122.0,45.0,0.0000
angle,122.0,60.0,0.0000
angle,316.0,0.0,1.0616
angle,316.0,2.5,0.8217
angle,316.0,5.0,0.5225
angle,316.0,10.0,0.1526
angle,316.0,20.0,0.0075
angle,316.0,30.0,0.0039
angle,316.0,45.0,0.0006
angle,316.0,60.0,0.0000
angle,662.0,0.0,0.9139
angle,662.0,2.5,0.8157
angle,662.0,5.0,0.6564
angle,662.0,10.0,0.4038
angle,662.0,20.0,0.2225
angle,662.0,30.0,0.1668
angle,662.0,45.0,0.0765
angle,662.0,60.0,0.0162
angle,1250.0,0.0,1.0500
angle,1250.0,2.5,0.9779
angle,1250.0,5.0,0.8605
angle,1250.0,10.0,0.6586
angle,1250.0,20.0,0.4719
angle,1250.0,30.0,0.3784
angle,1250.0,45.0,0.2129
angle,1250.0,60.0,0.0685
