energy_kev,g_psv_per_count,h_psv_cm2
40,4.3939E-001,0.6400
60,5.3531E-001,0.5100
80,5.2458E-001,0.5300
100,5.5103E-001,0.6100
120,6.3307E-001,0.7229
140,7.6573E-001,0.8346
160,9.4025E-001,0.9517
180,1.1484E+000,1.0756
200,1.3834E+000,1.2000
220,1.6396E+000,1.3200
240,1.9129E+000,1.4400
260,2.1997E+000,1.5600
280,2.4973E+000,1.6800
300,2.8034E+000,1.8000
320,3.1162E+000,1.9164
340,3.4344E+000,2.0326
360,3.7566E+000,2.1486
380,4.0820E+000,2.2644
400,4.4097E+000,2.3800
420,4.7390E+000,2.4907
440,5.0693E+000,2.6010
460,5.4003E+000,2.7110
480,5.7314E+000,2.8207
500,6.0625E+000,2.9300
520,6.3931E+000,3.0329
540,6.7230E+000,3.1353
560,7.0521E+000,3.2373
580,7.3802E+000,3.3389
600,7.7072E+000,3.4400
620,8.0328E+000,3.5360
640,8.3571E+000,3.6316
660,8.6799E+000,3.7266
680,9.0012E+000,3.8212
700,9.3209E+000,3.9154
720,9.6390E+000,4.0091
740,9.9554E+000,4.1024
760,1.0270E+001,4.1953
780,1.0583E+001,4.2879
800,1.0894E+001,4.3800
820,1.1204E+001,4.4640
840,1.1511E+001,4.5475
860,1.1817E+001,4.6305
880,1.2121E+001,4.7131
900,1.2424E+001,4.7953
920,1.2724E+001,4.8770
940,1.3023E+001,4.9583
960,1.3320E+001,5.0393
980,1.3615E+001,5.1198
1000,1.3909E+001,5.2000
1020,1.4200E+001,5.2723
1040,1.4490E+001,5.3442
1060,1.4779E+001,5.4157
1080,1.5065E+001,5.4868
1100,1.5350E+001,5.5575
1120,1.5634E+001,5.6278
1140,1.5915E+001,5.6977
1160,1.6195E+001,5.7673
1180,1.6474E+001,5.8365
1200,1.6751E+001,5.9053
1220,1.7026E+001,5.9738
1240,1.7300E+001,6.0419
1260,1.7572E+001,6.1098
1280,1.7842E+001,6.1773
1300,1.8111E+001,6.2444
1320,1.8379E+001,6.3113
1340,1.8645E+001,6.3779
1360,1.8909E+001,6.4441
1380,1.9173E+001,6.5101
1400,1.9434E+001,6.5758
1420,1.9695E+001,6.6412
1440,1.9953E+001,6.7063
1460,2.0211E+001,6.7711
1480,2.0467E+001,6.8357
1500,2.0722E+001,6.9000
1520,2.0975E+001,6.9703
1540,2.1227E+001,7.0404
1560,2.1478E+001,7.1103
1580,2.1728E+001,7.1800
1600,2.1976E+001,7.2495
