distance_mm,direction_deg,angle_deg,rel_efficiency,onaxis_counts,bsr,loc_noncyclic,loc_cyclic,median_err_deg,side_centroid,side_peak,outside_peak,outside_centroid,false_infield,false_infield_unflagged
1000,0,0.00,1.0000,500,0.00,1.000,1.000,0.040,NaN,NaN,0.000,0.000,0.000,0.000
1000,0,0.50,0.9930,500,0.00,1.000,1.000,0.063,0.460,1.000,0.000,0.000,0.000,0.000
1000,0,1.00,0.9822,500,0.00,1.000,1.000,0.116,0.930,1.000,0.000,0.000,0.000,0.000
1000,0,1.50,0.9725,500,0.00,1.000,1.000,0.047,1.000,1.000,0.000,0.000,0.000,0.000
1000,0,2.00,0.9459,500,0.00,1.000,1.000,0.099,1.000,1.000,0.000,0.010,0.000,0.000
1000,0,2.50,0.9110,500,0.00,1.000,1.000,0.075,1.000,1.000,0.000,0.050,0.000,0.000
1000,0,3.00,0.8746,500,0.00,1.000,1.000,0.033,1.000,1.000,0.000,0.130,0.000,0.000
1000,0,3.50,0.8396,500,0.00,1.000,0.460,0.072,1.000,1.000,0.040,0.210,0.000,0.000
1000,0,4.00,0.8107,500,0.00,1.000,0.000,0.125,1.000,1.000,1.000,0.490,0.000,0.000
1000,0,4.50,0.7745,500,0.00,1.000,0.000,0.069,1.000,1.000,1.000,0.630,0.000,0.000
1000,0,5.00,0.7479,500,0.00,1.000,0.000,0.086,1.000,1.000,1.000,0.810,0.000,0.000
1000,0,5.50,0.7177,500,0.00,1.000,0.000,0.094,1.000,1.000,1.000,0.870,0.000,0.000
1000,0,6.00,0.6893,500,0.00,0.990,0.000,0.036,1.000,0.990,0.990,0.950,0.010,0.000
1000,0,6.50,0.6579,500,0.00,0.870,0.000,0.526,1.000,0.870,0.870,0.960,0.130,0.030
1000,0,7.00,0.6231,500,0.00,0.920,0.000,0.153,1.000,0.920,0.920,0.960,0.080,0.020
1000,0,7.50,0.5942,500,0.00,0.490,0.000,6.379,1.000,0.830,0.510,0.970,0.490,0.020
1000,0,8.00,0.5793,500,0.00,0.370,0.000,7.154,1.000,0.980,0.370,0.980,0.630,0.020
1000,0,8.50,0.5694,500,0.00,0.240,0.000,7.073,1.000,1.000,0.240,1.000,0.760,0.000
1000,0,9.00,0.5570,500,0.00,0.100,0.000,7.249,1.000,1.000,0.100,1.000,0.900,0.000
1000,0,9.50,0.5345,500,0.00,0.230,0.000,7.405,1.000,1.000,0.240,1.000,0.760,0.000
1000,0,10.00,0.5067,500,0.00,0.200,0.000,7.306,1.000,0.990,0.250,0.990,0.750,0.010
1000,0,10.50,0.4789,500,0.00,0.090,0.000,7.815,1.000,1.000,0.270,0.990,0.730,0.010
1000,0,11.00,0.4561,500,0.00,0.010,0.000,7.894,1.000,1.000,0.280,0.990,0.720,0.000
1000,0,11.50,0.4332,500,0.00,0.040,0.000,7.982,1.000,0.990,0.420,0.950,0.580,0.030
1000,0,12.00,0.4103,500,0.00,0.000,0.000,9.636,1.000,1.000,0.480,0.870,0.520,0.070
1000,0,12.50,0.3882,500,0.00,0.000,0.000,10.068,1.000,0.990,0.630,0.780,0.370,0.110
1000,0,13.00,0.3665,500,0.00,0.000,0.000,11.265,1.000,0.980,0.490,0.480,0.510,0.230
1000,0,13.50,0.3422,500,0.00,0.000,0.000,11.914,0.990,0.910,0.490,0.300,0.510,0.370
1000,0,14.00,0.3201,500,0.00,0.000,0.000,12.742,0.960,0.800,0.420,0.060,0.580,0.550
1000,0,14.50,0.3032,500,0.00,0.000,0.000,13.158,0.810,0.760,0.370,0.000,0.630,0.630
1000,0,15.00,0.2907,500,0.00,0.000,0.000,13.939,0.730,0.710,0.490,0.000,0.510,0.510
1000,0,15.50,0.2841,500,0.00,0.000,0.000,14.407,0.580,0.730,0.400,0.000,0.600,0.600
1000,0,16.00,0.2798,500,0.00,0.000,0.000,15.291,0.430,0.690,0.390,0.000,0.610,0.610
1000,0,16.50,0.2752,500,0.00,0.000,0.000,15.967,0.420,0.640,0.370,0.000,0.630,0.630
1000,0,17.00,0.2714,500,0.00,0.000,0.000,16.575,0.450,0.650,0.330,0.010,0.670,0.660
1000,0,17.50,0.2703,500,0.00,0.000,0.000,16.742,0.520,0.700,0.410,0.000,0.590,0.590
1000,0,18.00,0.2660,500,0.00,0.000,0.000,16.976,0.530,0.730,0.330,0.000,0.670,0.670
1000,0,18.50,0.2643,500,0.00,0.000,0.000,17.734,0.510,0.680,0.430,0.000,0.570,0.570
1000,0,19.00,0.2606,500,0.00,0.000,0.000,17.720,0.620,0.780,0.370,0.000,0.630,0.630
1000,0,19.50,0.2567,500,0.00,0.000,0.000,18.241,0.600,0.740,0.420,0.000,0.580,0.580
1000,0,20.00,0.2537,500,0.00,0.000,0.000,18.868,0.530,0.700,0.320,0.030,0.680,0.660
1000,0,0.00,1.0000,500,1.00,1.000,1.000,0.085,NaN,NaN,0.000,0.000,0.000,0.000
1000,0,0.50,0.9930,500,1.00,0.980,1.000,0.085,0.400,1.000,0.020,0.000,0.000,0.000
1000,0,1.00,0.9822,500,1.00,1.000,1.000,0.211,0.810,1.000,0.000,0.000,0.000,0.000
1000,0,1.50,0.9725,500,1.00,1.000,1.000,0.078,0.960,1.000,0.000,0.000,0.000,0.000
1000,0,2.00,0.9459,500,1.00,1.000,1.000,0.108,1.000,1.000,0.000,0.040,0.000,0.000
1000,0,2.50,0.9110,500,1.00,1.000,1.000,0.114,1.000,1.000,0.000,0.070,0.000,0.000
1000,0,3.00,0.8746,500,1.00,1.000,1.000,0.071,1.000,1.000,0.000,0.120,0.000,0.000
1000,0,3.50,0.8396,500,1.00,0.980,0.430,0.115,1.000,1.000,0.090,0.170,0.000,0.000
1000,0,4.00,0.8107,500,1.00,1.000,0.000,0.144,1.000,1.000,1.000,0.290,0.000,0.000
1000,0,4.50,0.7745,500,1.00,0.880,0.000,0.164,1.000,0.990,0.880,0.230,0.120,0.110
1000,0,5.00,0.7479,500,1.00,0.950,0.000,0.109,1.000,1.000,0.970,0.400,0.030,0.010
1000,0,5.50,0.7177,500,1.00,0.770,0.000,0.143,1.000,0.920,0.880,0.400,0.120,0.090
1000,0,6.00,0.6893,500,1.00,0.680,0.000,0.067,1.000,0.770,0.770,0.490,0.230,0.150
1000,0,6.50,0.6579,500,1.00,0.360,0.000,6.021,1.000,0.560,0.480,0.450,0.520,0.260
1000,0,7.00,0.6231,500,1.00,0.290,0.000,7.102,1.000,0.520,0.500,0.340,0.500,0.340
1000,0,7.50,0.5942,500,1.00,0.080,0.000,7.763,1.000,0.680,0.500,0.400,0.500,0.310
1000,0,8.00,0.5793,500,1.00,0.120,0.000,7.405,1.000,0.930,0.300,0.470,0.700,0.360
1000,0,8.50,0.5694,500,1.00,0.070,0.000,7.087,1.000,0.950,0.240,0.570,0.760,0.320
1000,0,9.00,0.5570,500,1.00,0.020,0.000,7.400,1.000,1.000,0.190,0.590,0.810,0.330
1000,0,9.50,0.5345,500,1.00,0.000,0.000,7.839,1.000,0.990,0.220,0.680,0.780,0.250
1000,0,10.00,0.5067,500,1.00,0.000,0.000,8.493,1.000,1.000,0.290,0.590,0.710,0.280
1000,0,10.50,0.4789,500,1.00,0.000,0.000,9.007,1.000,0.980,0.340,0.370,0.660,0.440
1000,0,11.00,0.4561,500,1.00,0.000,0.000,9.566,1.000,0.990,0.450,0.290,0.550,0.400
1000,0,11.50,0.4332,500,1.00,0.000,0.000,10.033,1.000,0.970,0.410,0.220,0.590,0.410
1000,0,12.00,0.4103,500,1.00,0.000,0.000,10.999,0.980,0.950,0.470,0.170,0.530,0.430
1000,0,12.50,0.3882,500,1.00,0.000,0.000,11.632,0.980,0.940,0.510,0.050,0.490,0.470
1000,0,13.00,0.3665,500,1.00,0.000,0.000,12.040,0.980,0.910,0.480,0.060,0.520,0.490
1000,0,13.50,0.3422,500,1.00,0.000,0.000,12.518,0.920,0.930,0.430,0.010,0.570,0.560
1000,0,14.00,0.3201,500,1.00,0.000,0.000,12.984,0.760,0.830,0.430,0.000,0.570,0.570
1000,0,14.50,0.3032,500,1.00,0.000,0.000,13.308,0.660,0.870,0.450,0.000,0.550,0.550
1000,0,15.00,0.2907,500,1.00,0.000,0.000,14.021,0.540,0.820,0.330,0.000,0.670,0.670
1000,0,15.50,0.2841,500,1.00,0.000,0.000,14.520,0.520,0.780,0.440,0.000,0.560,0.560
1000,0,16.00,0.2798,500,1.00,0.000,0.000,15.508,0.490,0.760,0.510,0.000,0.490,0.490
1000,0,16.50,0.2752,500,1.00,0.000,0.000,15.572,0.530,0.830,0.510,0.000,0.490,0.490
1000,0,17.00,0.2714,500,1.00,0.000,0.000,16.344,0.450,0.800,0.510,0.000,0.490,0.490
1000,0,17.50,0.2703,500,1.00,0.000,0.000,16.427,0.530,0.840,0.420,0.000,0.580,0.580
1000,0,18.00,0.2660,500,1.00,0.000,0.000,17.111,0.530,0.840,0.450,0.000,0.550,0.550
1000,0,18.50,0.2643,500,1.00,0.000,0.000,17.391,0.480,0.830,0.460,0.000,0.540,0.540
1000,0,19.00,0.2606,500,1.00,0.000,0.000,18.045,0.380,0.760,0.480,0.000,0.520,0.520
1000,0,19.50,0.2567,500,1.00,0.000,0.000,18.437,0.470,0.830,0.480,0.000,0.520,0.520
1000,0,20.00,0.2537,500,1.00,0.000,0.000,18.997,0.510,0.800,0.470,0.000,0.530,0.530
1000,0,0.00,1.0000,5000,0.00,1.000,1.000,0.039,NaN,NaN,0.000,0.000,0.000,0.000
1000,0,0.50,0.9930,5000,0.00,1.000,1.000,0.051,0.370,1.000,0.000,0.000,0.000,0.000
1000,0,1.00,0.9822,5000,0.00,1.000,1.000,0.068,1.000,1.000,0.000,0.000,0.000,0.000
1000,0,1.50,0.9725,5000,0.00,1.000,1.000,0.034,1.000,1.000,0.000,0.000,0.000,0.000
1000,0,2.00,0.9459,5000,0.00,1.000,1.000,0.098,1.000,1.000,0.000,0.000,0.000,0.000
1000,0,2.50,0.9110,5000,0.00,1.000,1.000,0.070,1.000,1.000,0.000,0.000,0.000,0.000
1000,0,3.00,0.8746,5000,0.00,1.000,1.000,0.037,1.000,1.000,0.000,0.080,0.000,0.000
1000,0,3.50,0.8396,5000,0.00,1.000,0.220,0.039,1.000,1.000,0.000,0.320,0.000,0.000
1000,0,4.00,0.8107,5000,0.00,1.000,0.000,0.125,1.000,1.000,1.000,0.940,0.000,0.000
1000,0,4.50,0.7745,5000,0.00,1.000,0.000,0.057,1.000,1.000,1.000,1.000,0.000,0.000
1000,0,5.00,0.7479,5000,0.00,1.000,0.000,0.087,1.000,1.000,1.000,1.000,0.000,0.000
1000,0,5.50,0.7177,5000,0.00,1.000,0.000,0.076,1.000,1.000,1.000,1.000,0.000,0.000
1000,0,6.00,0.6893,5000,0.00,1.000,0.000,0.035,1.000,1.000,1.000,1.000,0.000,0.000
1000,0,6.50,0.6579,5000,0.00,1.000,0.000,0.526,1.000,1.000,1.000,1.000,0.000,0.000
1000,0,7.00,0.6231,5000,0.00,1.000,0.000,0.152,1.000,1.000,1.000,1.000,0.000,0.000
1000,0,7.50,0.5942,5000,0.00,0.570,0.000,0.647,1.000,0.890,0.570,1.000,0.430,0.000
1000,0,8.00,0.5793,5000,0.00,0.570,0.000,0.379,1.000,1.000,0.570,1.000,0.430,0.000
1000,0,8.50,0.5694,5000,0.00,0.260,0.000,7.127,1.000,1.000,0.260,1.000,0.740,0.000
1000,0,9.00,0.5570,5000,0.00,0.020,0.000,7.251,1.000,1.000,0.020,1.000,0.980,0.000
1000,0,9.50,0.5345,5000,0.00,0.040,0.000,7.717,1.000,1.000,0.040,1.000,0.960,0.000
1000,0,10.00,0.5067,5000,0.00,0.330,0.000,7.163,1.000,1.000,0.330,1.000,0.670,0.000
1000,0,10.50,0.4789,5000,0.00,0.030,0.000,7.582,1.000,1.000,0.030,1.000,0.970,0.000
1000,0,11.00,0.4561,5000,0.00,0.020,0.000,7.467,1.000,1.000,0.100,1.000,0.900,0.000
1000,0,11.50,0.4332,5000,0.00,0.000,0.000,7.852,1.000,1.000,0.510,1.000,0.490,0.000
1000,0,12.00,0.4103,5000,0.00,0.000,0.000,7.600,1.000,1.000,0.850,1.000,0.150,0.000
1000,0,12.50,0.3882,5000,0.00,0.000,0.000,8.108,1.000,1.000,0.570,1.000,0.430,0.000
1000,0,13.00,0.3665,5000,0.00,0.000,0.000,11.993,1.000,1.000,0.370,0.890,0.630,0.080
1000,0,13.50,0.3422,5000,0.00,0.000,0.000,12.088,1.000,1.000,0.420,0.170,0.580,0.470
1000,0,14.00,0.3201,5000,0.00,0.000,0.000,12.963,1.000,1.000,0.160,0.000,0.840,0.840
1000,0,14.50,0.3032,5000,0.00,0.000,0.000,13.450,0.990,0.990,0.360,0.000,0.640,0.640
1000,0,15.00,0.2907,5000,0.00,0.000,0.000,14.029,0.900,0.790,0.540,0.000,0.460,0.460
1000,0,15.50,0.2841,5000,0.00,0.000,0.000,15.180,0.700,0.730,0.580,0.000,0.420,0.420
1000,0,16.00,0.2798,5000,0.00,0.000,0.000,15.432,0.490,0.870,0.580,0.000,0.420,0.420
1000,0,16.50,0.2752,5000,0.00,0.000,0.000,15.501,0.510,0.900,0.510,0.000,0.490,0.490
1000,0,17.00,0.2714,5000,0.00,0.000,0.000,15.974,0.340,0.850,0.440,0.000,0.560,0.560
1000,0,17.50,0.2703,5000,0.00,0.000,0.000,17.131,0.330,0.810,0.560,0.000,0.440,0.440
1000,0,18.00,0.2660,5000,0.00,0.000,0.000,17.249,0.420,0.870,0.470,0.000,0.530,0.530
1000,0,18.50,0.2643,5000,0.00,0.000,0.000,17.719,0.390,0.780,0.490,0.000,0.510,0.510
1000,0,19.00,0.2606,5000,0.00,0.000,0.000,18.687,0.380,0.800,0.730,0.000,0.270,0.270
1000,0,19.50,0.2567,5000,0.00,0.000,0.000,19.034,0.580,0.820,0.600,0.000,0.400,0.400
1000,0,20.00,0.2537,5000,0.00,0.000,0.000,19.105,0.450,0.890,0.630,0.000,0.370,0.370
1000,0,0.00,1.0000,5000,1.00,1.000,1.000,0.077,NaN,NaN,0.000,0.000,0.000,0.000
1000,0,0.50,0.9930,5000,1.00,1.000,1.000,0.082,0.310,1.000,0.000,0.000,0.000,0.000
1000,0,1.00,0.9822,5000,1.00,1.000,1.000,0.216,1.000,1.000,0.000,0.000,0.000,0.000
1000,0,1.50,0.9725,5000,1.00,1.000,1.000,0.063,1.000,1.000,0.000,0.000,0.000,0.000
1000,0,2.00,0.9459,5000,1.00,1.000,1.000,0.108,1.000,1.000,0.000,0.000,0.000,0.000
1000,0,2.50,0.9110,5000,1.00,1.000,1.000,0.083,1.000,1.000,0.000,0.030,0.000,0.000
1000,0,3.00,0.8746,5000,1.00,1.000,1.000,0.066,1.000,1.000,0.000,0.060,0.000,0.000
1000,0,3.50,0.8396,5000,1.00,1.000,0.180,0.065,1.000,1.000,0.000,0.310,0.000,0.000
1000,0,4.00,0.8107,5000,1.00,1.000,0.000,0.142,1.000,1.000,1.000,0.590,0.000,0.000
1000,0,4.50,0.7745,5000,1.00,1.000,0.000,0.075,1.000,1.000,1.000,0.870,0.000,0.000
1000,0,5.00,0.7479,5000,1.00,1.000,0.000,0.099,1.000,1.000,1.000,0.950,0.000,0.000
1000,0,5.50,0.7177,5000,1.00,1.000,0.000,0.096,1.000,1.000,1.000,0.950,0.000,0.000
1000,0,6.00,0.6893,5000,1.00,1.000,0.000,0.056,1.000,1.000,1.000,0.990,0.000,0.000
1000,0,6.50,0.6579,5000,1.00,0.490,0.000,7.337,1.000,0.490,0.630,0.990,0.370,0.000
1000,0,7.00,0.6231,5000,1.00,0.560,0.000,0.174,1.000,0.560,0.660,0.910,0.340,0.040
1000,0,7.50,0.5942,5000,1.00,0.010,0.000,9.696,1.000,0.720,0.640,0.840,0.360,0.040
1000,0,8.00,0.5793,5000,1.00,0.330,0.000,6.767,1.000,1.000,0.450,0.990,0.550,0.000
1000,0,8.50,0.5694,5000,1.00,0.000,0.000,7.071,1.000,1.000,0.010,1.000,0.990,0.000
1000,0,9.00,0.5570,5000,1.00,0.000,0.000,7.337,1.000,1.000,0.000,1.000,1.000,0.000
1000,0,9.50,0.5345,5000,1.00,0.000,0.000,7.768,1.000,1.000,0.060,1.000,0.940,0.000
1000,0,10.00,0.5067,5000,1.00,0.000,0.000,7.373,1.000,1.000,0.210,0.980,0.790,0.020
1000,0,10.50,0.4789,5000,1.00,0.000,0.000,9.673,1.000,1.000,0.360,0.950,0.640,0.040
1000,0,11.00,0.4561,5000,1.00,0.000,0.000,10.751,1.000,1.000,0.650,0.770,0.350,0.060
1000,0,11.50,0.4332,5000,1.00,0.000,0.000,12.000,1.000,1.000,0.690,0.380,0.310,0.180
1000,0,12.00,0.4103,5000,1.00,0.000,0.000,12.361,1.000,1.000,0.620,0.030,0.380,0.380
1000,0,12.50,0.3882,5000,1.00,0.000,0.000,11.886,1.000,1.000,0.550,0.010,0.450,0.450
1000,0,13.00,0.3665,5000,1.00,0.000,0.000,12.037,1.000,1.000,0.350,0.000,0.650,0.650
1000,0,13.50,0.3422,5000,1.00,0.000,0.000,12.520,1.000,0.990,0.370,0.000,0.630,0.630
1000,0,14.00,0.3201,5000,1.00,0.000,0.000,13.018,1.000,0.990,0.430,0.000,0.570,0.570
1000,0,14.50,0.3032,5000,1.00,0.000,0.000,14.502,0.900,0.940,0.600,0.000,0.400,0.400
1000,0,15.00,0.2907,5000,1.00,0.000,0.000,14.973,0.730,0.960,0.610,0.000,0.390,0.390
1000,0,15.50,0.2841,5000,1.00,0.000,0.000,15.481,0.510,0.900,0.780,0.000,0.220,0.220
1000,0,16.00,0.2798,5000,1.00,0.000,0.000,15.944,0.460,0.920,0.770,0.000,0.230,0.230
1000,0,16.50,0.2752,5000,1.00,0.000,0.000,16.351,0.490,0.920,0.750,0.000,0.250,0.250
1000,0,17.00,0.2714,5000,1.00,0.000,0.000,16.830,0.550,0.940,0.760,0.000,0.240,0.240
1000,0,17.50,0.2703,5000,1.00,0.000,0.000,17.302,0.370,0.910,0.770,0.000,0.230,0.230
1000,0,18.00,0.2660,5000,1.00,0.000,0.000,17.778,0.460,0.890,0.750,0.000,0.250,0.250
1000,0,18.50,0.2643,5000,1.00,0.000,0.000,18.207,0.440,0.920,0.750,0.000,0.250,0.250
1000,0,19.00,0.2606,5000,1.00,0.000,0.000,18.680,0.490,0.970,0.790,0.000,0.210,0.210
1000,0,19.50,0.2567,5000,1.00,0.000,0.000,19.147,0.490,0.940,0.790,0.000,0.210,0.210
1000,0,20.00,0.2537,5000,1.00,0.000,0.000,19.597,0.540,0.970,0.750,0.000,0.250,0.250
1000,45,0.00,1.0000,500,0.00,1.000,1.000,0.040,NaN,NaN,0.000,0.000,0.000,0.000
1000,45,0.50,0.9923,500,0.00,1.000,1.000,0.199,0.840,1.000,0.000,0.000,0.000,0.000
1000,45,1.00,0.9736,500,0.00,1.000,1.000,0.162,1.000,1.000,0.000,0.000,0.000,0.000
1000,45,1.50,0.9336,500,0.00,1.000,1.000,0.178,1.000,1.000,0.000,0.000,0.000,0.000
1000,45,2.00,0.8932,500,0.00,1.000,1.000,0.288,1.000,1.000,0.000,0.000,0.000,0.000
1000,45,2.50,0.8580,500,0.00,1.000,1.000,0.327,1.000,1.000,0.000,0.000,0.000,0.000
1000,45,3.00,0.8172,500,0.00,0.990,1.000,0.038,1.000,0.990,0.010,0.000,0.000,0.000
1000,45,3.50,0.7827,500,0.00,0.910,0.950,0.169,1.000,0.930,0.010,0.010,0.080,0.080
1000,45,4.00,0.7490,500,0.00,1.000,1.000,0.173,1.000,1.000,0.000,0.070,0.000,0.000
1000,45,4.50,0.7181,500,0.00,0.980,0.950,0.276,1.000,1.000,0.010,0.160,0.020,0.010
1000,45,5.00,0.6902,500,0.00,0.840,0.170,0.134,1.000,0.960,0.330,0.310,0.150,0.110
1000,45,5.50,0.6648,500,0.00,1.000,0.000,0.039,1.000,1.000,1.000,0.520,0.000,0.000
1000,45,6.00,0.6337,500,0.00,0.970,0.000,0.514,1.000,1.000,0.980,0.560,0.020,0.010
1000,45,6.50,0.6041,500,0.00,0.630,0.000,0.321,1.000,0.950,0.770,0.580,0.230,0.110
1000,45,7.00,0.5840,500,0.00,0.790,0.000,0.170,1.000,0.990,0.860,0.690,0.140,0.050
1000,45,7.50,0.5626,500,0.00,0.510,0.000,0.330,1.000,0.980,0.690,0.700,0.310,0.090
1000,45,8.00,0.5435,500,0.00,0.460,0.000,6.167,1.000,0.980,0.510,0.880,0.490,0.060
1000,45,8.50,0.5234,500,0.00,0.860,0.000,0.276,1.000,0.980,0.910,0.790,0.090,0.020
1000,45,9.00,0.4992,500,0.00,0.730,0.000,0.420,1.000,0.940,0.890,0.810,0.110,0.020
1000,45,9.50,0.4754,500,0.00,0.050,0.000,6.678,1.000,0.880,0.730,0.640,0.270,0.120
1000,45,10.00,0.4537,500,0.00,0.020,0.000,7.217,1.000,0.710,0.560,0.660,0.440,0.150
1000,45,10.50,0.4374,500,0.00,0.000,0.000,10.416,1.000,0.630,0.330,0.530,0.670,0.320
1000,45,11.00,0.4222,500,0.00,0.000,0.000,9.947,1.000,0.790,0.370,0.510,0.630,0.330
1000,45,11.50,0.4068,500,0.00,0.010,0.000,10.290,1.000,0.830,0.320,0.470,0.680,0.360
1000,45,12.00,0.3921,500,0.00,0.000,0.000,10.923,1.000,0.770,0.310,0.430,0.690,0.440
1000,45,12.50,0.3797,500,0.00,0.000,0.000,11.535,1.000,0.720,0.190,0.310,0.810,0.560
1000,45,13.00,0.3666,500,0.00,0.000,0.000,12.244,1.000,0.700,0.160,0.250,0.840,0.590
1000,45,13.50,0.3556,500,0.00,0.000,0.000,13.049,1.000,0.670,0.180,0.140,0.820,0.710
1000,45,14.00,0.3472,500,0.00,0.000,0.000,13.630,1.000,0.600,0.140,0.100,0.860,0.770
1000,45,14.50,0.3365,500,0.00,0.000,0.000,13.754,0.980,0.680,0.120,0.070,0.880,0.810
1000,45,15.00,0.3271,500,0.00,0.000,0.000,14.666,1.000,0.620,0.120,0.050,0.880,0.830
1000,45,15.50,0.3170,500,0.00,0.000,0.000,15.479,0.990,0.570,0.200,0.060,0.800,0.740
1000,45,16.00,0.3079,500,0.00,0.000,0.000,15.941,0.970,0.540,0.200,0.020,0.800,0.790
1000,45,16.50,0.3006,500,0.00,0.000,0.000,15.862,0.940,0.620,0.230,0.020,0.770,0.750
1000,45,17.00,0.2930,500,0.00,0.000,0.000,16.478,0.900,0.620,0.190,0.000,0.810,0.810
1000,45,17.50,0.2870,500,0.00,0.000,0.000,17.029,0.890,0.560,0.280,0.010,0.720,0.710
1000,45,18.00,0.2782,500,0.00,0.000,0.000,17.771,0.830,0.560,0.220,0.010,0.780,0.770
1000,45,18.50,0.2735,500,0.00,0.000,0.000,19.510,0.650,0.430,0.330,0.000,0.670,0.670
1000,45,19.00,0.2661,500,0.00,0.000,0.000,18.862,0.630,0.560,0.270,0.000,0.730,0.730
1000,45,19.50,0.2607,500,0.00,0.000,0.000,19.822,0.710,0.490,0.300,0.000,0.700,0.700
1000,45,20.00,0.2557,500,0.00,0.000,0.000,21.230,0.560,0.400,0.410,0.000,0.590,0.590
1000,45,0.00,1.0000,500,1.00,1.000,1.000,0.085,NaN,NaN,0.000,0.000,0.000,0.000
1000,45,0.50,0.9923,500,1.00,0.900,0.990,0.254,0.750,0.900,0.100,0.000,0.000,0.000
1000,45,1.00,0.9736,500,1.00,0.800,0.990,0.231,0.930,0.830,0.170,0.000,0.030,0.030
1000,45,1.50,0.9336,500,1.00,0.990,1.000,0.235,1.000,0.990,0.000,0.000,0.010,0.010
1000,45,2.00,0.8932,500,1.00,0.710,0.950,0.474,1.000,0.830,0.090,0.000,0.200,0.200
1000,45,2.50,0.8580,500,1.00,0.490,0.880,1.713,1.000,0.700,0.190,0.040,0.320,0.310
1000,45,3.00,0.8172,500,1.00,0.600,0.780,0.038,1.000,0.720,0.220,0.040,0.180,0.160
1000,45,3.50,0.7827,500,1.00,0.030,0.320,5.965,1.000,0.380,0.250,0.050,0.720,0.670
1000,45,4.00,0.7490,500,1.00,0.340,0.690,3.094,1.000,0.700,0.160,0.070,0.500,0.450
1000,45,4.50,0.7181,500,1.00,0.200,0.460,4.048,1.000,0.590,0.190,0.100,0.610,0.550
1000,45,5.00,0.6902,500,1.00,0.100,0.060,4.576,1.000,0.600,0.290,0.250,0.670,0.540
1000,45,5.50,0.6648,500,1.00,0.470,0.000,4.411,1.000,0.800,0.800,0.240,0.200,0.180
1000,45,6.00,0.6337,500,1.00,0.160,0.000,7.584,1.000,0.690,0.590,0.260,0.410,0.320
1000,45,6.50,0.6041,500,1.00,0.020,0.000,8.013,1.000,0.490,0.490,0.190,0.510,0.380
1000,45,7.00,0.5840,500,1.00,0.010,0.000,6.581,1.000,0.570,0.400,0.250,0.600,0.430
1000,45,7.50,0.5626,500,1.00,0.010,0.000,6.942,1.000,0.580,0.400,0.220,0.600,0.460
1000,45,8.00,0.5435,500,1.00,0.000,0.000,7.375,1.000,0.600,0.400,0.220,0.600,0.420
1000,45,8.50,0.5234,500,1.00,0.050,0.000,10.451,1.000,0.470,0.560,0.270,0.440,0.300
1000,45,9.00,0.4992,500,1.00,0.030,0.000,10.730,1.000,0.420,0.500,0.210,0.500,0.370
1000,45,9.50,0.4754,500,1.00,0.000,0.000,12.159,1.000,0.310,0.480,0.130,0.520,0.440
1000,45,10.00,0.4537,500,1.00,0.000,0.000,10.540,1.000,0.360,0.390,0.080,0.610,0.540
1000,45,10.50,0.4374,500,1.00,0.000,0.000,12.077,0.990,0.350,0.410,0.030,0.590,0.560
1000,45,11.00,0.4222,500,1.00,0.000,0.000,11.394,0.990,0.470,0.280,0.040,0.720,0.680
1000,45,11.50,0.4068,500,1.00,0.000,0.000,13.244,1.000,0.380,0.360,0.020,0.640,0.620
1000,45,12.00,0.3921,500,1.00,0.000,0.000,13.891,1.000,0.350,0.330,0.010,0.670,0.660
1000,45,12.50,0.3797,500,1.00,0.000,0.000,14.242,0.990,0.420,0.350,0.010,0.650,0.650
1000,45,13.00,0.3666,500,1.00,0.000,0.000,13.349,0.980,0.500,0.200,0.010,0.800,0.790
1000,45,13.50,0.3556,500,1.00,0.000,0.000,15.206,0.960,0.370,0.270,0.010,0.730,0.720
1000,45,14.00,0.3472,500,1.00,0.000,0.000,14.014,0.960,0.500,0.240,0.000,0.760,0.760
1000,45,14.50,0.3365,500,1.00,0.000,0.000,15.683,0.900,0.410,0.300,0.020,0.700,0.680
1000,45,15.00,0.3271,500,1.00,0.000,0.000,15.953,0.920,0.440,0.260,0.010,0.740,0.730
1000,45,15.50,0.3170,500,1.00,0.000,0.000,16.898,0.920,0.370,0.330,0.000,0.670,0.670
1000,45,16.00,0.3079,500,1.00,0.000,0.000,17.482,0.790,0.360,0.310,0.000,0.690,0.690
1000,45,16.50,0.3006,500,1.00,0.000,0.000,17.897,0.800,0.440,0.320,0.000,0.680,0.680
1000,45,17.00,0.2930,500,1.00,0.000,0.000,18.617,0.820,0.420,0.390,0.000,0.610,0.610
1000,45,17.50,0.2870,500,1.00,0.000,0.000,19.173,0.690,0.420,0.390,0.000,0.610,0.610
1000,45,18.00,0.2782,500,1.00,0.000,0.000,19.681,0.720,0.390,0.350,0.000,0.650,0.650
1000,45,18.50,0.2735,500,1.00,0.000,0.000,20.238,0.690,0.290,0.460,0.000,0.540,0.540
1000,45,19.00,0.2661,500,1.00,0.000,0.000,21.579,0.590,0.240,0.470,0.000,0.530,0.530
1000,45,19.50,0.2607,500,1.00,0.000,0.000,21.580,0.570,0.300,0.460,0.000,0.540,0.540
1000,45,20.00,0.2557,500,1.00,0.000,0.000,23.047,0.560,0.290,0.490,0.000,0.510,0.510
1000,45,0.00,1.0000,5000,0.00,1.000,1.000,0.039,NaN,NaN,0.000,0.000,0.000,0.000
1000,45,0.50,0.9923,5000,0.00,1.000,1.000,0.157,1.000,1.000,0.000,0.000,0.000,0.000
1000,45,1.00,0.9736,5000,0.00,1.000,1.000,0.121,1.000,1.000,0.000,0.000,0.000,0.000
1000,45,1.50,0.9336,5000,0.00,1.000,1.000,0.137,1.000,1.000,0.000,0.000,0.000,0.000
1000,45,2.00,0.8932,5000,0.00,1.000,1.000,0.271,1.000,1.000,0.000,0.000,0.000,0.000
1000,45,2.50,0.8580,5000,0.00,1.000,1.000,0.028,1.000,1.000,0.000,0.000,0.000,0.000
1000,45,3.00,0.8172,5000,0.00,1.000,1.000,0.038,1.000,1.000,0.000,0.000,0.000,0.000
1000,45,3.50,0.7827,5000,0.00,1.000,1.000,0.070,1.000,1.000,0.000,0.000,0.000,0.000
1000,45,4.00,0.7490,5000,0.00,1.000,1.000,0.171,1.000,1.000,0.000,0.000,0.000,0.000
1000,45,4.50,0.7181,5000,0.00,1.000,1.000,0.281,1.000,1.000,0.000,0.060,0.000,0.000
1000,45,5.00,0.6902,5000,0.00,1.000,0.000,0.033,1.000,1.000,0.010,0.490,0.000,0.000
1000,45,5.50,0.6648,5000,0.00,1.000,0.000,0.037,1.000,1.000,1.000,0.910,0.000,0.000
1000,45,6.00,0.6337,5000,0.00,1.000,0.000,0.517,1.000,1.000,1.000,0.970,0.000,0.000
1000,45,6.50,0.6041,5000,0.00,1.000,0.000,0.071,1.000,1.000,1.000,0.990,0.000,0.000
1000,45,7.00,0.5840,5000,0.00,1.000,0.000,0.170,1.000,1.000,1.000,1.000,0.000,0.000
1000,45,7.50,0.5626,5000,0.00,1.000,0.000,0.330,1.000,1.000,1.000,1.000,0.000,0.000
1000,45,8.00,0.5435,5000,0.00,0.990,0.000,0.683,1.000,1.000,0.990,1.000,0.010,0.000
1000,45,8.50,0.5234,5000,0.00,1.000,0.000,0.270,1.000,1.000,1.000,1.000,0.000,0.000
1000,45,9.00,0.4992,5000,0.00,1.000,0.000,0.418,1.000,1.000,1.000,1.000,0.000,0.000
1000,45,9.50,0.4754,5000,0.00,0.010,0.000,6.651,1.000,1.000,1.000,1.000,0.000,0.000
1000,45,10.00,0.4537,5000,0.00,0.000,0.000,7.002,1.000,0.920,0.920,0.990,0.080,0.000
1000,45,10.50,0.4374,5000,0.00,0.000,0.000,7.370,1.000,0.570,0.540,0.940,0.460,0.040
1000,45,11.00,0.4222,5000,0.00,0.000,0.000,7.059,1.000,0.810,0.730,0.950,0.270,0.000
1000,45,11.50,0.4068,5000,0.00,0.000,0.000,7.285,1.000,0.980,0.900,0.760,0.100,0.040
1000,45,12.00,0.3921,5000,0.00,0.000,0.000,7.780,1.000,0.950,0.650,0.510,0.350,0.170
1000,45,12.50,0.3797,5000,0.00,0.000,0.000,11.386,1.000,0.920,0.050,0.340,0.950,0.630
1000,45,13.00,0.3666,5000,0.00,0.000,0.000,11.882,1.000,0.940,0.110,0.080,0.890,0.820
1000,45,13.50,0.3556,5000,0.00,0.000,0.000,12.393,1.000,0.910,0.110,0.030,0.890,0.860
1000,45,14.00,0.3472,5000,0.00,0.000,0.000,12.872,1.000,0.910,0.010,0.020,0.990,0.970
1000,45,14.50,0.3365,5000,0.00,0.000,0.000,13.311,1.000,0.920,0.130,0.010,0.870,0.860
1000,45,15.00,0.3271,5000,0.00,0.000,0.000,13.858,1.000,0.950,0.050,0.000,0.950,0.950
1000,45,15.50,0.3170,5000,0.00,0.000,0.000,14.360,1.000,0.860,0.050,0.000,0.950,0.950
1000,45,16.00,0.3079,5000,0.00,0.000,0.000,14.801,1.000,0.940,0.070,0.000,0.930,0.930
1000,45,16.50,0.3006,5000,0.00,0.000,0.000,15.356,1.000,0.940,0.040,0.000,0.960,0.960
1000,45,17.00,0.2930,5000,0.00,0.000,0.000,15.872,1.000,0.950,0.090,0.000,0.910,0.910
1000,45,17.50,0.2870,5000,0.00,0.000,0.000,16.377,1.000,0.890,0.110,0.000,0.890,0.890
1000,45,18.00,0.2782,5000,0.00,0.000,0.000,16.863,1.000,0.820,0.190,0.000,0.810,0.810
1000,45,18.50,0.2735,5000,0.00,0.000,0.000,17.641,0.990,0.610,0.210,0.000,0.790,0.790
1000,45,19.00,0.2661,5000,0.00,0.000,0.000,18.361,1.000,0.520,0.350,0.000,0.650,0.650
1000,45,19.50,0.2607,5000,0.00,0.000,0.000,21.165,0.890,0.370,0.460,0.000,0.540,0.540
1000,45,20.00,0.2557,5000,0.00,0.000,0.000,23.297,0.720,0.280,0.500,0.000,0.500,0.500
1000,45,0.00,1.0000,5000,1.00,1.000,1.000,0.077,NaN,NaN,0.000,0.000,0.000,0.000
1000,45,0.50,0.9923,5000,1.00,1.000,1.000,0.211,1.000,1.000,0.000,0.000,0.000,0.000
1000,45,1.00,0.9736,5000,1.00,1.000,1.000,0.134,1.000,1.000,0.000,0.000,0.000,0.000
1000,45,1.50,0.9336,5000,1.00,1.000,1.000,0.222,1.000,1.000,0.000,0.000,0.000,0.000
1000,45,2.00,0.8932,5000,1.00,1.000,1.000,0.421,1.000,1.000,0.000,0.000,0.000,0.000
1000,45,2.50,0.8580,5000,1.00,0.990,1.000,0.030,1.000,0.990,0.000,0.000,0.010,0.010
1000,45,3.00,0.8172,5000,1.00,0.980,1.000,0.038,1.000,0.980,0.020,0.000,0.000,0.000
1000,45,3.50,0.7827,5000,1.00,0.000,0.430,5.992,1.000,0.070,0.250,0.000,0.750,0.750
1000,45,4.00,0.7490,5000,1.00,0.940,1.000,0.164,1.000,0.990,0.000,0.050,0.060,0.050
1000,45,4.50,0.7181,5000,1.00,0.390,0.980,4.035,1.000,0.870,0.080,0.170,0.530,0.460
1000,45,5.00,0.6902,5000,1.00,0.020,0.040,7.016,1.000,0.500,0.380,0.330,0.600,0.330
1000,45,5.50,0.6648,5000,1.00,0.790,0.000,0.065,1.000,1.000,1.000,0.370,0.000,0.000
1000,45,6.00,0.6337,5000,1.00,0.030,0.000,7.610,1.000,0.940,1.000,0.460,0.000,0.000
1000,45,6.50,0.6041,5000,1.00,0.000,0.000,11.781,1.000,0.140,0.850,0.490,0.150,0.050
1000,45,7.00,0.5840,5000,1.00,0.000,0.000,12.202,1.000,0.280,0.720,0.550,0.280,0.120
1000,45,7.50,0.5626,5000,1.00,0.000,0.000,12.612,1.000,0.300,0.700,0.610,0.300,0.080
1000,45,8.00,0.5435,5000,1.00,0.000,0.000,13.000,1.000,0.370,0.620,0.500,0.380,0.140
1000,45,8.50,0.5234,5000,1.00,0.070,0.000,13.454,1.000,0.430,0.640,0.470,0.360,0.170
1000,45,9.00,0.4992,5000,1.00,0.000,0.000,13.924,1.000,0.130,0.870,0.280,0.130,0.100
1000,45,9.50,0.4754,5000,1.00,0.000,0.000,14.378,1.000,0.050,0.860,0.120,0.140,0.110
1000,45,10.00,0.4537,5000,1.00,0.000,0.000,14.813,1.000,0.050,0.670,0.010,0.330,0.320
1000,45,10.50,0.4374,5000,1.00,0.000,0.000,15.313,1.000,0.100,0.660,0.010,0.340,0.340
1000,45,11.00,0.4222,5000,1.00,0.000,0.000,15.313,1.000,0.350,0.510,0.010,0.490,0.490
1000,45,11.50,0.4068,5000,1.00,0.000,0.000,13.368,1.000,0.370,0.410,0.000,0.590,0.590
1000,45,12.00,0.3921,5000,1.00,0.000,0.000,13.858,1.000,0.390,0.420,0.000,0.580,0.580
1000,45,12.50,0.3797,5000,1.00,0.000,0.000,14.351,1.000,0.330,0.440,0.000,0.560,0.560
1000,45,13.00,0.3666,5000,1.00,0.000,0.000,14.798,1.000,0.410,0.240,0.000,0.760,0.760
1000,45,13.50,0.3556,5000,1.00,0.000,0.000,15.304,1.000,0.310,0.330,0.000,0.670,0.670
1000,45,14.00,0.3472,5000,1.00,0.000,0.000,15.782,1.000,0.340,0.270,0.000,0.730,0.730
1000,45,14.50,0.3365,5000,1.00,0.000,0.000,16.277,1.000,0.250,0.300,0.000,0.700,0.700
1000,45,15.00,0.3271,5000,1.00,0.000,0.000,16.784,1.000,0.220,0.420,0.000,0.580,0.580
1000,45,15.50,0.3170,5000,1.00,0.000,0.000,19.951,1.000,0.210,0.550,0.000,0.450,0.450
1000,45,16.00,0.3079,5000,1.00,0.000,0.000,20.511,1.000,0.150,0.700,0.000,0.300,0.300
1000,45,16.50,0.3006,5000,1.00,0.000,0.000,20.961,1.000,0.190,0.650,0.000,0.350,0.350
1000,45,17.00,0.2930,5000,1.00,0.000,0.000,21.392,0.950,0.200,0.570,0.000,0.430,0.430
1000,45,17.50,0.2870,5000,1.00,0.000,0.000,21.936,0.980,0.130,0.710,0.000,0.290,0.290
1000,45,18.00,0.2782,5000,1.00,0.000,0.000,22.413,0.970,0.080,0.700,0.000,0.300,0.300
1000,45,18.50,0.2735,5000,1.00,0.000,0.000,22.917,0.830,0.050,0.740,0.000,0.260,0.260
1000,45,19.00,0.2661,5000,1.00,0.000,0.000,23.399,0.730,0.060,0.750,0.000,0.250,0.250
1000,45,19.50,0.2607,5000,1.00,0.000,0.000,23.874,0.660,0.030,0.710,0.000,0.290,0.290
1000,45,20.00,0.2557,5000,1.00,0.000,0.000,24.341,0.540,0.020,0.730,0.000,0.270,0.270
5000,0,0.00,1.0000,500,0.00,1.000,1.000,0.430,NaN,NaN,0.000,0.000,0.000,0.000
5000,0,0.50,0.9941,500,0.00,1.000,1.000,0.591,0.530,0.410,0.000,0.000,0.000,0.000
5000,0,1.00,0.9813,500,0.00,1.000,1.000,0.319,0.890,1.000,0.000,0.000,0.000,0.000
5000,0,1.50,0.9739,500,0.00,1.000,1.000,0.676,1.000,1.000,0.000,0.000,0.000,0.000
5000,0,2.00,0.9617,500,0.00,1.000,1.000,0.364,1.000,1.000,0.000,0.000,0.000,0.000
5000,0,2.50,0.9307,500,0.00,1.000,1.000,0.767,1.000,1.000,0.000,0.080,0.000,0.000
5000,0,3.00,0.8952,500,0.00,1.000,1.000,0.302,1.000,1.000,0.000,0.130,0.000,0.000
5000,0,3.50,0.8602,500,0.00,1.000,0.890,0.591,1.000,1.000,0.020,0.190,0.000,0.000
5000,0,4.00,0.8281,500,0.00,1.000,0.000,0.321,1.000,1.000,1.000,0.330,0.000,0.000
5000,0,4.50,0.7989,500,0.00,1.000,0.000,0.681,1.000,1.000,1.000,0.600,0.000,0.000
5000,0,5.00,0.7677,500,0.00,1.000,0.000,0.314,1.000,1.000,1.000,0.780,0.000,0.000
5000,0,5.50,0.7414,500,0.00,1.000,0.000,0.516,1.000,1.000,1.000,0.860,0.000,0.000
5000,0,6.00,0.7086,500,0.00,1.000,0.000,0.303,1.000,1.000,1.000,0.870,0.000,0.000
5000,0,6.50,0.6829,500,0.00,1.000,0.000,0.606,1.000,1.000,1.000,0.920,0.000,0.000
5000,0,7.00,0.6513,500,0.00,0.990,0.000,0.341,1.000,0.990,0.990,0.940,0.010,0.000
5000,0,7.50,0.6180,500,0.00,0.700,0.000,0.457,1.000,0.700,0.700,0.900,0.300,0.030
5000,0,8.00,0.5940,500,0.00,0.310,0.000,7.110,1.000,0.970,0.310,0.920,0.690,0.040
5000,0,8.50,0.5826,500,0.00,0.220,0.000,7.610,1.000,1.000,0.220,0.960,0.780,0.030
5000,0,9.00,0.5733,500,0.00,0.380,0.000,7.211,1.000,1.000,0.380,0.990,0.620,0.000
5000,0,9.50,0.5561,500,0.00,0.210,0.000,7.711,1.000,1.000,0.210,0.990,0.790,0.010
5000,0,10.00,0.5352,500,0.00,0.100,0.000,7.014,1.000,1.000,0.190,1.000,0.810,0.000
5000,0,10.50,0.5042,500,0.00,0.150,0.000,7.513,1.000,1.000,0.200,1.000,0.800,0.000
5000,0,11.00,0.4810,500,0.00,0.210,0.000,7.118,1.000,1.000,0.570,0.960,0.430,0.020
5000,0,11.50,0.4578,500,0.00,0.080,0.000,7.616,1.000,1.000,0.670,0.920,0.330,0.020
5000,0,12.00,0.4357,500,0.00,0.010,0.000,8.116,1.000,1.000,0.710,0.830,0.290,0.050
5000,0,12.50,0.4144,500,0.00,0.000,0.000,8.616,1.000,1.000,0.660,0.710,0.340,0.070
5000,0,13.00,0.3929,500,0.00,0.030,0.000,10.077,1.000,1.000,0.600,0.650,0.400,0.120
5000,0,13.50,0.3702,500,0.00,0.020,0.000,10.999,1.000,1.000,0.780,0.310,0.220,0.150
5000,0,14.00,0.3469,500,0.00,0.000,0.000,11.071,0.990,0.950,0.700,0.040,0.300,0.290
5000,0,14.50,0.3265,500,0.00,0.000,0.000,12.361,0.920,0.770,0.630,0.000,0.370,0.370
5000,0,15.00,0.3104,500,0.00,0.000,0.000,13.603,0.740,0.700,0.450,0.010,0.550,0.550
5000,0,15.50,0.3014,500,0.00,0.000,0.000,14.416,0.570,0.650,0.420,0.010,0.580,0.570
5000,0,16.00,0.2957,500,0.00,0.000,0.000,14.848,0.560,0.620,0.490,0.000,0.510,0.510
5000,0,16.50,0.2900,500,0.00,0.000,0.000,15.607,0.510,0.600,0.420,0.000,0.580,0.580
5000,0,17.00,0.2859,500,0.00,0.000,0.000,16.420,0.570,0.570,0.490,0.000,0.510,0.510
5000,0,17.50,0.2847,500,0.00,0.000,0.000,16.919,0.480,0.550,0.490,0.000,0.510,0.510
5000,0,18.00,0.2802,500,0.00,0.000,0.000,16.724,0.550,0.650,0.380,0.010,0.620,0.610
5000,0,18.50,0.2785,500,0.00,0.000,0.000,17.208,0.530,0.680,0.520,0.000,0.480,0.480
5000,0,19.00,0.2746,500,0.00,0.000,0.000,17.508,0.520,0.620,0.460,0.000,0.540,0.540
5000,0,19.50,0.2705,500,0.00,0.000,0.000,18.480,0.550,0.620,0.470,0.010,0.530,0.520
5000,0,20.00,0.2673,500,0.00,0.000,0.000,18.665,0.410,0.630,0.480,0.000,0.520,0.520
5000,0,0.00,1.0000,500,1.00,1.000,1.000,0.440,NaN,NaN,0.000,0.000,0.000,0.000
5000,0,0.50,0.9941,500,1.00,1.000,1.000,0.869,0.470,0.330,0.000,0.000,0.000,0.000
5000,0,1.00,0.9813,500,1.00,1.000,1.000,0.331,0.810,1.000,0.000,0.000,0.000,0.000
5000,0,1.50,0.9739,500,1.00,1.000,0.990,0.682,0.980,1.000,0.000,0.000,0.000,0.000
5000,0,2.00,0.9617,500,1.00,1.000,1.000,0.375,1.000,1.000,0.000,0.040,0.000,0.000
5000,0,2.50,0.9307,500,1.00,1.000,1.000,0.771,1.000,1.000,0.000,0.040,0.000,0.000
5000,0,3.00,0.8952,500,1.00,1.000,1.000,0.314,1.000,1.000,0.000,0.150,0.000,0.000
5000,0,3.50,0.8602,500,1.00,1.000,0.790,0.600,1.000,1.000,0.010,0.170,0.000,0.000
5000,0,4.00,0.8281,500,1.00,1.000,0.000,0.333,1.000,1.000,1.000,0.170,0.000,0.000
5000,0,4.50,0.7989,500,1.00,1.000,0.000,0.688,1.000,1.000,1.000,0.270,0.000,0.000
5000,0,5.00,0.7677,500,1.00,1.000,0.000,0.326,1.000,1.000,1.000,0.380,0.000,0.000
5000,0,5.50,0.7414,500,1.00,0.980,0.000,0.525,1.000,1.000,0.980,0.380,0.020,0.020
5000,0,6.00,0.7086,500,1.00,0.950,0.000,0.316,1.000,0.950,0.950,0.380,0.050,0.030
5000,0,6.50,0.6829,500,1.00,0.900,0.000,0.613,1.000,0.900,0.900,0.390,0.100,0.080
5000,0,7.00,0.6513,500,1.00,0.550,0.000,0.396,1.000,0.590,0.590,0.390,0.410,0.300
5000,0,7.50,0.6180,500,1.00,0.230,0.000,7.818,1.000,0.290,0.250,0.380,0.750,0.500
5000,0,8.00,0.5940,500,1.00,0.040,0.000,7.112,1.000,0.890,0.040,0.280,0.960,0.690
5000,0,8.50,0.5826,500,1.00,0.050,0.000,7.611,1.000,0.960,0.060,0.450,0.940,0.510
5000,0,9.00,0.5733,500,1.00,0.110,0.000,7.212,1.000,0.980,0.110,0.580,0.890,0.370
5000,0,9.50,0.5561,500,1.00,0.090,0.000,7.711,1.000,0.990,0.090,0.590,0.910,0.370
5000,0,10.00,0.5352,500,1.00,0.020,0.000,7.567,1.000,0.990,0.020,0.510,0.980,0.480
5000,0,10.50,0.5042,500,1.00,0.020,0.000,7.515,1.000,0.990,0.130,0.310,0.870,0.590
5000,0,11.00,0.4810,500,1.00,0.000,0.000,8.015,1.000,0.980,0.270,0.400,0.730,0.430
5000,0,11.50,0.4578,500,1.00,0.000,0.000,8.518,1.000,0.990,0.460,0.200,0.540,0.430
5000,0,12.00,0.4357,500,1.00,0.000,0.000,10.210,1.000,0.990,0.390,0.180,0.610,0.510
5000,0,12.50,0.4144,500,1.00,0.000,0.000,9.968,0.990,0.980,0.380,0.070,0.620,0.570
5000,0,13.00,0.3929,500,1.00,0.000,0.000,10.424,0.990,0.950,0.470,0.010,0.530,0.520
5000,0,13.50,0.3702,500,1.00,0.000,0.000,11.095,0.970,0.940,0.510,0.010,0.490,0.490
5000,0,14.00,0.3469,500,1.00,0.000,0.000,11.584,0.880,0.840,0.490,0.000,0.510,0.510
5000,0,14.50,0.3265,500,1.00,0.000,0.000,12.735,0.760,0.720,0.420,0.010,0.580,0.570
5000,0,15.00,0.3104,500,1.00,0.000,0.000,13.258,0.620,0.770,0.430,0.000,0.570,0.570
5000,0,15.50,0.3014,500,1.00,0.000,0.000,13.709,0.630,0.790,0.320,0.000,0.680,0.680
5000,0,16.00,0.2957,500,1.00,0.000,0.000,14.211,0.580,0.730,0.340,0.000,0.660,0.660
5000,0,16.50,0.2900,500,1.00,0.000,0.000,14.708,0.510,0.790,0.290,0.000,0.710,0.710
5000,0,17.00,0.2859,500,1.00,0.000,0.000,15.208,0.550,0.760,0.360,0.000,0.640,0.640
5000,0,17.50,0.2847,500,1.00,0.000,0.000,15.749,0.490,0.760,0.330,0.000,0.670,0.670
5000,0,18.00,0.2802,500,1.00,0.000,0.000,16.210,0.470,0.800,0.290,0.000,0.710,0.710
5000,0,18.50,0.2785,500,1.00,0.000,0.000,16.710,0.380,0.760,0.380,0.010,0.620,0.610
5000,0,19.00,0.2746,500,1.00,0.000,0.000,17.209,0.560,0.830,0.310,0.000,0.690,0.690
5000,0,19.50,0.2705,500,1.00,0.000,0.000,17.708,0.530,0.830,0.400,0.000,0.600,0.600
5000,0,20.00,0.2673,500,1.00,0.000,0.000,18.211,0.510,0.750,0.340,0.000,0.660,0.660
5000,0,0.00,1.0000,5000,0.00,1.000,1.000,0.430,NaN,NaN,0.000,0.000,0.000,0.000
5000,0,0.50,0.9941,5000,0.00,1.000,1.000,0.862,0.320,0.230,0.000,0.000,0.000,0.000
5000,0,1.00,0.9813,5000,0.00,1.000,1.000,0.320,1.000,1.000,0.000,0.000,0.000,0.000
5000,0,1.50,0.9739,5000,0.00,1.000,1.000,0.677,1.000,1.000,0.000,0.000,0.000,0.000
5000,0,2.00,0.9617,5000,0.00,1.000,1.000,0.365,1.000,1.000,0.000,0.000,0.000,0.000
5000,0,2.50,0.9307,5000,0.00,1.000,1.000,0.767,1.000,1.000,0.000,0.000,0.000,0.000
5000,0,3.00,0.8952,5000,0.00,1.000,1.000,0.302,1.000,1.000,0.000,0.060,0.000,0.000
5000,0,3.50,0.8602,5000,0.00,1.000,1.000,0.591,1.000,1.000,0.000,0.340,0.000,0.000
5000,0,4.00,0.8281,5000,0.00,1.000,0.000,0.322,1.000,1.000,1.000,0.910,0.000,0.000
5000,0,4.50,0.7989,5000,0.00,1.000,0.000,0.681,1.000,1.000,1.000,1.000,0.000,0.000
5000,0,5.00,0.7677,5000,0.00,1.000,0.000,0.313,1.000,1.000,1.000,1.000,0.000,0.000
5000,0,5.50,0.7414,5000,0.00,1.000,0.000,0.516,1.000,1.000,1.000,1.000,0.000,0.000
5000,0,6.00,0.7086,5000,0.00,1.000,0.000,0.303,1.000,1.000,1.000,1.000,0.000,0.000
5000,0,6.50,0.6829,5000,0.00,1.000,0.000,0.606,1.000,1.000,1.000,1.000,0.000,0.000
5000,0,7.00,0.6513,5000,0.00,1.000,0.000,0.341,1.000,1.000,1.000,1.000,0.000,0.000
5000,0,7.50,0.6180,5000,0.00,0.990,0.000,0.456,1.000,0.990,0.990,1.000,0.010,0.000
5000,0,8.00,0.5940,5000,0.00,0.050,0.000,7.111,1.000,1.000,0.050,1.000,0.950,0.000
5000,0,8.50,0.5826,5000,0.00,0.020,0.000,7.610,1.000,1.000,0.020,1.000,0.980,0.000
5000,0,9.00,0.5733,5000,0.00,0.090,0.000,7.211,1.000,1.000,0.090,1.000,0.910,0.000
5000,0,9.50,0.5561,5000,0.00,0.010,0.000,7.711,1.000,1.000,0.010,1.000,0.990,0.000
5000,0,10.00,0.5352,5000,0.00,0.020,0.000,7.324,1.000,1.000,0.020,1.000,0.980,0.000
5000,0,10.50,0.5042,5000,0.00,0.040,0.000,7.513,1.000,1.000,0.040,1.000,0.960,0.000
5000,0,11.00,0.4810,5000,0.00,0.060,0.000,8.013,1.000,1.000,0.450,1.000,0.550,0.000
5000,0,11.50,0.4578,5000,0.00,0.040,0.000,7.616,1.000,1.000,0.980,1.000,0.020,0.000
5000,0,12.00,0.4357,5000,0.00,0.030,0.000,8.116,1.000,1.000,0.940,1.000,0.060,0.000
5000,0,12.50,0.4144,5000,0.00,0.020,0.000,7.424,1.000,1.000,0.970,0.990,0.030,0.000
5000,0,13.00,0.3929,5000,0.00,0.020,0.000,7.924,1.000,1.000,0.760,0.870,0.240,0.010
5000,0,13.50,0.3702,5000,0.00,0.060,0.000,7.532,1.000,1.000,0.980,0.220,0.020,0.020
5000,0,14.00,0.3469,5000,0.00,0.000,0.000,8.032,1.000,1.000,0.990,0.000,0.010,0.010
5000,0,14.50,0.3265,5000,0.00,0.000,0.000,10.615,1.000,0.990,0.900,0.000,0.100,0.100
5000,0,15.00,0.3104,5000,0.00,0.000,0.000,12.550,0.980,0.910,0.670,0.000,0.330,0.330
5000,0,15.50,0.3014,5000,0.00,0.000,0.000,13.015,0.810,0.900,0.460,0.000,0.540,0.540
5000,0,16.00,0.2957,5000,0.00,0.000,0.000,14.209,0.570,0.850,0.230,0.000,0.770,0.770
5000,0,16.50,0.2900,5000,0.00,0.000,0.000,14.709,0.520,0.920,0.190,0.000,0.810,0.810
5000,0,17.00,0.2859,5000,0.00,0.000,0.000,14.736,0.380,0.840,0.270,0.000,0.730,0.730
5000,0,17.50,0.2847,5000,0.00,0.000,0.000,15.709,0.410,0.870,0.220,0.000,0.780,0.780
5000,0,18.00,0.2802,5000,0.00,0.000,0.000,16.208,0.570,0.900,0.220,0.000,0.780,0.780
5000,0,18.50,0.2785,5000,0.00,0.000,0.000,16.708,0.550,0.920,0.260,0.000,0.740,0.740
5000,0,19.00,0.2746,5000,0.00,0.000,0.000,17.208,0.460,0.830,0.200,0.000,0.800,0.800
5000,0,19.50,0.2705,5000,0.00,0.000,0.000,17.708,0.660,0.890,0.200,0.000,0.800,0.800
5000,0,20.00,0.2673,5000,0.00,0.000,0.000,18.208,0.490,0.870,0.210,0.000,0.790,0.790
5000,0,0.00,1.0000,5000,1.00,1.000,1.000,0.440,NaN,NaN,0.000,0.000,0.000,0.000
5000,0,0.50,0.9941,5000,1.00,1.000,1.000,0.873,0.410,0.200,0.000,0.000,0.000,0.000
5000,0,1.00,0.9813,5000,1.00,1.000,1.000,0.330,1.000,1.000,0.000,0.000,0.000,0.000
5000,0,1.50,0.9739,5000,1.00,1.000,1.000,0.683,1.000,1.000,0.000,0.000,0.000,0.000
5000,0,2.00,0.9617,5000,1.00,1.000,1.000,0.374,1.000,1.000,0.000,0.000,0.000,0.000
5000,0,2.50,0.9307,5000,1.00,1.000,1.000,0.774,1.000,1.000,0.000,0.030,0.000,0.000
5000,0,3.00,0.8952,5000,1.00,1.000,1.000,0.314,1.000,1.000,0.000,0.170,0.000,0.000
5000,0,3.50,0.8602,5000,1.00,1.000,1.000,0.600,1.000,1.000,0.000,0.200,0.000,0.000
5000,0,4.00,0.8281,5000,1.00,1.000,0.000,0.334,1.000,1.000,1.000,0.590,0.000,0.000
5000,0,4.50,0.7989,5000,1.00,1.000,0.000,0.688,1.000,1.000,1.000,0.780,0.000,0.000
5000,0,5.00,0.7677,5000,1.00,1.000,0.000,0.326,1.000,1.000,1.000,0.830,0.000,0.000
5000,0,5.50,0.7414,5000,1.00,1.000,0.000,0.525,1.000,1.000,1.000,0.920,0.000,0.000
5000,0,6.00,0.7086,5000,1.00,1.000,0.000,0.317,1.000,1.000,1.000,0.960,0.000,0.000
5000,0,6.50,0.6829,5000,1.00,1.000,0.000,0.614,1.000,1.000,1.000,0.970,0.000,0.000
5000,0,7.00,0.6513,5000,1.00,0.580,0.000,0.358,1.000,0.580,0.580,0.890,0.420,0.060
5000,0,7.50,0.6180,5000,1.00,0.040,0.000,7.826,1.000,0.040,0.040,0.800,0.960,0.200
5000,0,8.00,0.5940,5000,1.00,0.000,0.000,7.112,1.000,1.000,0.000,0.730,1.000,0.270
5000,0,8.50,0.5826,5000,1.00,0.000,0.000,7.611,1.000,1.000,0.000,0.990,1.000,0.010
5000,0,9.00,0.5733,5000,1.00,0.000,0.000,7.212,1.000,1.000,0.000,1.000,1.000,0.000
5000,0,9.50,0.5561,5000,1.00,0.000,0.000,7.712,1.000,1.000,0.000,1.000,1.000,0.000
5000,0,10.00,0.5352,5000,1.00,0.000,0.000,7.471,1.000,1.000,0.000,0.980,1.000,0.020
5000,0,10.50,0.5042,5000,1.00,0.000,0.000,7.515,1.000,1.000,0.000,0.840,1.000,0.160
5000,0,11.00,0.4810,5000,1.00,0.000,0.000,8.015,1.000,1.000,0.250,0.670,0.750,0.230
5000,0,11.50,0.4578,5000,1.00,0.000,0.000,9.712,1.000,1.000,0.320,0.290,0.680,0.500
5000,0,12.00,0.4357,5000,1.00,0.000,0.000,10.212,1.000,1.000,0.320,0.060,0.680,0.640
5000,0,12.50,0.4144,5000,1.00,0.000,0.000,9.953,1.000,1.000,0.100,0.000,0.900,0.900
5000,0,13.00,0.3929,5000,1.00,0.000,0.000,10.375,1.000,1.000,0.030,0.000,0.970,0.970
5000,0,13.50,0.3702,5000,1.00,0.000,0.000,10.903,1.000,1.000,0.270,0.000,0.730,0.730
5000,0,14.00,0.3469,5000,1.00,0.000,0.000,11.456,1.000,1.000,0.350,0.000,0.650,0.650
5000,0,14.50,0.3265,5000,1.00,0.000,0.000,12.047,0.970,0.990,0.310,0.000,0.690,0.690
5000,0,15.00,0.3104,5000,1.00,0.000,0.000,12.577,0.850,0.990,0.130,0.000,0.870,0.870
5000,0,15.50,0.3014,5000,1.00,0.000,0.000,13.710,0.640,0.980,0.030,0.000,0.970,0.970
5000,0,16.00,0.2957,5000,1.00,0.000,0.000,14.210,0.550,0.990,0.040,0.000,0.960,0.960
5000,0,16.50,0.2900,5000,1.00,0.000,0.000,14.109,0.460,0.980,0.060,0.000,0.940,0.940
5000,0,17.00,0.2859,5000,1.00,0.000,0.000,14.604,0.540,0.990,0.000,0.000,1.000,1.000
5000,0,17.50,0.2847,5000,1.00,0.000,0.000,15.096,0.460,0.970,0.010,0.000,0.990,0.990
5000,0,18.00,0.2802,5000,1.00,0.000,0.000,15.604,0.570,0.940,0.010,0.000,0.990,0.990
5000,0,18.50,0.2785,5000,1.00,0.000,0.000,16.107,0.440,0.970,0.010,0.000,0.990,0.990
5000,0,19.00,0.2746,5000,1.00,0.000,0.000,16.605,0.450,0.990,0.020,0.000,0.980,0.980
5000,0,19.50,0.2705,5000,1.00,0.000,0.000,17.709,0.510,0.960,0.020,0.000,0.980,0.980
5000,0,20.00,0.2673,5000,1.00,0.000,0.000,17.604,0.580,1.000,0.020,0.000,0.980,0.980
5000,45,0.00,1.0000,500,0.00,1.000,1.000,0.430,NaN,NaN,0.000,0.000,0.000,0.000
5000,45,0.50,0.9900,500,0.00,1.000,1.000,0.660,0.860,1.000,0.000,0.000,0.000,0.000
5000,45,1.00,0.9762,500,0.00,1.000,1.000,0.267,0.990,1.000,0.000,0.000,0.000,0.000
5000,45,1.50,0.9575,500,0.00,1.000,1.000,0.233,1.000,1.000,0.000,0.000,0.000,0.000
5000,45,2.00,0.9210,500,0.00,0.970,0.980,0.733,1.000,1.000,0.000,0.000,0.030,0.030
5000,45,2.50,0.8823,500,0.00,1.000,0.980,0.039,1.000,1.000,0.000,0.010,0.000,0.000
5000,45,3.00,0.8467,500,0.00,1.000,1.000,0.461,1.000,1.000,0.000,0.040,0.000,0.000
5000,45,3.50,0.8115,500,0.00,0.880,1.000,0.961,1.000,0.960,0.040,0.060,0.080,0.080
5000,45,4.00,0.7779,500,0.00,0.980,0.980,0.230,1.000,0.990,0.010,0.080,0.010,0.010
5000,45,4.50,0.7459,500,0.00,1.000,1.000,0.270,1.000,1.000,0.000,0.160,0.000,0.000
5000,45,5.00,0.7155,500,0.00,0.410,0.320,1.150,1.000,0.850,0.310,0.200,0.320,0.250
5000,45,5.50,0.6905,500,0.00,1.000,0.000,0.007,1.000,1.000,1.000,0.470,0.000,0.000
5000,45,6.00,0.6656,500,0.00,1.000,0.000,0.507,1.000,1.000,1.000,0.540,0.000,0.000
5000,45,6.50,0.6335,500,0.00,0.840,0.000,0.718,1.000,0.990,0.860,0.640,0.140,0.060
5000,45,7.00,0.6076,500,0.00,0.920,0.000,0.170,1.000,1.000,0.980,0.690,0.020,0.000
5000,45,7.50,0.5882,500,0.00,0.930,0.000,0.330,1.000,0.990,0.960,0.730,0.040,0.010
5000,45,8.00,0.5671,500,0.00,0.210,0.000,5.945,1.000,0.960,0.540,0.760,0.460,0.130
5000,45,8.50,0.5482,500,0.00,0.830,0.000,0.081,1.000,0.990,0.890,0.840,0.110,0.020
5000,45,9.00,0.5276,500,0.00,0.760,0.000,0.581,1.000,0.990,0.880,0.820,0.120,0.020
5000,45,9.50,0.5043,500,0.00,0.000,0.000,6.384,1.000,0.990,0.690,0.830,0.310,0.060
5000,45,10.00,0.4831,500,0.00,0.000,0.000,6.732,1.000,0.990,0.650,0.740,0.350,0.130
5000,45,10.50,0.4630,500,0.00,0.000,0.000,8.608,1.000,0.930,0.470,0.630,0.530,0.200
5000,45,11.00,0.4446,500,0.00,0.010,0.000,10.138,1.000,0.900,0.300,0.560,0.700,0.300
5000,45,11.50,0.4300,500,0.00,0.020,0.000,9.996,1.000,0.890,0.370,0.450,0.630,0.340
5000,45,12.00,0.4156,500,0.00,0.000,0.000,10.733,1.000,0.860,0.340,0.310,0.660,0.450
5000,45,12.50,0.4014,500,0.00,0.000,0.000,10.637,1.000,0.810,0.380,0.320,0.620,0.400
5000,45,13.00,0.3882,500,0.00,0.010,0.000,11.482,1.000,0.790,0.430,0.250,0.570,0.410
5000,45,13.50,0.3763,500,0.00,0.000,0.000,11.614,1.000,0.850,0.340,0.130,0.660,0.550
5000,45,14.00,0.3659,500,0.00,0.000,0.000,12.415,1.000,0.810,0.320,0.130,0.680,0.580
5000,45,14.50,0.3574,500,0.00,0.000,0.000,12.993,1.000,0.720,0.140,0.080,0.860,0.790
5000,45,15.00,0.3467,500,0.00,0.000,0.000,13.458,1.000,0.830,0.240,0.040,0.760,0.720
5000,45,15.50,0.3375,500,0.00,0.000,0.000,13.885,1.000,0.820,0.170,0.060,0.830,0.770
5000,45,16.00,0.3268,500,0.00,0.000,0.000,14.525,0.990,0.760,0.280,0.040,0.720,0.690
5000,45,16.50,0.3178,500,0.00,0.000,0.000,14.969,0.950,0.720,0.310,0.010,0.690,0.680
5000,45,17.00,0.3109,500,0.00,0.000,0.000,15.506,0.930,0.820,0.250,0.030,0.750,0.740
5000,45,17.50,0.3039,500,0.00,0.000,0.000,16.019,0.930,0.700,0.300,0.000,0.700,0.700
5000,45,18.00,0.2962,500,0.00,0.000,0.000,17.061,0.900,0.670,0.340,0.010,0.660,0.650
5000,45,18.50,0.2904,500,0.00,0.000,0.000,17.569,0.830,0.630,0.400,0.000,0.600,0.600
5000,45,19.00,0.2840,500,0.00,0.000,0.000,18.058,0.800,0.660,0.290,0.000,0.710,0.710
5000,45,19.50,0.2762,500,0.00,0.000,0.000,18.651,0.740,0.620,0.380,0.000,0.620,0.620
5000,45,20.00,0.2708,500,0.00,0.000,0.000,20.567,0.580,0.500,0.520,0.000,0.480,0.480
5000,45,0.00,1.0000,500,1.00,1.000,1.000,0.440,NaN,NaN,0.000,0.000,0.000,0.000
5000,45,0.50,0.9900,500,1.00,1.000,0.960,0.665,0.760,1.000,0.000,0.000,0.000,0.000
5000,45,1.00,0.9762,500,1.00,0.810,0.870,0.267,0.960,0.980,0.030,0.000,0.160,0.160
5000,45,1.50,0.9575,500,1.00,1.000,1.000,0.233,1.000,1.000,0.000,0.010,0.000,0.000
5000,45,2.00,0.9210,500,1.00,0.600,0.950,0.733,1.000,0.940,0.090,0.010,0.310,0.300
5000,45,2.50,0.8823,500,1.00,0.590,0.720,0.872,1.000,0.830,0.180,0.030,0.230,0.230
5000,45,3.00,0.8467,500,1.00,1.000,1.000,0.461,1.000,1.000,0.000,0.040,0.000,0.000
5000,45,3.50,0.8115,500,1.00,0.060,0.840,2.230,1.000,0.580,0.440,0.090,0.500,0.450
5000,45,4.00,0.7779,500,1.00,0.470,0.820,2.433,1.000,0.730,0.280,0.080,0.250,0.220
5000,45,4.50,0.7459,500,1.00,0.800,0.920,0.270,1.000,0.850,0.140,0.140,0.060,0.050
5000,45,5.00,0.7155,500,1.00,0.030,0.040,3.588,1.000,0.730,0.240,0.150,0.740,0.620
5000,45,5.50,0.6905,500,1.00,0.640,0.000,0.617,1.000,0.980,0.640,0.160,0.360,0.310
5000,45,6.00,0.6656,500,1.00,0.720,0.000,0.507,1.000,0.990,0.740,0.220,0.260,0.170
5000,45,6.50,0.6335,500,1.00,0.360,0.000,4.507,1.000,0.980,0.400,0.240,0.600,0.460
5000,45,7.00,0.6076,500,1.00,0.160,0.000,5.154,1.000,0.970,0.370,0.260,0.630,0.490
5000,45,7.50,0.5882,500,1.00,0.120,0.000,5.607,1.000,0.920,0.400,0.140,0.600,0.500
5000,45,8.00,0.5671,500,1.00,0.010,0.000,6.471,1.000,0.880,0.250,0.180,0.750,0.600
5000,45,8.50,0.5482,500,1.00,0.060,0.000,6.888,1.000,0.920,0.250,0.240,0.750,0.570
5000,45,9.00,0.5276,500,1.00,0.040,0.000,7.125,1.000,0.860,0.320,0.180,0.680,0.560
5000,45,9.50,0.5043,500,1.00,0.000,0.000,7.635,1.000,0.870,0.300,0.090,0.700,0.640
5000,45,10.00,0.4831,500,1.00,0.000,0.000,9.109,1.000,0.860,0.210,0.110,0.790,0.700
5000,45,10.50,0.4630,500,1.00,0.000,0.000,9.622,1.000,0.860,0.240,0.100,0.760,0.680
5000,45,11.00,0.4446,500,1.00,0.000,0.000,9.474,0.990,0.890,0.220,0.040,0.780,0.740
5000,45,11.50,0.4300,500,1.00,0.000,0.000,10.009,1.000,0.800,0.260,0.050,0.740,0.690
5000,45,12.00,0.4156,500,1.00,0.000,0.000,10.497,0.990,0.790,0.290,0.030,0.710,0.700
5000,45,12.50,0.4014,500,1.00,0.000,0.000,10.959,1.000,0.880,0.300,0.010,0.700,0.690
5000,45,13.00,0.3882,500,1.00,0.000,0.000,11.128,0.980,0.780,0.330,0.000,0.670,0.670
5000,45,13.50,0.3763,500,1.00,0.000,0.000,11.982,0.970,0.760,0.240,0.000,0.760,0.760
5000,45,14.00,0.3659,500,1.00,0.000,0.000,12.451,0.960,0.830,0.220,0.000,0.780,0.780
5000,45,14.50,0.3574,500,1.00,0.000,0.000,13.006,0.960,0.800,0.210,0.010,0.790,0.780
5000,45,15.00,0.3467,500,1.00,0.000,0.000,13.493,0.920,0.810,0.230,0.000,0.770,0.770
5000,45,15.50,0.3375,500,1.00,0.000,0.000,13.991,0.930,0.820,0.140,0.000,0.860,0.860
5000,45,16.00,0.3268,500,1.00,0.000,0.000,14.476,0.840,0.780,0.190,0.000,0.810,0.810
5000,45,16.50,0.3178,500,1.00,0.000,0.000,15.005,0.910,0.750,0.170,0.000,0.830,0.830
5000,45,17.00,0.3109,500,1.00,0.000,0.000,15.510,0.850,0.650,0.270,0.000,0.730,0.730
5000,45,17.50,0.3039,500,1.00,0.000,0.000,15.976,0.770,0.830,0.260,0.000,0.740,0.740
5000,45,18.00,0.2962,500,1.00,0.000,0.000,16.109,0.730,0.730,0.340,0.000,0.660,0.660
5000,45,18.50,0.2904,500,1.00,0.000,0.000,16.995,0.720,0.700,0.340,0.000,0.660,0.660
5000,45,19.00,0.2840,500,1.00,0.000,0.000,17.494,0.660,0.730,0.310,0.000,0.690,0.690
5000,45,19.50,0.2762,500,1.00,0.000,0.000,17.993,0.670,0.730,0.330,0.000,0.670,0.670
5000,45,20.00,0.2708,500,1.00,0.000,0.000,18.419,0.520,0.700,0.390,0.000,0.610,0.610
5000,45,0.00,1.0000,5000,0.00,1.000,1.000,0.430,NaN,NaN,0.000,0.000,0.000,0.000
5000,45,0.50,0.9900,5000,0.00,1.000,1.000,0.660,1.000,1.000,0.000,0.000,0.000,0.000
5000,45,1.00,0.9762,5000,0.00,1.000,1.000,0.267,1.000,1.000,0.000,0.000,0.000,0.000
5000,45,1.50,0.9575,5000,0.00,1.000,1.000,0.233,1.000,1.000,0.000,0.000,0.000,0.000
5000,45,2.00,0.9210,5000,0.00,1.000,1.000,0.733,1.000,1.000,0.000,0.000,0.000,0.000
5000,45,2.50,0.8823,5000,0.00,1.000,1.000,0.039,1.000,1.000,0.000,0.000,0.000,0.000
5000,45,3.00,0.8467,5000,0.00,1.000,1.000,0.461,1.000,1.000,0.000,0.000,0.000,0.000
5000,45,3.50,0.8115,5000,0.00,1.000,1.000,0.961,1.000,1.000,0.000,0.000,0.000,0.000
5000,45,4.00,0.7779,5000,0.00,1.000,1.000,0.230,1.000,1.000,0.000,0.010,0.000,0.000
5000,45,4.50,0.7459,5000,0.00,1.000,1.000,0.270,1.000,1.000,0.000,0.090,0.000,0.000
5000,45,5.00,0.7155,5000,0.00,0.870,0.890,0.770,1.000,1.000,0.060,0.450,0.070,0.010
5000,45,5.50,0.6905,5000,0.00,1.000,0.000,0.007,1.000,1.000,1.000,0.870,0.000,0.000
5000,45,6.00,0.6656,5000,0.00,1.000,0.000,0.507,1.000,1.000,1.000,0.990,0.000,0.000
5000,45,6.50,0.6335,5000,0.00,1.000,0.000,0.717,1.000,1.000,1.000,1.000,0.000,0.000
5000,45,7.00,0.6076,5000,0.00,1.000,0.000,0.170,1.000,1.000,1.000,1.000,0.000,0.000
5000,45,7.50,0.5882,5000,0.00,1.000,0.000,0.330,1.000,1.000,1.000,1.000,0.000,0.000
5000,45,8.00,0.5671,5000,0.00,0.500,0.000,5.523,1.000,1.000,0.570,1.000,0.430,0.000
5000,45,8.50,0.5482,5000,0.00,1.000,0.000,0.081,1.000,1.000,1.000,1.000,0.000,0.000
5000,45,9.00,0.5276,5000,0.00,1.000,0.000,0.581,1.000,1.000,1.000,1.000,0.000,0.000
5000,45,9.50,0.5043,5000,0.00,0.000,0.000,6.360,1.000,1.000,0.970,1.000,0.030,0.000
5000,45,10.00,0.4831,5000,0.00,0.000,0.000,6.709,1.000,1.000,0.840,0.990,0.160,0.000
5000,45,10.50,0.4630,5000,0.00,0.000,0.000,7.063,1.000,1.000,0.550,0.950,0.450,0.030
5000,45,11.00,0.4446,5000,0.00,0.000,0.000,10.956,1.000,1.000,0.150,0.880,0.850,0.110
5000,45,11.50,0.4300,5000,0.00,0.010,0.000,10.233,1.000,0.990,0.210,0.730,0.790,0.230
5000,45,12.00,0.4156,5000,0.00,0.000,0.000,10.487,1.000,1.000,0.210,0.580,0.790,0.330
5000,45,12.50,0.4014,5000,0.00,0.000,0.000,10.577,1.000,1.000,0.300,0.300,0.700,0.480
5000,45,13.00,0.3882,5000,0.00,0.000,0.000,11.126,1.000,1.000,0.080,0.070,0.920,0.860
5000,45,13.50,0.3763,5000,0.00,0.000,0.000,11.576,1.000,1.000,0.090,0.030,0.910,0.880
5000,45,14.00,0.3659,5000,0.00,0.000,0.000,12.089,1.000,1.000,0.060,0.010,0.940,0.930
5000,45,14.50,0.3574,5000,0.00,0.000,0.000,12.557,1.000,1.000,0.090,0.000,0.910,0.910
5000,45,15.00,0.3467,5000,0.00,0.000,0.000,13.048,1.000,0.990,0.000,0.000,1.000,1.000
5000,45,15.50,0.3375,5000,0.00,0.000,0.000,13.520,1.000,1.000,0.020,0.000,0.980,0.980
5000,45,16.00,0.3268,5000,0.00,0.000,0.000,14.009,1.000,1.000,0.020,0.000,0.980,0.980
5000,45,16.50,0.3178,5000,0.00,0.000,0.000,14.542,1.000,1.000,0.010,0.000,0.990,0.990
5000,45,17.00,0.3109,5000,0.00,0.000,0.000,15.059,1.000,0.990,0.070,0.000,0.930,0.930
5000,45,17.50,0.3039,5000,0.00,0.000,0.000,15.502,1.000,0.990,0.070,0.000,0.930,0.930
5000,45,18.00,0.2962,5000,0.00,0.000,0.000,16.070,1.000,0.990,0.160,0.000,0.840,0.840
5000,45,18.50,0.2904,5000,0.00,0.000,0.000,16.567,1.000,1.000,0.100,0.000,0.900,0.900
5000,45,19.00,0.2840,5000,0.00,0.000,0.000,17.375,1.000,0.980,0.110,0.000,0.890,0.890
5000,45,19.50,0.2762,5000,0.00,0.000,0.000,17.588,0.980,0.920,0.150,0.000,0.850,0.850
5000,45,20.00,0.2708,5000,0.00,0.000,0.000,18.415,0.880,0.940,0.100,0.000,0.900,0.900
5000,45,0.00,1.0000,5000,1.00,1.000,1.000,0.440,NaN,NaN,0.000,0.000,0.000,0.000
5000,45,0.50,0.9900,5000,1.00,1.000,1.000,0.666,1.000,1.000,0.000,0.000,0.000,0.000
5000,45,1.00,0.9762,5000,1.00,1.000,1.000,0.267,1.000,1.000,0.000,0.000,0.000,0.000
5000,45,1.50,0.9575,5000,1.00,1.000,1.000,0.233,1.000,1.000,0.000,0.000,0.000,0.000
5000,45,2.00,0.9210,5000,1.00,0.930,1.000,0.733,1.000,1.000,0.000,0.000,0.070,0.070
5000,45,2.50,0.8823,5000,1.00,0.830,1.000,0.039,1.000,0.860,0.140,0.000,0.030,0.030
5000,45,3.00,0.8467,5000,1.00,1.000,1.000,0.461,1.000,1.000,0.000,0.010,0.000,0.000
5000,45,3.50,0.8115,5000,1.00,0.000,1.000,2.195,1.000,0.570,0.430,0.030,0.570,0.550
5000,45,4.00,0.7779,5000,1.00,0.980,1.000,0.230,1.000,0.980,0.020,0.140,0.000,0.000
5000,45,4.50,0.7459,5000,1.00,1.000,1.000,0.270,1.000,1.000,0.000,0.080,0.000,0.000
5000,45,5.00,0.7155,5000,1.00,0.000,0.000,3.332,1.000,0.990,0.050,0.290,0.950,0.670
5000,45,5.50,0.6905,5000,1.00,0.970,0.000,0.593,1.000,1.000,0.970,0.580,0.030,0.000
5000,45,6.00,0.6656,5000,1.00,0.990,0.000,0.507,1.000,1.000,0.990,0.520,0.010,0.000
5000,45,6.50,0.6335,5000,1.00,0.470,0.000,4.490,1.000,1.000,0.470,0.510,0.530,0.230
5000,45,7.00,0.6076,5000,1.00,0.260,0.000,5.090,1.000,0.990,0.300,0.580,0.700,0.300
5000,45,7.50,0.5882,5000,1.00,0.150,0.000,5.966,1.000,1.000,0.190,0.460,0.810,0.410
5000,45,8.00,0.5671,5000,1.00,0.000,0.000,6.492,1.000,1.000,0.010,0.420,0.990,0.580
5000,45,8.50,0.5482,5000,1.00,0.000,0.000,6.968,1.000,1.000,0.010,0.440,0.990,0.550
5000,45,9.00,0.5276,5000,1.00,0.010,0.000,7.415,1.000,1.000,0.040,0.280,0.960,0.690
5000,45,9.50,0.5043,5000,1.00,0.000,0.000,7.598,1.000,1.000,0.050,0.200,0.950,0.770
5000,45,10.00,0.4831,5000,1.00,0.000,0.000,9.970,1.000,1.000,0.040,0.060,0.960,0.900
5000,45,10.50,0.4630,5000,1.00,0.000,0.000,10.461,1.000,1.000,0.010,0.000,0.990,0.990
5000,45,11.00,0.4446,5000,1.00,0.000,0.000,10.947,1.000,1.000,0.000,0.000,1.000,1.000
5000,45,11.50,0.4300,5000,1.00,0.000,0.000,9.563,1.000,0.990,0.050,0.000,0.950,0.950
5000,45,12.00,0.4156,5000,1.00,0.000,0.000,10.110,1.000,1.000,0.010,0.000,0.990,0.990
5000,45,12.50,0.4014,5000,1.00,0.000,0.000,10.596,1.000,1.000,0.000,0.000,1.000,1.000
5000,45,13.00,0.3882,5000,1.00,0.000,0.000,11.402,1.000,1.000,0.010,0.000,0.990,0.990
5000,45,13.50,0.3763,5000,1.00,0.000,0.000,11.593,1.000,1.000,0.000,0.000,1.000,1.000
5000,45,14.00,0.3659,5000,1.00,0.000,0.000,12.078,1.000,1.000,0.010,0.000,0.990,0.990
5000,45,14.50,0.3574,5000,1.00,0.000,0.000,12.571,1.000,1.000,0.000,0.000,1.000,1.000
5000,45,15.00,0.3467,5000,1.00,0.000,0.000,13.054,1.000,1.000,0.000,0.000,1.000,1.000
5000,45,15.50,0.3375,5000,1.00,0.000,0.000,13.551,1.000,1.000,0.000,0.000,1.000,1.000
5000,45,16.00,0.3268,5000,1.00,0.000,0.000,14.045,1.000,1.000,0.000,0.000,1.000,1.000
5000,45,16.50,0.3178,5000,1.00,0.000,0.000,14.549,1.000,0.990,0.000,0.000,1.000,1.000
5000,45,17.00,0.3109,5000,1.00,0.000,0.000,15.052,1.000,1.000,0.020,0.000,0.980,0.980
5000,45,17.50,0.3039,5000,1.00,0.000,0.000,15.548,1.000,1.000,0.010,0.000,0.990,0.990
5000,45,18.00,0.2962,5000,1.00,0.000,0.000,16.038,0.970,1.000,0.050,0.000,0.950,0.950
5000,45,18.50,0.2904,5000,1.00,0.000,0.000,16.910,0.910,1.000,0.020,0.000,0.980,0.980
5000,45,19.00,0.2840,5000,1.00,0.000,0.000,17.058,0.820,1.000,0.010,0.000,0.990,0.990
5000,45,19.50,0.2762,5000,1.00,0.000,0.000,17.550,0.840,0.990,0.030,0.000,0.970,0.970
5000,45,20.00,0.2708,5000,1.00,0.000,0.000,18.047,0.700,1.000,0.000,0.000,1.000,1.000
