experiment,x,series,efficiency,rms_mm
holesize,0.30,hole,8.8269E-005,7.653
holesize,0.50,hole,1.1620E-004,1.477
holesize,0.70,hole,1.5833E-004,0.633
holesize,0.85,hole,1.9790E-004,0.603
holesize,1.00,hole,2.4914E-004,0.574
dof,40,straight,4.2879E-004,0
dof,40,focused,4.6573E-004,0
dof,60,straight,2.8425E-004,0
dof,60,focused,3.4634E-004,0
dof,80,straight,2.0530E-004,0
dof,80,focused,2.6795E-004,0
dof,100,straight,1.6509E-004,0
dof,100,focused,2.2330E-004,0
dof,130,straight,1.1730E-004,0
dof,130,focused,1.4261E-004,0
dof,170,straight,8.3103E-005,0
dof,170,focused,8.9701E-005,0
dof,220,straight,6.0238E-005,0
dof,220,focused,5.7892E-005,0
offaxis,straight,center,1.6509E-004,0
offaxis,straight,edge,1.3607E-004,0
offaxis,focused,center,2.2330E-004,0
offaxis,focused,edge,1.0977E-004,0
