e_keV,scatter_weight
2.5,0.00
7.5,0.00
12.5,0.00
17.5,0.00
22.5,0.00
27.5,0.00
32.5,0.00
37.5,0.00
42.5,0.00
47.5,0.00
52.5,0.00
57.5,0.01
62.5,0.00
67.5,0.00
72.5,0.00
77.5,0.00
82.5,0.00
87.5,0.00
92.5,0.00
97.5,0.00
102.5,0.00
107.5,0.00
112.5,0.00
117.5,0.00
122.5,0.00
127.5,0.00
132.5,0.00
137.5,0.00
142.5,0.00
147.5,0.00
152.5,0.00
157.5,0.00
162.5,0.00
167.5,0.00
172.5,0.00
177.5,0.00
182.5,0.00
187.5,0.00
192.5,0.00
197.5,0.00
202.5,0.00
207.5,0.00
212.5,0.00
217.5,0.00
222.5,0.00
227.5,0.00
232.5,0.00
237.5,0.00
242.5,0.00
247.5,0.00
252.5,0.00
257.5,0.00
262.5,0.00
267.5,0.00
272.5,0.00
277.5,0.00
282.5,0.00
287.5,0.00
292.5,0.00
297.5,0.00
302.5,0.00
307.5,0.00
312.5,0.00
317.5,0.00
322.5,0.00
327.5,0.00
332.5,0.00
337.5,0.00
342.5,0.00
347.5,0.00
352.5,0.00
357.5,0.00
362.5,0.00
367.5,0.00
372.5,0.00
377.5,0.00
382.5,0.00
387.5,0.00
392.5,0.00
397.5,0.00
402.5,0.00
407.5,0.00
412.5,0.00
417.5,0.00
422.5,0.00
427.5,0.00
432.5,0.00
437.5,0.00
442.5,0.00
447.5,0.00
452.5,0.00
457.5,0.00
462.5,0.00
467.5,0.00
472.5,0.01
477.5,0.01
482.5,0.01
487.5,0.02
492.5,0.03
497.5,0.04
502.5,0.05
507.5,0.07
512.5,0.10
517.5,0.11
522.5,0.14
527.5,0.17
532.5,0.21
537.5,0.25
542.5,0.30
547.5,0.34
552.5,0.42
557.5,0.48
562.5,0.53
567.5,0.63
572.5,0.70
577.5,0.80
582.5,0.87
587.5,1.03
592.5,1.10
597.5,1.21
602.5,1.42
607.5,1.48
612.5,1.67
617.5,1.83
622.5,2.07
627.5,2.26
632.5,2.45
637.5,2.64
642.5,2.94
647.5,3.24
652.5,3.64
657.5,4.12
662.5,1.62
667.5,0.00
672.5,0.00
677.5,0.00
682.5,0.00
687.5,0.00
692.5,0.00
697.5,0.00
