x_mm,cross,mlem
-9.33,2.28253,0.00000
-8.94,-16.33463,0.00000
-8.56,-28.31429,0.00000
-8.17,34.21369,0.00001
-7.78,13.68876,0.00000
-7.39,-9.46156,0.00000
-7.00,-31.97909,0.00000
-6.61,-5.13269,0.00000
-6.22,33.56524,0.00000
-5.83,43.16988,0.00000
-5.44,2.07270,0.00000
-5.06,2.07270,0.00000
-4.67,29.27548,0.00000
-4.28,51.79302,0.00000
-3.89,51.79302,0.00000
-3.50,39.89065,0.00000
-3.11,83.53511,0.00002
-2.72,124.63229,0.00050
-2.33,124.63229,0.09992
-1.94,120.47385,0.08447
-1.56,120.47385,0.08447
-1.17,146.76112,0.11516
-0.78,126.07565,0.06676
-0.39,121.86842,0.02322
0.00,121.86842,0.02322
0.39,142.39335,0.02457
0.78,146.65776,0.07099
1.17,129.20169,0.07386
1.56,137.38010,0.13805
1.94,146.08590,0.09695
2.33,113.23093,0.02646
2.72,66.53911,0.01061
3.11,66.53911,0.01061
3.50,69.51533,0.00018
3.89,30.66470,0.00000
4.28,-7.50555,0.00000
4.67,-7.50555,0.00000
5.06,29.55665,0.00000
5.44,35.15129,0.00000
5.83,-10.87661,0.00000
6.22,-10.87661,0.00000
6.61,19.83036,0.00000
7.00,37.91984,0.00000
7.39,49.89951,0.00001
7.78,-12.80072,0.00000
8.17,7.72421,0.00006
8.56,29.17471,0.00009
8.94,51.69225,0.00109
9.33,2.28253,0.00000
