source,detected_counts,rms_error_mm,mean_error_mm,failure_rate,equiv_time_s
centered,5,9.903,9.434,0.933,0.059
centered,10,7.819,6.758,0.717,0.118
centered,25,5.326,3.657,0.377,0.294
centered,50,3.020,1.568,0.110,0.588
centered,100,0.635,0.566,0.000,1.175
centered,250,0.439,0.411,0.000,2.938
centered,500,0.381,0.373,0.000,5.875
centered,1000,0.360,0.358,0.000,11.751
centered,2500,0.355,0.354,0.000,29.377
centered,5000,0.356,0.356,0.000,58.753
edge_8mm,5,14.041,13.231,0.963,0.061
edge_8mm,10,11.093,9.588,0.780,0.122
edge_8mm,25,7.979,5.403,0.427,0.304
edge_8mm,50,4.541,2.176,0.133,0.608
edge_8mm,100,1.092,0.661,0.010,1.216
edge_8mm,250,0.533,0.514,0.000,3.041
edge_8mm,500,0.511,0.501,0.000,6.082
edge_8mm,1000,0.493,0.488,0.000,12.164
edge_8mm,2500,0.497,0.495,0.000,30.409
edge_8mm,5000,0.501,0.501,0.000,60.819
