energy_keV,crystal,intrinsic_fwhm_pct,peak_shift_pct,full_energy_frac
122,proportional,0.000,0.000,0.9903
122,GAGG,0.720,1.560,0.9903
122,NaI,2.498,-3.141,0.9903
122,CsI,0.931,5.309,0.9903
356,proportional,0.000,0.000,0.8562
356,GAGG,0.625,1.286,0.8562
356,NaI,2.274,-0.181,0.8562
356,CsI,2.318,2.539,0.8562
511,proportional,0.000,0.000,0.6397
511,GAGG,1.172,0.929,0.6397
511,NaI,1.366,-0.056,0.6397
511,CsI,2.811,1.789,0.6397
662,proportional,0.000,0.000,0.4642
662,GAGG,1.464,0.633,0.4642
662,NaI,0.949,-0.046,0.4642
662,CsI,2.876,1.228,0.4642
1000,proportional,0.000,0.000,0.2408
1000,GAGG,1.187,0.211,0.2408
1000,NaI,0.684,-0.110,0.2408
1000,CsI,2.514,0.316,0.2408
1332,proportional,0.000,0.000,0.1426
1332,GAGG,1.001,-0.099,0.1426
1332,NaI,0.592,-0.229,0.1426
1332,CsI,2.125,-0.338,0.1426
