rank,cell_pitch_mm,dist_mm,source_mm,fcfov_half_mm,resolution_mm,median_error_mm,usable_fraction,usable_fov_area_mm2,median_detected
7,1.00,20.0,100.0,21.00,6.00,1.291,1.000,1592.0,1060
7,1.00,25.0,100.0,17.50,5.00,1.258,0.967,1069.0,1010
7,1.00,30.0,100.0,15.17,4.33,0.664,0.909,754.9,952
7,1.00,40.0,100.0,12.25,3.50,0.681,0.934,505.9,846
7,1.00,50.0,100.0,10.50,3.00,0.858,0.975,388.1,737
7,1.00,60.0,100.0,9.33,2.67,0.392,0.992,311.9,649
7,1.00,70.0,100.0,8.50,2.43,0.372,0.893,232.8,577
7,1.00,80.0,100.0,7.88,2.25,0.274,0.884,198.0,519
7,1.50,20.0,100.0,31.50,9.00,1.063,0.851,3049.2,1099
7,1.50,25.0,100.0,26.25,7.50,0.886,0.835,2076.4,1027
7,1.50,30.0,100.0,22.75,6.50,1.691,0.860,1605.9,970
7,1.50,40.0,100.0,18.38,5.25,1.007,0.843,1027.5,839
7,1.50,50.0,100.0,15.75,4.50,0.752,0.992,888.1,735
7,1.50,60.0,100.0,14.00,4.00,0.512,0.975,690.0,647
7,1.50,70.0,100.0,12.75,3.64,0.535,0.983,577.2,574
7,1.50,80.0,100.0,11.81,3.38,0.529,0.992,499.6,512
7,2.00,20.0,100.0,42.00,12.00,1.537,0.967,6157.5,1068
7,2.00,25.0,100.0,35.00,10.00,1.330,0.975,4312.6,1009
7,2.00,30.0,100.0,30.33,8.67,1.395,1.000,3321.6,937
7,2.00,40.0,100.0,24.50,7.00,0.899,1.000,2166.9,814
7,2.00,50.0,100.0,21.00,6.00,0.966,1.000,1592.0,722
7,2.00,60.0,100.0,18.67,5.33,0.620,0.983,1237.1,643
7,2.00,70.0,100.0,17.00,4.86,0.623,0.926,965.7,581
7,2.00,80.0,100.0,15.75,4.50,0.592,0.893,799.3,511
11,1.00,20.0,100.0,33.00,6.00,1.058,1.000,3931.3,1102
11,1.00,25.0,100.0,27.50,5.00,1.274,0.959,2617.2,1038
11,1.00,30.0,100.0,23.83,4.33,0.970,1.000,2050.6,964
11,1.00,40.0,100.0,19.25,3.50,0.499,0.983,1315.6,845
11,1.00,50.0,100.0,16.50,3.00,0.611,0.967,950.3,741
11,1.00,60.0,100.0,14.67,2.67,0.464,1.000,776.6,654
11,1.00,70.0,100.0,13.36,2.43,0.480,0.818,527.0,585
11,1.00,80.0,100.0,12.38,2.25,0.314,1.000,552.8,524
11,1.50,20.0,100.0,49.50,9.00,1.181,1.000,8845.4,1003
11,1.50,25.0,100.0,41.25,7.50,1.187,1.000,6142.6,973
11,1.50,30.0,100.0,35.75,6.50,1.432,0.992,4575.7,930
11,1.50,40.0,100.0,28.88,5.25,0.992,0.967,2910.4,818
11,1.50,50.0,100.0,24.75,4.50,0.861,0.992,2193.1,731
11,1.50,60.0,100.0,22.00,4.00,0.742,0.950,1660.6,640
11,1.50,70.0,100.0,20.04,3.64,0.634,0.901,1305.4,573
11,1.50,80.0,100.0,18.56,3.38,0.626,0.835,1038.3,517
11,2.00,20.0,100.0,66.00,12.00,2.200,0.967,15205.3,874
11,2.00,25.0,100.0,55.00,10.00,1.815,0.950,10378.8,865
11,2.00,30.0,100.0,47.67,8.67,1.561,0.926,7592.2,857
11,2.00,40.0,100.0,38.50,7.00,1.409,0.669,3582.0,780
11,2.00,50.0,100.0,33.00,6.00,1.673,0.686,2696.7,706
11,2.00,60.0,100.0,29.33,5.33,0.978,0.612,1899.7,634
11,2.00,70.0,100.0,26.71,4.86,0.959,0.579,1490.4,560
11,2.00,80.0,100.0,24.75,4.50,11.011,0.488,1078.3,510
13,1.00,20.0,100.0,39.00,6.00,0.884,1.000,5490.8,1086
13,1.00,25.0,100.0,32.50,5.00,1.064,0.983,3750.0,1028
13,1.00,30.0,100.0,28.17,4.33,0.935,1.000,2864.0,973
13,1.00,40.0,100.0,22.75,3.50,0.758,1.000,1868.4,843
13,1.00,50.0,100.0,19.50,3.00,0.586,0.826,1134.5,755
13,1.00,60.0,100.0,17.33,2.67,0.440,1.000,1084.6,671
13,1.00,70.0,100.0,15.79,2.43,0.532,0.983,884.7,606
13,1.00,80.0,100.0,14.62,2.25,0.432,0.992,765.8,543
13,1.50,20.0,100.0,58.50,9.00,1.683,1.000,12354.3,952
13,1.50,25.0,100.0,48.75,7.50,1.163,0.983,8437.6,959
13,1.50,30.0,100.0,42.25,6.50,1.517,0.967,6231.0,933
13,1.50,40.0,100.0,34.12,5.25,1.094,0.926,3891.2,848
13,1.50,50.0,100.0,29.25,4.50,0.611,0.818,2527.0,754
13,1.50,60.0,100.0,26.00,4.00,0.433,0.926,2258.8,673
13,1.50,70.0,100.0,23.68,3.64,0.537,0.810,1639.3,595
13,1.50,80.0,100.0,21.94,3.38,0.718,0.702,1220.4,531
13,2.00,20.0,100.0,78.00,12.00,1.300,0.942,20692.6,759
13,2.00,25.0,100.0,65.00,10.00,1.235,0.901,13739.6,822
13,2.00,30.0,100.0,56.33,8.67,1.314,0.752,8615.8,831
13,2.00,40.0,100.0,45.50,7.00,1.534,0.669,5003.0,785
13,2.00,50.0,100.0,39.00,6.00,58.301,0.008,45.4,709
13,2.00,60.0,100.0,34.67,5.33,53.498,0.008,35.9,626
13,2.00,70.0,100.0,31.57,4.86,48.721,0.008,29.7,555
13,2.00,80.0,100.0,29.25,4.50,45.139,0.008,25.5,502
17,1.00,20.0,100.0,51.00,6.00,1.264,0.992,9312.0,998
17,1.00,25.0,100.0,42.50,5.00,1.053,1.000,6520.6,978
17,1.00,30.0,100.0,36.83,4.33,0.700,0.992,4857.2,952
17,1.00,40.0,100.0,29.75,3.50,0.674,0.992,3168.7,837
17,1.00,50.0,100.0,25.50,3.00,0.467,1.000,2347.4,744
17,1.00,60.0,100.0,22.67,2.67,0.588,0.992,1839.4,665
17,1.00,70.0,100.0,20.64,2.43,0.431,0.727,1118.8,594
17,1.00,80.0,100.0,19.12,2.25,0.446,0.893,1178.6,533
17,1.50,20.0,100.0,76.50,9.00,2.201,0.868,18333.0,768
17,1.50,25.0,100.0,63.75,7.50,1.915,0.926,13580.0,833
17,1.50,30.0,100.0,55.25,6.50,1.369,0.876,9653.7,835
17,1.50,40.0,100.0,44.62,5.25,1.065,0.909,6535.4,803
17,1.50,50.0,100.0,38.25,4.50,0.770,0.777,4103.1,730
17,1.50,60.0,100.0,34.00,4.00,12.209,0.455,1896.9,653
17,1.50,70.0,100.0,30.96,3.64,0.930,0.669,2317.0,587
17,1.50,80.0,100.0,28.69,3.38,14.103,0.430,1276.8,522
17,2.00,20.0,100.0,102.00,12.00,36.405,0.438,16451.2,613
17,2.00,25.0,100.0,85.00,10.00,3.343,0.545,14226.7,700
17,2.00,30.0,100.0,73.67,8.67,2.898,0.529,10362.0,726
17,2.00,40.0,100.0,59.50,7.00,45.220,0.298,3802.4,715
17,2.00,50.0,100.0,51.00,6.00,29.308,0.364,3414.4,655
17,2.00,60.0,100.0,45.33,5.33,30.462,0.264,1962.0,622
17,2.00,70.0,100.0,41.29,4.86,27.317,0.248,1525.6,546
17,2.00,80.0,100.0,38.25,4.50,32.610,0.132,698.4,494
19,1.00,20.0,100.0,57.00,6.00,0.950,1.000,11728.9,959
19,1.00,25.0,100.0,47.50,5.00,0.871,0.975,7943.1,952
19,1.00,30.0,100.0,41.17,4.33,0.647,0.983,6016.7,916
19,1.00,40.0,100.0,33.25,3.50,0.627,0.975,3892.1,820
19,1.00,50.0,100.0,28.50,3.00,0.665,0.983,2883.8,734
19,1.00,60.0,100.0,25.33,2.67,0.422,0.950,2201.9,640
19,1.00,70.0,100.0,23.07,2.43,0.438,0.934,1794.5,578
19,1.00,80.0,100.0,21.38,2.25,0.510,0.917,1513.1,515
19,1.50,20.0,100.0,85.50,9.00,2.040,0.876,23118.5,761
19,1.50,25.0,100.0,71.25,7.50,1.615,0.934,17114.7,806
19,1.50,30.0,100.0,61.75,6.50,1.132,0.909,12513.8,820
19,1.50,40.0,100.0,49.88,5.25,0.784,0.917,8237.8,746
19,1.50,50.0,100.0,42.75,4.50,1.059,0.868,5725.1,686
19,1.50,60.0,100.0,38.00,4.00,0.985,0.686,3575.7,621
19,1.50,70.0,100.0,34.61,3.64,0.723,0.744,3215.9,557
19,1.50,80.0,100.0,32.06,3.38,18.120,0.355,1318.8,505
19,2.00,20.0,100.0,114.00,12.00,3.280,0.661,31018.6,582
19,2.00,25.0,100.0,95.00,10.00,1.805,0.777,25310.3,655
19,2.00,30.0,100.0,82.33,8.67,25.958,0.471,11527.8,703
19,2.00,40.0,100.0,66.50,7.00,31.175,0.413,6596.8,696
19,2.00,50.0,100.0,57.00,6.00,60.936,0.008,96.9,646
19,2.00,60.0,100.0,50.67,5.33,54.165,0.017,153.2,590
19,2.00,70.0,100.0,46.14,4.86,50.538,0.008,63.5,542
19,2.00,80.0,100.0,42.75,4.50,46.822,0.008,54.5,482
23,1.00,20.0,100.0,69.00,6.00,1.085,0.959,16477.0,856
23,1.00,25.0,100.0,57.50,5.00,0.958,0.934,11146.4,878
23,1.00,30.0,100.0,49.83,4.33,0.947,0.893,8001.8,859
23,1.00,40.0,100.0,40.25,3.50,0.765,0.884,5171.7,779
23,1.00,50.0,100.0,34.50,3.00,6.385,0.496,2130.6,699
23,1.00,60.0,100.0,30.67,2.67,0.583,0.826,2805.8,631
23,1.00,70.0,100.0,27.93,2.43,0.583,0.612,1722.1,565
23,1.00,80.0,100.0,25.88,2.25,0.407,0.884,2137.3,508
23,1.50,20.0,100.0,103.50,9.00,1.627,0.876,33877.3,606
23,1.50,25.0,100.0,86.25,7.50,1.356,0.843,22638.1,687
23,1.50,30.0,100.0,74.75,6.50,1.246,0.760,15336.7,722
23,1.50,40.0,100.0,60.38,5.25,1.623,0.595,7830.1,697
23,1.50,50.0,100.0,51.75,4.50,2.356,0.504,4873.9,649
23,1.50,60.0,100.0,46.00,4.00,32.093,0.248,1893.9,602
23,1.50,70.0,100.0,41.89,3.64,32.313,0.174,1099.6,535
23,1.50,80.0,100.0,38.81,3.38,33.404,0.066,359.5,488
23,2.00,20.0,100.0,138.00,12.00,101.384,0.223,15340.7,433
23,2.00,25.0,100.0,115.00,10.00,79.504,0.215,10258.7,540
23,2.00,30.0,100.0,99.67,8.67,84.786,0.091,3260.0,581
23,2.00,40.0,100.0,80.50,7.00,69.282,0.074,1740.0,591
23,2.00,50.0,100.0,69.00,6.00,56.474,0.008,142.0,583
23,2.00,60.0,100.0,61.33,5.33,50.199,0.008,112.2,546
23,2.00,70.0,100.0,55.86,4.86,48.077,0.058,651.6,509
23,2.00,80.0,100.0,51.75,4.50,45.247,0.058,559.3,465
