rank,cell_pitch_mm,dist_mm,source_mm,fcfov_half_mm,resolution_mm,median_error_mm,usable_fraction,usable_fov_area_mm2,median_efficiency
7,1.00,20.0,100.0,21.00,6.00,1.318,0.975,1552.5,3.563E-004
7,1.00,25.0,100.0,17.50,5.00,1.223,0.909,1005.1,3.482E-004
7,1.00,30.0,100.0,15.17,4.33,0.837,0.909,754.9,3.355E-004
7,1.00,40.0,100.0,12.25,3.50,0.652,0.959,519.3,3.062E-004
7,1.00,50.0,100.0,10.50,3.00,0.761,0.967,384.8,2.731E-004
7,1.00,60.0,100.0,9.33,2.67,0.278,0.934,293.7,2.427E-004
7,1.00,70.0,100.0,8.50,2.43,0.350,0.909,237.1,2.153E-004
7,1.00,80.0,100.0,7.88,2.25,0.270,0.826,185.0,1.941E-004
7,1.50,20.0,100.0,31.50,9.00,1.473,0.826,2960.3,3.551E-004
7,1.50,25.0,100.0,26.25,7.50,1.332,0.826,2055.8,3.498E-004
7,1.50,30.0,100.0,22.75,6.50,1.378,0.909,1698.5,3.390E-004
7,1.50,40.0,100.0,18.38,5.25,0.820,0.917,1118.1,3.068E-004
7,1.50,50.0,100.0,15.75,4.50,0.658,0.835,747.5,2.729E-004
7,1.50,60.0,100.0,14.00,4.00,0.427,0.884,625.7,2.436E-004
7,1.50,70.0,100.0,12.75,3.64,0.487,0.785,460.8,2.163E-004
7,1.50,80.0,100.0,11.81,3.38,0.452,0.851,428.8,1.939E-004
7,2.00,20.0,100.0,42.00,12.00,2.971,0.645,4105.0,3.461E-004
7,2.00,25.0,100.0,35.00,10.00,1.765,0.686,3033.4,3.488E-004
7,2.00,30.0,100.0,30.33,8.67,1.736,0.669,2223.6,3.357E-004
7,2.00,40.0,100.0,24.50,7.00,1.040,0.744,1611.7,3.039E-004
7,2.00,50.0,100.0,21.00,6.00,0.493,0.802,1276.2,2.648E-004
7,2.00,60.0,100.0,18.67,5.33,1.246,0.504,634.1,2.389E-004
7,2.00,70.0,100.0,17.00,4.86,3.954,0.504,526.0,2.101E-004
7,2.00,80.0,100.0,15.75,4.50,14.492,0.339,303.4,1.892E-004
11,1.00,20.0,100.0,33.00,6.00,2.259,0.835,3281.5,3.394E-004
11,1.00,25.0,100.0,27.50,5.00,1.355,0.835,2278.8,3.355E-004
11,1.00,30.0,100.0,23.83,4.33,1.106,0.901,1847.2,3.246E-004
11,1.00,40.0,100.0,19.25,3.50,0.602,0.851,1138.7,2.933E-004
11,1.00,50.0,100.0,16.50,3.00,0.531,0.926,909.7,2.639E-004
11,1.00,60.0,100.0,14.67,2.67,0.326,0.934,725.2,2.355E-004
11,1.00,70.0,100.0,13.36,2.43,0.364,0.785,505.7,2.078E-004
11,1.00,80.0,100.0,12.38,2.25,0.278,0.926,511.7,1.861E-004
11,1.50,20.0,100.0,49.50,9.00,6.908,0.529,4678.6,3.153E-004
11,1.50,25.0,100.0,41.25,7.50,4.577,0.554,3401.3,3.184E-004
11,1.50,30.0,100.0,35.75,6.50,1.553,0.661,3050.5,3.095E-004
11,1.50,40.0,100.0,28.88,5.25,1.055,0.752,2263.6,2.816E-004
11,1.50,50.0,100.0,24.75,4.50,1.408,0.545,1206.2,2.591E-004
11,1.50,60.0,100.0,22.00,4.00,1.134,0.595,1039.7,2.327E-004
11,1.50,70.0,100.0,20.04,3.64,1.086,0.570,826.4,2.109E-004
11,1.50,80.0,100.0,18.56,3.38,9.414,0.446,555.1,1.901E-004
11,2.00,20.0,100.0,66.00,12.00,41.155,0.331,5198.4,2.667E-004
11,2.00,25.0,100.0,55.00,10.00,30.934,0.364,3971.0,2.810E-004
11,2.00,30.0,100.0,47.67,8.67,32.850,0.339,2779.3,2.906E-004
11,2.00,40.0,100.0,38.50,7.00,24.007,0.306,1636.2,2.754E-004
11,2.00,50.0,100.0,33.00,6.00,18.534,0.380,1494.5,2.537E-004
11,2.00,60.0,100.0,29.33,5.33,16.038,0.339,1052.5,2.314E-004
11,2.00,70.0,100.0,26.71,4.86,19.318,0.223,574.9,2.084E-004
11,2.00,80.0,100.0,24.75,4.50,24.870,0.190,420.3,1.890E-004
13,1.00,20.0,100.0,39.00,6.00,2.088,0.802,4401.7,3.276E-004
13,1.00,25.0,100.0,32.50,5.00,1.571,0.669,2552.5,3.281E-004
13,1.00,30.0,100.0,28.17,4.33,1.420,0.769,2201.3,3.167E-004
13,1.00,40.0,100.0,22.75,3.50,0.934,0.793,1482.4,2.898E-004
13,1.00,50.0,100.0,19.50,3.00,0.636,0.719,987.0,2.607E-004
13,1.00,60.0,100.0,17.33,2.67,0.339,0.884,959.1,2.343E-004
13,1.00,70.0,100.0,15.79,2.43,0.281,0.917,825.2,2.129E-004
13,1.00,80.0,100.0,14.62,2.25,0.289,0.909,702.0,1.939E-004
13,1.50,20.0,100.0,58.50,9.00,6.342,0.636,7861.8,2.780E-004
13,1.50,25.0,100.0,48.75,7.50,2.319,0.711,6097.7,2.897E-004
13,1.50,30.0,100.0,42.25,6.50,1.448,0.785,5059.4,2.920E-004
13,1.50,40.0,100.0,34.12,5.25,1.065,0.802,3370.1,2.768E-004
13,1.50,50.0,100.0,29.25,4.50,1.559,0.562,1735.7,2.570E-004
13,1.50,60.0,100.0,26.00,4.00,1.886,0.529,1290.8,2.356E-004
13,1.50,70.0,100.0,23.68,3.64,33.313,0.157,317.8,2.117E-004
13,1.50,80.0,100.0,21.94,3.38,33.740,0.033,57.4,1.896E-004
13,2.00,20.0,100.0,78.00,12.00,78.169,0.289,6353.0,2.254E-004
13,2.00,25.0,100.0,65.00,10.00,58.513,0.339,5168.1,2.485E-004
13,2.00,30.0,100.0,56.33,8.67,87.169,0.050,568.1,2.607E-004
13,2.00,40.0,100.0,45.50,7.00,69.995,0.025,185.3,2.600E-004
13,2.00,50.0,100.0,39.00,6.00,58.681,0.025,136.1,2.392E-004
13,2.00,60.0,100.0,34.67,5.33,52.621,0.008,35.9,2.181E-004
13,2.00,70.0,100.0,31.57,4.86,47.923,0.008,29.7,2.001E-004
13,2.00,80.0,100.0,29.25,4.50,44.399,0.008,25.5,1.839E-004
17,1.00,20.0,100.0,51.00,6.00,5.553,0.545,5121.6,2.801E-004
17,1.00,25.0,100.0,42.50,5.00,2.810,0.529,3448.9,2.893E-004
17,1.00,30.0,100.0,36.83,4.33,3.781,0.512,2509.5,2.893E-004
17,1.00,40.0,100.0,29.75,3.50,0.898,0.769,2455.7,2.672E-004
17,1.00,50.0,100.0,25.50,3.00,0.570,0.818,1920.6,2.435E-004
17,1.00,60.0,100.0,22.67,2.67,0.751,0.661,1226.3,2.205E-004
17,1.00,70.0,100.0,20.64,2.43,17.581,0.116,178.0,2.021E-004
17,1.00,80.0,100.0,19.12,2.25,0.410,0.620,818.4,1.855E-004
17,1.50,20.0,100.0,76.50,9.00,68.595,0.116,2444.4,2.159E-004
17,1.50,25.0,100.0,63.75,7.50,48.584,0.339,4971.3,2.421E-004
17,1.50,30.0,100.0,55.25,6.50,47.041,0.165,1821.4,2.490E-004
17,1.50,40.0,100.0,44.62,5.25,34.009,0.289,2079.4,2.486E-004
17,1.50,50.0,100.0,38.25,4.50,28.295,0.240,1265.9,2.348E-004
17,1.50,60.0,100.0,34.00,4.00,27.889,0.041,172.4,2.166E-004
17,1.50,70.0,100.0,30.96,3.64,25.360,0.107,371.9,1.977E-004
17,1.50,80.0,100.0,28.69,3.38,23.767,0.099,294.6,1.804E-004
17,2.00,20.0,100.0,102.00,12.00,85.647,0.025,931.2,1.619E-004
17,2.00,25.0,100.0,85.00,10.00,73.900,0.033,862.2,1.966E-004
17,2.00,30.0,100.0,73.67,8.67,66.474,0.058,1133.3,2.160E-004
17,2.00,40.0,100.0,59.50,7.00,48.989,0.058,739.4,2.243E-004
17,2.00,50.0,100.0,51.00,6.00,43.211,0.058,543.2,2.235E-004
17,2.00,60.0,100.0,45.33,5.33,38.342,0.058,429.2,2.081E-004
17,2.00,70.0,100.0,41.29,4.86,34.713,0.050,305.1,1.880E-004
17,2.00,80.0,100.0,38.25,4.50,32.578,0.033,174.6,1.747E-004
19,1.00,20.0,100.0,57.00,6.00,45.855,0.264,3101.9,2.732E-004
19,1.00,25.0,100.0,47.50,5.00,40.301,0.347,2827.2,2.841E-004
19,1.00,30.0,100.0,41.17,4.33,32.261,0.455,2780.8,2.842E-004
19,1.00,40.0,100.0,33.25,3.50,1.943,0.537,2144.0,2.628E-004
19,1.00,50.0,100.0,28.50,3.00,7.763,0.455,1332.8,2.421E-004
19,1.00,60.0,100.0,25.33,2.67,0.779,0.562,1302.0,2.168E-004
19,1.00,70.0,100.0,23.07,2.43,0.626,0.587,1127.5,1.966E-004
19,1.00,80.0,100.0,21.38,2.25,4.616,0.471,777.0,1.786E-004
19,1.50,20.0,100.0,85.50,9.00,78.576,0.174,4580.1,2.015E-004
19,1.50,25.0,100.0,71.25,7.50,71.178,0.198,3635.0,2.328E-004
19,1.50,30.0,100.0,61.75,6.50,57.740,0.231,3185.3,2.467E-004
19,1.50,40.0,100.0,49.88,5.25,52.682,0.240,2152.2,2.432E-004
19,1.50,50.0,100.0,42.75,4.50,46.436,0.248,1635.7,2.270E-004
19,1.50,60.0,100.0,38.00,4.00,32.871,0.157,818.5,2.059E-004
19,1.50,70.0,100.0,34.61,3.64,30.613,0.174,750.4,1.910E-004
19,1.50,80.0,100.0,32.06,3.38,33.393,0.025,92.0,1.739E-004
19,2.00,20.0,100.0,114.00,12.00,122.708,0.083,3877.3,1.440E-004
19,2.00,25.0,100.0,95.00,10.00,97.719,0.050,1615.5,1.857E-004
19,2.00,30.0,100.0,82.33,8.67,87.558,0.008,202.2,2.065E-004
19,2.00,40.0,100.0,66.50,7.00,67.847,0.041,659.7,2.200E-004
19,2.00,50.0,100.0,57.00,6.00,60.392,0.008,96.9,2.123E-004
19,2.00,60.0,100.0,50.67,5.33,52.722,0.008,76.6,1.950E-004
19,2.00,70.0,100.0,46.14,4.86,48.014,0.008,63.5,1.785E-004
19,2.00,80.0,100.0,42.75,4.50,44.484,0.008,54.5,1.599E-004
23,1.00,20.0,100.0,69.00,6.00,65.458,0.149,2556.8,2.276E-004
23,1.00,25.0,100.0,57.50,5.00,60.750,0.157,1874.2,2.445E-004
23,1.00,30.0,100.0,49.83,4.33,56.490,0.132,1185.4,2.487E-004
23,1.00,40.0,100.0,40.25,3.50,42.865,0.174,1015.0,2.364E-004
23,1.00,50.0,100.0,34.50,3.00,37.860,0.058,248.6,2.165E-004
23,1.00,60.0,100.0,30.67,2.67,26.997,0.264,897.9,1.988E-004
23,1.00,70.0,100.0,27.93,2.43,24.514,0.207,581.8,1.837E-004
23,1.00,80.0,100.0,25.88,2.25,20.050,0.256,619.2,1.664E-004
23,1.50,20.0,100.0,103.50,9.00,101.543,0.091,3515.6,1.513E-004
23,1.50,25.0,100.0,86.25,7.50,85.029,0.099,2663.3,1.833E-004
23,1.50,30.0,100.0,74.75,6.50,68.102,0.050,1000.2,1.986E-004
23,1.50,40.0,100.0,60.38,5.25,51.973,0.083,1087.5,2.052E-004
23,1.50,50.0,100.0,51.75,4.50,46.511,0.050,479.4,1.981E-004
23,1.50,60.0,100.0,46.00,4.00,42.671,0.017,126.3,1.851E-004
23,1.50,70.0,100.0,41.89,3.64,35.870,0.017,104.7,1.717E-004
23,1.50,80.0,100.0,38.81,3.38,31.856,0.017,89.9,1.582E-004
23,2.00,20.0,100.0,138.00,12.00,133.920,0.008,568.2,9.834E-005
23,2.00,25.0,100.0,115.00,10.00,105.223,0.008,394.6,1.330E-004
23,2.00,30.0,100.0,99.67,8.67,83.207,0.017,592.7,1.586E-004
23,2.00,40.0,100.0,80.50,7.00,68.356,0.017,386.7,1.769E-004
23,2.00,50.0,100.0,69.00,6.00,56.806,0.008,142.0,1.716E-004
23,2.00,60.0,100.0,61.33,5.33,50.428,0.008,112.2,1.682E-004
23,2.00,70.0,100.0,55.86,4.86,45.975,0.008,93.1,1.611E-004
23,2.00,80.0,100.0,51.75,4.50,41.899,0.008,79.9,1.532E-004
