bg,thickness_mm,transmission,bg_per_px,rms_raw_mm,rms_calib_mm,fail_raw,shield_kg
scattered_250keV,0.0,1.0000,20.000,8.684,2.895,0.960,0.000
scattered_250keV,2.0,0.3679,7.358,4.594,0.826,0.240,0.161
scattered_250keV,4.0,0.1353,2.707,0.701,0.495,0.000,0.376
scattered_250keV,6.0,0.0498,0.996,0.470,0.420,0.000,0.649
scattered_250keV,8.0,0.0183,0.366,0.414,0.395,0.000,0.983
scattered_250keV,10.0,0.0067,0.135,0.378,0.373,0.000,1.383
scattered_250keV,12.0,0.0025,0.050,0.399,0.391,0.000,1.852
scattered_250keV,15.0,0.0006,0.011,0.387,0.384,0.000,2.692
scattered_250keV,20.0,0.0000,0.001,0.383,0.378,0.000,4.491
scattered_250keV,25.0,0.0000,0.000,0.376,0.376,0.000,6.836
scattered_250keV,30.0,0.0000,0.000,0.383,0.373,0.000,9.785
Cs137_662keV,0.0,1.0000,20.000,8.684,2.895,0.960,0.000
Cs137_662keV,2.0,0.7005,14.009,8.361,2.181,0.864,0.161
Cs137_662keV,4.0,0.4907,9.813,6.750,1.141,0.576,0.376
Cs137_662keV,6.0,0.3437,6.874,4.581,0.838,0.220,0.649
Cs137_662keV,8.0,0.2407,4.815,2.527,0.756,0.076,0.983
Cs137_662keV,10.0,0.1686,3.373,0.936,0.524,0.004,1.383
Cs137_662keV,12.0,0.1181,2.363,0.814,0.446,0.004,1.852
Cs137_662keV,15.0,0.0693,1.385,0.522,0.438,0.000,2.692
Cs137_662keV,20.0,0.0284,0.569,0.413,0.381,0.000,4.491
Cs137_662keV,25.0,0.0117,0.234,0.414,0.399,0.000,6.836
Cs137_662keV,30.0,0.0048,0.096,0.382,0.378,0.000,9.785
Co60_1250keV,0.0,1.0000,20.000,8.684,2.895,0.960,0.000
Co60_1250keV,2.0,0.7993,15.986,8.603,2.355,0.924,0.161
Co60_1250keV,4.0,0.6389,12.778,7.871,2.040,0.756,0.376
Co60_1250keV,6.0,0.5107,10.214,6.800,1.122,0.556,0.649
Co60_1250keV,8.0,0.4082,8.164,5.577,1.088,0.372,0.983
Co60_1250keV,10.0,0.3263,6.526,3.709,0.611,0.144,1.383
Co60_1250keV,12.0,0.2608,5.216,1.962,0.613,0.040,1.852
Co60_1250keV,15.0,0.1864,3.727,0.986,0.493,0.004,2.692
Co60_1250keV,20.0,0.1065,2.129,0.604,0.450,0.000,4.491
Co60_1250keV,25.0,0.0608,1.216,0.539,0.445,0.000,6.836
Co60_1250keV,30.0,0.0347,0.695,0.472,0.413,0.000,9.785
scattered_250keV_dir,0.0,1.0000,20.000,8.478,2.583,1.000,0.000
scattered_250keV_dir,2.0,0.3679,7.358,8.460,1.051,0.904,0.161
scattered_250keV_dir,4.0,0.1353,2.707,1.690,0.493,0.028,0.376
scattered_250keV_dir,6.0,0.0498,0.996,0.483,0.412,0.000,0.649
scattered_250keV_dir,8.0,0.0183,0.366,0.398,0.375,0.000,0.983
scattered_250keV_dir,10.0,0.0067,0.135,0.401,0.377,0.000,1.383
scattered_250keV_dir,12.0,0.0025,0.050,0.391,0.385,0.000,1.852
scattered_250keV_dir,15.0,0.0006,0.011,0.380,0.370,0.000,2.692
scattered_250keV_dir,20.0,0.0000,0.001,0.394,0.383,0.000,4.491
scattered_250keV_dir,25.0,0.0000,0.000,0.369,0.369,0.000,6.836
scattered_250keV_dir,30.0,0.0000,0.000,0.381,0.371,0.000,9.785
