time_min,temp_C,drift_pct_none,drift_pct_ич bias comp,drift_pct_ич+иш bias+LED,drift_pct_ищ spectral,kept_pct_none,kept_pct_ич bias comp,kept_pct_ич+иш bias+LED,kept_pct_ищ spectral
0.00,25.00,-0.000,-0.000,-0.000,0.000,100.00,100.00,100.00,100.00
0.25,25.17,-0.330,-0.042,-0.029,0.093,99.99,100.00,100.00,100.00
0.50,25.34,-0.657,-0.084,-0.057,-0.085,99.98,100.00,100.00,100.00
0.75,25.50,-0.982,-0.126,-0.086,-0.276,99.94,100.00,100.00,100.00
1.00,25.67,-1.304,-0.167,-0.114,-0.141,99.90,100.00,100.00,100.00
1.25,25.83,-1.622,-0.208,-0.141,-0.307,99.83,100.00,100.00,99.99
1.50,25.99,-1.938,-0.248,-0.169,0.019,99.74,100.00,100.00,100.00
1.75,26.15,-2.250,-0.289,-0.196,0.415,99.62,100.00,100.00,99.99
2.00,26.31,-2.560,-0.328,-0.223,-0.153,99.46,99.99,100.00,100.00
2.25,26.47,-2.865,-0.367,-0.250,-0.192,99.26,99.99,100.00,100.00
2.50,26.62,-3.167,-0.406,-0.276,0.152,99.00,99.99,100.00,100.00
2.75,26.78,-3.465,-0.444,-0.302,0.111,98.68,99.99,100.00,100.00
3.00,26.93,-3.759,-0.482,-0.328,0.033,98.29,99.99,99.99,100.00
3.25,27.08,-4.049,-0.519,-0.353,-0.288,97.81,99.99,99.99,100.00
3.50,27.22,-4.335,-0.556,-0.378,-0.009,97.24,99.98,99.99,100.00
3.75,27.37,-4.617,-0.592,-0.403,0.215,96.57,99.98,99.99,100.00
4.00,27.51,-4.894,-0.627,-0.427,-0.417,95.78,99.98,99.99,99.99
4.25,27.65,-5.167,-0.662,-0.450,-0.142,94.87,99.98,99.99,100.00
4.50,27.79,-5.436,-0.697,-0.474,-0.589,93.84,99.97,99.99,99.98
4.75,27.92,-5.699,-0.731,-0.497,-0.400,92.67,99.97,99.99,99.99
5.00,28.06,-5.958,-0.764,-0.519,-0.571,91.38,99.97,99.99,99.98
5.25,28.19,-6.211,-0.796,-0.541,-0.073,89.95,99.96,99.98,100.00
5.50,28.31,-6.460,-0.828,-0.563,-0.393,88.38,99.96,99.98,99.99
5.75,28.44,-6.703,-0.859,-0.584,0.084,86.70,99.96,99.98,100.00
6.00,28.56,-6.942,-0.890,-0.605,0.049,84.89,99.96,99.98,100.00
6.25,28.68,-7.174,-0.920,-0.625,-0.058,82.97,99.95,99.98,100.00
6.50,28.80,-7.402,-0.949,-0.645,-0.780,80.96,99.95,99.98,99.97
6.75,28.91,-7.624,-0.977,-0.665,-0.167,78.86,99.95,99.98,100.00
7.00,29.02,-7.840,-1.005,-0.683,-0.015,76.68,99.94,99.97,100.00
7.25,29.13,-8.051,-1.032,-0.702,0.035,74.46,99.94,99.97,100.00
7.50,29.23,-8.256,-1.058,-0.720,-0.474,72.19,99.94,99.97,99.99
7.75,29.34,-8.455,-1.084,-0.737,-0.148,69.89,99.93,99.97,100.00
8.00,29.44,-8.648,-1.109,-0.754,-0.303,67.59,99.93,99.97,100.00
8.25,29.53,-8.836,-1.133,-0.770,-0.251,65.28,99.92,99.97,100.00
8.50,29.62,-9.017,-1.156,-0.786,0.329,63.00,99.92,99.97,99.99
8.75,29.71,-9.193,-1.179,-0.801,-0.250,60.75,99.92,99.96,100.00
9.00,29.80,-9.362,-1.200,-0.816,-0.010,58.54,99.91,99.96,100.00
9.25,29.88,-9.525,-1.221,-0.830,0.274,56.38,99.91,99.96,100.00
9.50,29.97,-9.683,-1.241,-0.844,-0.181,54.29,99.91,99.96,100.00
9.75,30.04,-9.834,-1.261,-0.857,-0.035,52.27,99.90,99.96,100.00
10.00,30.12,-9.979,-1.279,-0.870,0.034,50.32,99.90,99.96,100.00
10.25,30.19,-10.118,-1.297,-0.882,0.020,48.46,99.90,99.96,100.00
10.50,30.26,-10.250,-1.314,-0.894,-0.380,46.68,99.90,99.95,99.99
10.75,30.32,-10.377,-1.330,-0.905,0.024,44.99,99.89,99.95,100.00
11.00,30.38,-10.497,-1.346,-0.915,0.421,43.39,99.89,99.95,99.99
11.25,30.44,-10.611,-1.360,-0.925,-0.479,41.88,99.89,99.95,99.99
11.50,30.50,-10.719,-1.374,-0.935,0.266,40.47,99.88,99.95,100.00
11.75,30.55,-10.821,-1.387,-0.943,0.037,39.15,99.88,99.95,100.00
12.00,30.60,-10.917,-1.400,-0.952,-0.199,37.91,99.88,99.95,100.00
12.25,30.64,-11.007,-1.411,-0.960,0.620,36.77,99.88,99.95,99.98
12.50,30.69,-11.091,-1.422,-0.967,0.236,35.71,99.88,99.95,100.00
12.75,30.73,-11.168,-1.432,-0.974,-0.372,34.74,99.87,99.95,99.99
13.00,30.76,-11.240,-1.441,-0.980,0.023,33.85,99.87,99.95,100.00
13.25,30.80,-11.306,-1.450,-0.986,0.179,33.04,99.87,99.94,100.00
13.50,30.83,-11.366,-1.457,-0.991,-0.058,32.31,99.87,99.94,100.00
13.75,30.86,-11.421,-1.464,-0.996,0.212,31.66,99.87,99.94,100.00
14.00,30.88,-11.469,-1.470,-1.000,-0.021,31.08,99.87,99.94,100.00
14.25,30.90,-11.512,-1.476,-1.004,0.207,30.57,99.86,99.94,100.00
14.50,30.92,-11.550,-1.481,-1.007,0.446,30.13,99.86,99.94,99.99
14.75,30.94,-11.582,-1.485,-1.010,-0.209,29.75,99.86,99.94,100.00
15.00,30.95,-11.609,-1.488,-1.012,0.063,29.44,99.86,99.94,100.00
15.25,30.96,-11.630,-1.491,-1.014,-0.144,29.20,99.86,99.94,100.00
15.50,30.97,-11.646,-1.493,-1.015,0.039,29.01,99.86,99.94,100.00
15.75,30.98,-11.657,-1.495,-1.016,-0.368,28.88,99.86,99.94,99.99
16.00,30.98,-11.664,-1.495,-1.017,-0.180,28.81,99.86,99.94,100.00
16.25,30.98,-11.665,-1.496,-1.017,-0.061,28.79,99.86,99.94,100.00
16.50,30.98,-11.662,-1.495,-1.017,0.278,28.83,99.86,99.94,100.00
16.75,30.98,-11.654,-1.494,-1.016,0.355,28.92,99.86,99.94,99.99
17.00,30.97,-11.641,-1.492,-1.015,-0.410,29.06,99.86,99.94,99.99
17.25,30.96,-11.625,-1.490,-1.013,-0.246,29.26,99.86,99.94,100.00
17.50,30.95,-11.604,-1.488,-1.012,0.200,29.50,99.86,99.94,100.00
17.75,30.94,-11.579,-1.484,-1.009,-0.617,29.79,99.86,99.94,99.98
18.00,30.92,-11.550,-1.481,-1.007,-0.144,30.13,99.86,99.94,100.00
18.25,30.91,-11.517,-1.477,-1.004,-0.030,30.51,99.86,99.94,100.00
18.50,30.89,-11.481,-1.472,-1.001,0.389,30.94,99.87,99.94,99.99
18.75,30.87,-11.441,-1.467,-0.997,0.214,31.42,99.87,99.94,100.00
19.00,30.85,-11.398,-1.461,-0.994,-0.101,31.93,99.87,99.94,100.00
19.25,30.82,-11.351,-1.455,-0.990,-0.114,32.49,99.87,99.94,100.00
19.50,30.80,-11.302,-1.449,-0.985,-0.078,33.09,99.87,99.94,100.00
19.75,30.77,-11.250,-1.442,-0.981,0.472,33.73,99.87,99.95,99.99
20.00,30.74,-11.195,-1.435,-0.976,-0.133,34.41,99.87,99.95,100.00
20.25,30.71,-11.138,-1.428,-0.971,-0.094,35.13,99.87,99.95,100.00
20.50,30.68,-11.078,-1.420,-0.966,0.109,35.87,99.88,99.95,100.00
20.75,30.65,-11.016,-1.412,-0.960,-0.037,36.66,99.88,99.95,100.00
21.00,30.62,-10.952,-1.404,-0.955,-0.061,37.47,99.88,99.95,100.00
21.25,30.58,-10.886,-1.396,-0.949,-0.345,38.31,99.88,99.95,99.99
21.50,30.55,-10.819,-1.387,-0.943,-0.004,39.18,99.88,99.95,100.00
21.75,30.51,-10.750,-1.378,-0.937,-0.137,40.08,99.88,99.95,100.00
22.00,30.48,-10.679,-1.369,-0.931,0.361,40.99,99.89,99.95,99.99
22.25,30.44,-10.608,-1.360,-0.925,0.202,41.93,99.89,99.95,100.00
22.50,30.40,-10.535,-1.351,-0.918,-0.007,42.89,99.89,99.95,100.00
22.75,30.37,-10.462,-1.341,-0.912,0.207,43.86,99.89,99.95,100.00
23.00,30.33,-10.388,-1.332,-0.906,-0.105,44.84,99.89,99.95,100.00
23.25,30.29,-10.314,-1.322,-0.899,0.326,45.83,99.89,99.95,99.99
23.50,30.25,-10.240,-1.313,-0.893,-0.002,46.82,99.90,99.96,100.00
23.75,30.21,-10.165,-1.303,-0.886,0.181,47.82,99.90,99.96,100.00
24.00,30.17,-10.091,-1.294,-0.880,-0.400,48.82,99.90,99.96,99.99
24.25,30.14,-10.016,-1.284,-0.873,0.107,49.82,99.90,99.96,100.00
24.50,30.10,-9.942,-1.275,-0.867,-0.523,50.81,99.90,99.96,99.99
24.75,30.06,-9.869,-1.265,-0.860,-0.631,51.80,99.90,99.96,99.98
25.00,30.02,-9.797,-1.256,-0.854,-0.094,52.77,99.91,99.96,100.00
25.25,29.99,-9.725,-1.247,-0.848,-0.279,53.73,99.91,99.96,100.00
25.50,29.95,-9.655,-1.238,-0.842,0.051,54.67,99.91,99.96,100.00
25.75,29.92,-9.585,-1.229,-0.836,0.696,55.59,99.91,99.96,99.97
26.00,29.88,-9.518,-1.220,-0.830,-0.258,56.49,99.91,99.96,100.00
26.25,29.85,-9.451,-1.212,-0.824,-0.193,57.37,99.91,99.96,100.00
26.50,29.81,-9.387,-1.203,-0.818,0.064,58.22,99.91,99.96,100.00
26.75,29.78,-9.324,-1.195,-0.813,0.153,59.04,99.92,99.96,100.00
27.00,29.75,-9.263,-1.188,-0.808,-0.055,59.83,99.92,99.96,100.00
27.25,29.72,-9.205,-1.180,-0.802,-0.064,60.59,99.92,99.96,100.00
27.50,29.69,-9.149,-1.173,-0.798,0.218,61.32,99.92,99.96,100.00
27.75,29.66,-9.095,-1.166,-0.793,0.161,62.01,99.92,99.97,100.00
28.00,29.64,-9.044,-1.159,-0.788,-0.320,62.66,99.92,99.97,99.99
28.25,29.61,-8.995,-1.153,-0.784,-0.025,63.28,99.92,99.97,100.00
28.50,29.59,-8.950,-1.147,-0.780,0.011,63.86,99.92,99.97,100.00
28.75,29.57,-8.907,-1.142,-0.777,-0.327,64.39,99.92,99.97,99.99
29.00,29.55,-8.867,-1.137,-0.773,0.081,64.89,99.92,99.97,100.00
29.25,29.53,-8.831,-1.132,-0.770,-0.266,65.34,99.93,99.97,100.00
29.50,29.51,-8.798,-1.128,-0.767,0.301,65.76,99.93,99.97,100.00
29.75,29.50,-8.768,-1.124,-0.764,0.060,66.12,99.93,99.97,100.00
30.00,29.48,-8.742,-1.121,-0.762,0.028,66.45,99.93,99.97,100.00
30.25,29.47,-8.719,-1.118,-0.760,-0.183,66.73,99.93,99.97,100.00
30.50,29.46,-8.700,-1.115,-0.758,-0.037,66.96,99.93,99.97,100.00
30.75,29.45,-8.684,-1.113,-0.757,-0.619,67.15,99.93,99.97,99.98
31.00,29.45,-8.673,-1.112,-0.756,-0.351,67.29,99.93,99.97,99.99
31.25,29.44,-8.665,-1.111,-0.755,0.112,67.38,99.93,99.97,100.00
31.50,29.44,-8.662,-1.110,-0.755,-0.660,67.43,99.93,99.97,99.98
31.75,29.44,-8.662,-1.110,-0.755,0.262,67.42,99.93,99.97,100.00
32.00,29.44,-8.666,-1.111,-0.756,-0.541,67.37,99.93,99.97,99.98
32.25,29.45,-8.675,-1.112,-0.756,0.234,67.26,99.93,99.97,100.00
32.50,29.46,-8.687,-1.114,-0.757,-0.262,67.11,99.93,99.97,100.00
32.75,29.46,-8.704,-1.116,-0.759,0.241,66.91,99.93,99.97,100.00
33.00,29.47,-8.725,-1.119,-0.761,0.041,66.65,99.93,99.97,100.00
33.25,29.49,-8.751,-1.122,-0.763,-0.476,66.34,99.93,99.97,99.99
33.50,29.50,-8.780,-1.126,-0.765,0.387,65.97,99.93,99.97,99.99
33.75,29.52,-8.814,-1.130,-0.768,0.447,65.55,99.93,99.97,99.99
34.00,29.54,-8.853,-1.135,-0.772,-0.020,65.08,99.92,99.97,100.00
34.25,29.56,-8.895,-1.140,-0.775,-0.085,64.54,99.92,99.97,100.00
34.50,29.59,-8.942,-1.146,-0.780,-0.050,63.96,99.92,99.97,100.00
34.75,29.61,-8.993,-1.153,-0.784,-0.302,63.31,99.92,99.97,100.00
35.00,29.64,-9.048,-1.160,-0.789,0.340,62.60,99.92,99.97,99.99
35.25,29.67,-9.108,-1.168,-0.794,-0.168,61.84,99.92,99.96,100.00
35.50,29.70,-9.172,-1.176,-0.800,-0.016,61.02,99.92,99.96,100.00
35.75,29.74,-9.240,-1.185,-0.806,-0.246,60.14,99.92,99.96,100.00
36.00,29.78,-9.312,-1.194,-0.812,-0.194,59.19,99.92,99.96,100.00
36.25,29.81,-9.389,-1.204,-0.818,-0.396,58.19,99.91,99.96,99.99
36.50,29.86,-9.469,-1.214,-0.826,0.390,57.13,99.91,99.96,99.99
36.75,29.90,-9.553,-1.225,-0.833,-0.048,56.01,99.91,99.96,100.00
37.00,29.94,-9.642,-1.236,-0.841,0.299,54.84,99.91,99.96,100.00
37.25,29.99,-9.734,-1.248,-0.849,0.004,53.61,99.91,99.96,100.00
37.50,30.04,-9.830,-1.260,-0.857,-0.215,52.32,99.91,99.96,100.00
37.75,30.09,-9.930,-1.273,-0.866,-0.101,50.98,99.90,99.96,100.00
38.00,30.15,-10.033,-1.286,-0.875,-0.174,49.59,99.90,99.96,100.00
38.25,30.20,-10.141,-1.300,-0.884,0.002,48.15,99.90,99.96,100.00
38.50,30.26,-10.251,-1.314,-0.894,-0.116,46.67,99.90,99.95,100.00
38.75,30.32,-10.365,-1.329,-0.904,-0.093,45.15,99.89,99.95,100.00
39.00,30.38,-10.482,-1.344,-0.914,-0.427,43.59,99.89,99.95,99.99
39.25,30.44,-10.603,-1.359,-0.924,-0.250,42.00,99.89,99.95,100.00
39.50,30.50,-10.726,-1.375,-0.935,0.513,40.38,99.88,99.95,99.99
39.75,30.57,-10.853,-1.391,-0.946,-0.208,38.74,99.88,99.95,100.00
40.00,30.63,-10.982,-1.408,-0.957,-0.327,37.09,99.88,99.95,99.99
40.25,30.70,-11.114,-1.425,-0.969,0.105,35.42,99.87,99.95,100.00
40.50,30.77,-11.249,-1.442,-0.981,0.436,33.75,99.87,99.95,99.99
40.75,30.84,-11.386,-1.460,-0.993,-0.451,32.08,99.87,99.94,99.99
41.00,30.91,-11.525,-1.478,-1.005,-0.065,30.42,99.86,99.94,100.00
41.25,30.98,-11.667,-1.496,-1.017,-0.196,28.77,99.86,99.94,100.00
41.50,31.06,-11.810,-1.514,-1.030,-0.546,27.15,99.86,99.94,99.98
41.75,31.13,-11.956,-1.533,-1.042,0.228,25.55,99.85,99.94,100.00
42.00,31.21,-12.103,-1.552,-1.055,-0.007,23.98,99.85,99.94,100.00
42.25,31.28,-12.252,-1.571,-1.068,0.022,22.45,99.84,99.93,100.00
42.50,31.36,-12.403,-1.590,-1.081,-0.233,20.96,99.84,99.93,100.00
42.75,31.44,-12.555,-1.610,-1.095,0.141,19.52,99.83,99.93,100.00
43.00,31.52,-12.708,-1.629,-1.108,-0.167,18.13,99.83,99.93,100.00
43.25,31.60,-12.862,-1.649,-1.121,-0.044,16.80,99.82,99.93,100.00
43.50,31.68,-13.017,-1.669,-1.135,-0.343,15.52,99.82,99.92,99.99
43.75,31.76,-13.173,-1.689,-1.148,-0.377,14.30,99.81,99.92,99.99
44.00,31.84,-13.329,-1.709,-1.162,0.414,13.15,99.81,99.92,99.99
44.25,31.92,-13.485,-1.729,-1.176,-0.157,12.06,99.80,99.92,100.00
44.50,32.00,-13.642,-1.749,-1.189,0.090,11.03,99.80,99.92,100.00
44.75,32.08,-13.799,-1.769,-1.203,-0.010,10.07,99.79,99.91,100.00
45.00,32.16,-13.956,-1.789,-1.217,-0.137,9.17,99.79,99.91,100.00
45.25,32.24,-14.112,-1.809,-1.230,-0.157,8.33,99.78,99.91,100.00
45.50,32.32,-14.268,-1.829,-1.244,0.195,7.56,99.77,99.91,100.00
45.75,32.40,-14.424,-1.849,-1.257,-0.094,6.84,99.77,99.91,100.00
46.00,32.48,-14.579,-1.869,-1.271,-0.047,6.18,99.76,99.90,100.00
46.25,32.56,-14.733,-1.889,-1.284,0.007,5.57,99.76,99.90,100.00
46.50,32.63,-14.885,-1.908,-1.298,0.365,5.02,99.75,99.90,99.99
46.75,32.71,-15.037,-1.928,-1.311,0.211,4.51,99.74,99.90,100.00
47.00,32.79,-15.187,-1.947,-1.324,0.119,4.05,99.74,99.89,100.00
47.25,32.86,-15.336,-1.966,-1.337,-0.175,3.64,99.73,99.89,100.00
47.50,32.94,-15.483,-1.985,-1.350,-0.428,3.26,99.72,99.89,99.99
47.75,33.01,-15.628,-2.004,-1.362,0.294,2.92,99.72,99.89,100.00
48.00,33.09,-15.771,-2.022,-1.375,0.299,2.61,99.71,99.88,100.00
48.25,33.16,-15.912,-2.040,-1.387,-0.044,2.34,99.70,99.88,100.00
48.50,33.23,-16.051,-2.058,-1.399,0.168,2.09,99.70,99.88,100.00
48.75,33.30,-16.187,-2.075,-1.411,0.242,1.87,99.69,99.88,100.00
49.00,33.37,-16.321,-2.092,-1.423,0.258,1.68,99.68,99.88,100.00
49.25,33.44,-16.451,-2.109,-1.434,0.285,1.50,99.68,99.87,100.00
49.50,33.50,-16.579,-2.126,-1.445,-0.141,1.34,99.67,99.87,100.00
49.75,33.57,-16.704,-2.142,-1.456,0.469,1.21,99.66,99.87,99.99
50.00,33.63,-16.826,-2.157,-1.467,-0.386,1.08,99.66,99.87,99.99
50.25,33.69,-16.945,-2.172,-1.477,0.267,0.97,99.65,99.86,100.00
50.50,33.75,-17.060,-2.187,-1.487,0.153,0.88,99.65,99.86,100.00
50.75,33.81,-17.172,-2.202,-1.497,0.271,0.79,99.64,99.86,100.00
51.00,33.86,-17.280,-2.215,-1.506,0.582,0.72,99.63,99.86,99.98
51.25,33.92,-17.385,-2.229,-1.516,0.460,0.65,99.63,99.86,99.99
51.50,33.97,-17.485,-2.242,-1.524,-0.355,0.59,99.62,99.85,99.99
51.75,34.02,-17.582,-2.254,-1.533,-0.523,0.54,99.62,99.85,99.99
52.00,34.06,-17.675,-2.266,-1.541,0.253,0.49,99.61,99.85,100.00
52.25,34.11,-17.763,-2.277,-1.549,-0.315,0.45,99.61,99.85,99.99
52.50,34.15,-17.847,-2.288,-1.556,-0.004,0.41,99.60,99.85,100.00
52.75,34.19,-17.927,-2.298,-1.563,0.260,0.38,99.60,99.84,100.00
53.00,34.23,-18.003,-2.308,-1.570,-0.509,0.36,99.59,99.84,99.99
53.25,34.27,-18.074,-2.317,-1.576,-0.654,0.33,99.59,99.84,99.98
53.50,34.30,-18.141,-2.326,-1.582,0.080,0.31,99.58,99.84,100.00
53.75,34.33,-18.203,-2.334,-1.587,0.014,0.29,99.58,99.84,100.00
54.00,34.36,-18.261,-2.341,-1.592,-0.076,0.27,99.58,99.84,100.00
54.25,34.39,-18.314,-2.348,-1.597,0.012,0.26,99.57,99.84,100.00
54.50,34.42,-18.362,-2.354,-1.601,-0.267,0.25,99.57,99.84,100.00
54.75,34.44,-18.405,-2.360,-1.605,-0.469,0.23,99.57,99.83,99.99
55.00,34.46,-18.443,-2.365,-1.608,-0.052,0.23,99.56,99.83,100.00
55.25,34.48,-18.477,-2.369,-1.611,-0.301,0.22,99.56,99.83,100.00
55.50,34.49,-18.506,-2.373,-1.613,-0.509,0.21,99.56,99.83,99.99
55.75,34.50,-18.530,-2.376,-1.615,0.157,0.21,99.56,99.83,100.00
56.00,34.51,-18.549,-2.378,-1.617,-0.019,0.20,99.56,99.83,100.00
56.25,34.52,-18.563,-2.380,-1.618,0.126,0.20,99.56,99.83,100.00
56.50,34.52,-18.572,-2.381,-1.619,-0.307,0.20,99.56,99.83,99.99
56.75,34.53,-18.577,-2.382,-1.620,-0.204,0.20,99.56,99.83,100.00
57.00,34.53,-18.576,-2.382,-1.619,-0.310,0.20,99.56,99.83,99.99
57.25,34.52,-18.571,-2.381,-1.619,-0.275,0.20,99.56,99.83,100.00
57.50,34.52,-18.561,-2.380,-1.618,0.061,0.20,99.56,99.83,100.00
57.75,34.51,-18.546,-2.378,-1.617,-0.243,0.20,99.56,99.83,100.00
58.00,34.50,-18.526,-2.375,-1.615,0.110,0.21,99.56,99.83,100.00
58.25,34.49,-18.501,-2.372,-1.613,0.105,0.21,99.56,99.83,100.00
58.50,34.47,-18.472,-2.368,-1.610,0.628,0.22,99.56,99.83,99.98
58.75,34.46,-18.438,-2.364,-1.607,-0.432,0.23,99.56,99.83,99.99
59.00,34.44,-18.400,-2.359,-1.604,0.275,0.24,99.57,99.84,100.00
59.25,34.41,-18.356,-2.353,-1.600,-0.028,0.25,99.57,99.84,100.00
59.50,34.39,-18.309,-2.347,-1.596,-0.004,0.26,99.57,99.84,100.00
59.75,34.36,-18.257,-2.341,-1.592,-0.449,0.27,99.58,99.84,99.99
60.00,34.33,-18.201,-2.333,-1.587,-0.143,0.29,99.58,99.84,100.00
60.25,34.30,-18.140,-2.326,-1.581,0.230,0.31,99.58,99.84,100.00
60.50,34.27,-18.076,-2.317,-1.576,-0.026,0.33,99.59,99.84,100.00
60.75,34.23,-18.007,-2.309,-1.570,0.025,0.35,99.59,99.84,100.00
61.00,34.20,-17.934,-2.299,-1.564,-0.090,0.38,99.60,99.84,100.00
61.25,34.16,-17.858,-2.289,-1.557,0.358,0.41,99.60,99.85,99.99
61.50,34.12,-17.778,-2.279,-1.550,-0.007,0.44,99.60,99.85,100.00
61.75,34.07,-17.694,-2.268,-1.543,-0.682,0.48,99.61,99.85,99.97
62.00,34.03,-17.606,-2.257,-1.535,-0.214,0.53,99.61,99.85,100.00
62.25,33.98,-17.516,-2.246,-1.527,-0.610,0.57,99.62,99.85,99.98
62.50,33.93,-17.421,-2.234,-1.519,-1.007,0.63,99.63,99.85,99.94
62.75,33.88,-17.324,-2.221,-1.510,-0.164,0.69,99.63,99.86,100.00
63.00,33.83,-17.224,-2.208,-1.502,0.413,0.76,99.64,99.86,99.99
63.25,33.78,-17.121,-2.195,-1.493,0.015,0.83,99.64,99.86,100.00
63.50,33.73,-17.015,-2.181,-1.483,-0.363,0.92,99.65,99.86,99.99
63.75,33.67,-16.906,-2.167,-1.474,-0.291,1.01,99.65,99.86,100.00
64.00,33.61,-16.795,-2.153,-1.464,0.350,1.11,99.66,99.87,99.99
64.25,33.55,-16.682,-2.139,-1.454,0.049,1.23,99.67,99.87,100.00
64.50,33.50,-16.566,-2.124,-1.444,0.015,1.36,99.67,99.87,100.00
64.75,33.44,-16.448,-2.109,-1.434,-0.017,1.50,99.68,99.87,100.00
65.00,33.37,-16.329,-2.093,-1.424,0.012,1.66,99.68,99.88,100.00
65.25,33.31,-16.208,-2.078,-1.413,0.250,1.84,99.69,99.88,100.00
65.50,33.25,-16.085,-2.062,-1.402,0.171,2.03,99.70,99.88,100.00
65.75,33.19,-15.961,-2.046,-1.391,0.067,2.25,99.70,99.88,100.00
66.00,33.12,-15.835,-2.030,-1.381,-0.323,2.48,99.71,99.88,99.99
66.25,33.06,-15.709,-2.014,-1.370,0.158,2.74,99.71,99.89,100.00
66.50,32.99,-15.582,-1.998,-1.358,-0.212,3.02,99.72,99.89,100.00
66.75,32.92,-15.453,-1.981,-1.347,0.339,3.33,99.72,99.89,99.99
67.00,32.86,-15.325,-1.965,-1.336,-0.394,3.67,99.73,99.89,99.99
67.25,32.79,-15.196,-1.948,-1.325,-0.043,4.03,99.74,99.89,100.00
67.50,32.73,-15.066,-1.932,-1.313,-0.002,4.42,99.74,99.90,100.00
67.75,32.66,-14.937,-1.915,-1.302,-0.410,4.84,99.75,99.90,99.99
68.00,32.59,-14.807,-1.898,-1.291,0.534,5.30,99.75,99.90,99.98
68.25,32.53,-14.678,-1.882,-1.280,0.453,5.78,99.76,99.90,99.99
68.50,32.46,-14.549,-1.865,-1.268,-0.144,6.30,99.76,99.90,100.00
68.75,32.40,-14.421,-1.849,-1.257,0.239,6.85,99.77,99.91,100.00
69.00,32.33,-14.294,-1.833,-1.246,0.117,7.44,99.77,99.91,100.00
69.25,32.27,-14.167,-1.816,-1.235,-0.810,8.05,99.78,99.91,99.96
69.50,32.20,-14.042,-1.800,-1.224,0.078,8.70,99.78,99.91,100.00
69.75,32.14,-13.918,-1.784,-1.213,-0.019,9.38,99.79,99.91,100.00
70.00,32.07,-13.795,-1.769,-1.203,0.026,10.09,99.79,99.91,100.00
70.25,22.01,5.826,0.747,0.508,-0.334,92.06,99.97,99.99,99.99
70.50,21.95,5.946,0.762,0.518,-0.083,91.44,99.97,99.99,100.00
70.75,21.89,6.063,0.777,0.529,-0.055,90.80,99.97,99.98,100.00
71.00,21.83,6.179,0.792,0.539,0.368,90.14,99.97,99.98,99.99
71.25,21.77,6.293,0.807,0.549,0.104,89.45,99.96,99.98,100.00
71.50,21.72,6.404,0.821,0.558,-0.002,88.75,99.96,99.98,100.00
71.75,21.66,6.512,0.835,0.568,0.474,88.03,99.96,99.98,99.99
72.00,21.61,6.619,0.849,0.577,-0.172,87.30,99.96,99.98,100.00
72.25,21.55,6.722,0.862,0.586,-0.121,86.56,99.96,99.98,100.00
72.50,21.50,6.823,0.875,0.595,-0.563,85.81,99.96,99.98,99.98
72.75,21.45,6.920,0.887,0.603,0.486,85.06,99.96,99.98,99.99
73.00,21.40,7.015,0.899,0.612,0.299,84.30,99.95,99.98,100.00
73.25,21.36,7.106,0.911,0.619,0.284,83.55,99.95,99.98,100.00
73.50,21.31,7.194,0.922,0.627,0.207,82.81,99.95,99.98,100.00
73.75,21.27,7.278,0.933,0.635,0.034,82.07,99.95,99.98,100.00
74.00,21.23,7.359,0.943,0.642,0.067,81.35,99.95,99.98,100.00
74.25,21.19,7.436,0.953,0.648,-0.078,80.64,99.95,99.98,100.00
74.50,21.15,7.509,0.963,0.655,-0.063,79.96,99.95,99.98,100.00
74.75,21.11,7.579,0.972,0.661,0.017,79.29,99.95,99.98,100.00
75.00,21.08,7.644,0.980,0.666,0.468,78.65,99.95,99.98,99.99
75.25,21.05,7.706,0.988,0.672,0.172,78.05,99.94,99.98,100.00
75.50,21.02,7.763,0.995,0.677,-0.018,77.47,99.94,99.97,100.00
75.75,20.99,7.816,1.002,0.681,-0.180,76.93,99.94,99.97,100.00
76.00,20.97,7.865,1.008,0.686,-0.197,76.43,99.94,99.97,100.00
76.25,20.94,7.909,1.014,0.690,0.497,75.96,99.94,99.97,99.99
76.50,20.92,7.949,1.019,0.693,0.157,75.54,99.94,99.97,100.00
76.75,20.91,7.985,1.024,0.696,0.021,75.16,99.94,99.97,100.00
77.00,20.89,8.016,1.028,0.699,-0.107,74.83,99.94,99.97,100.00
77.25,20.88,8.043,1.031,0.701,-0.344,74.55,99.94,99.97,99.99
77.50,20.86,8.065,1.034,0.703,-0.021,74.31,99.94,99.97,100.00
77.75,20.86,8.082,1.036,0.705,0.271,74.12,99.94,99.97,100.00
78.00,20.85,8.094,1.038,0.706,-0.122,73.98,99.94,99.97,100.00
78.25,20.84,8.102,1.039,0.706,-0.070,73.90,99.94,99.97,100.00
78.50,20.84,8.106,1.039,0.707,-0.068,73.86,99.94,99.97,100.00
78.75,20.84,8.104,1.039,0.707,0.034,73.88,99.94,99.97,100.00
79.00,20.85,8.098,1.038,0.706,-0.494,73.94,99.94,99.97,99.99
79.25,20.85,8.087,1.037,0.705,-0.073,74.06,99.94,99.97,100.00
79.50,20.86,8.072,1.035,0.704,-0.265,74.23,99.94,99.97,100.00
79.75,20.87,8.051,1.032,0.702,0.274,74.45,99.94,99.97,100.00
80.00,20.88,8.026,1.029,0.700,-0.239,74.72,99.94,99.97,100.00
80.25,20.90,7.997,1.025,0.697,0.179,75.04,99.94,99.97,100.00
80.50,20.92,7.963,1.021,0.694,0.472,75.40,99.94,99.97,99.99
80.75,20.94,7.924,1.016,0.691,-0.097,75.81,99.94,99.97,100.00
81.00,20.96,7.881,1.010,0.687,-0.186,76.26,99.94,99.97,100.00
81.25,20.98,7.833,1.004,0.683,0.059,76.76,99.94,99.97,100.00
81.50,21.01,7.781,0.998,0.678,-0.001,77.29,99.94,99.97,100.00
81.75,21.04,7.725,0.990,0.673,-0.308,77.86,99.94,99.98,99.99
82.00,21.07,7.664,0.983,0.668,0.143,78.46,99.94,99.98,100.00
82.25,21.10,7.599,0.974,0.662,0.625,79.10,99.95,99.98,99.98
82.50,21.14,7.530,0.965,0.656,-0.080,79.76,99.95,99.98,100.00
82.75,21.18,7.456,0.956,0.650,-0.063,80.45,99.95,99.98,100.00
83.00,21.22,7.379,0.946,0.643,-0.324,81.16,99.95,99.98,99.99
83.25,21.26,7.298,0.936,0.636,0.099,81.89,99.95,99.98,100.00
83.50,21.30,7.213,0.925,0.629,-0.386,82.64,99.95,99.98,99.99
83.75,21.35,7.124,0.913,0.621,-0.343,83.40,99.95,99.98,99.99
84.00,21.39,7.032,0.902,0.613,0.397,84.16,99.95,99.98,99.99
84.25,21.44,6.936,0.889,0.605,-0.281,84.93,99.96,99.98,100.00
84.50,21.49,6.837,0.877,0.596,0.335,85.70,99.96,99.98,99.99
84.75,21.55,6.735,0.863,0.587,0.472,86.46,99.96,99.98,99.99
85.00,21.60,6.629,0.850,0.578,0.080,87.22,99.96,99.98,100.00
85.25,21.66,6.521,0.836,0.568,0.171,87.98,99.96,99.98,100.00
85.50,21.71,6.409,0.822,0.559,0.605,88.71,99.96,99.98,99.98
85.75,21.77,6.295,0.807,0.549,-0.061,89.44,99.96,99.98,100.00
86.00,21.83,6.178,0.792,0.539,-0.184,90.14,99.97,99.98,100.00
86.25,21.89,6.059,0.777,0.528,-0.419,90.82,99.97,99.98,99.99
86.50,21.96,5.937,0.761,0.518,0.013,91.48,99.97,99.99,100.00
86.75,22.02,5.814,0.745,0.507,0.458,92.12,99.97,99.99,99.99
87.00,22.08,5.688,0.729,0.496,0.297,92.73,99.97,99.99,100.00
87.25,22.15,5.560,0.713,0.485,-0.292,93.31,99.97,99.99,100.00
87.50,22.22,5.430,0.696,0.473,-0.265,93.86,99.97,99.99,100.00
87.75,22.28,5.299,0.679,0.462,-0.156,94.38,99.97,99.99,100.00
88.00,22.35,5.167,0.662,0.450,0.091,94.88,99.98,99.99,100.00
88.25,22.42,5.033,0.645,0.439,-0.064,95.34,99.98,99.99,100.00
88.50,22.49,4.898,0.628,0.427,0.066,95.77,99.98,99.99,100.00
88.75,22.56,4.762,0.610,0.415,0.092,96.17,99.98,99.99,100.00
89.00,22.63,4.625,0.593,0.403,-0.093,96.55,99.98,99.99,100.00
89.25,22.70,4.488,0.575,0.391,-0.012,96.89,99.98,99.99,100.00
89.50,22.77,4.350,0.558,0.379,0.064,97.21,99.98,99.99,100.00
89.75,22.84,4.212,0.540,0.367,-0.026,97.50,99.98,99.99,100.00
90.00,22.91,4.073,0.522,0.355,0.156,97.77,99.99,99.99,100.00
90.25,22.98,3.935,0.504,0.343,0.580,98.01,99.99,99.99,99.98
90.50,23.05,3.797,0.487,0.331,0.183,98.23,99.99,99.99,100.00
90.75,23.12,3.659,0.469,0.319,0.017,98.43,99.99,99.99,100.00
91.00,23.19,3.522,0.452,0.307,-0.522,98.61,99.99,99.99,99.99
91.25,23.26,3.386,0.434,0.295,0.120,98.77,99.99,100.00,100.00
91.50,23.33,3.250,0.417,0.283,-0.603,98.92,99.99,100.00,99.98
91.75,23.40,3.115,0.399,0.272,-0.437,99.05,99.99,100.00,99.99
92.00,23.47,2.982,0.382,0.260,0.265,99.16,99.99,100.00,100.00
92.25,23.54,2.850,0.365,0.248,0.219,99.27,99.99,100.00,100.00
92.50,23.61,2.719,0.349,0.237,-0.046,99.36,99.99,100.00,100.00
92.75,23.67,2.590,0.332,0.226,-0.530,99.44,99.99,100.00,99.98
93.00,23.74,2.463,0.316,0.215,-0.115,99.51,99.99,100.00,100.00
93.25,23.80,2.338,0.300,0.204,-0.210,99.58,100.00,100.00,100.00
93.50,23.86,2.215,0.284,0.193,0.197,99.63,100.00,100.00,100.00
93.75,23.93,2.094,0.268,0.183,0.700,99.68,100.00,100.00,99.97
94.00,23.99,1.975,0.253,0.172,0.067,99.73,100.00,100.00,100.00
94.25,24.05,1.859,0.238,0.162,-0.241,99.76,100.00,100.00,100.00
94.50,24.10,1.746,0.224,0.152,-0.363,99.80,100.00,100.00,99.99
94.75,24.16,1.636,0.210,0.143,-0.017,99.83,100.00,100.00,100.00
95.00,24.22,1.528,0.196,0.133,-0.055,99.85,100.00,100.00,100.00
95.25,24.27,1.424,0.183,0.124,-0.357,99.87,100.00,100.00,99.99
95.50,24.32,1.322,0.170,0.115,0.036,99.89,100.00,100.00,100.00
95.75,24.37,1.225,0.157,0.107,-0.357,99.91,100.00,100.00,99.99
96.00,24.42,1.130,0.145,0.099,0.345,99.93,100.00,100.00,99.99
96.25,24.47,1.039,0.133,0.091,0.329,99.94,100.00,100.00,99.99
96.50,24.51,0.952,0.122,0.083,0.336,99.95,100.00,100.00,99.99
96.75,24.55,0.868,0.111,0.076,-0.147,99.96,100.00,100.00,100.00
97.00,24.60,0.789,0.101,0.069,0.159,99.97,100.00,100.00,100.00
97.25,24.63,0.713,0.091,0.062,-0.041,99.97,100.00,100.00,100.00
97.50,24.67,0.642,0.082,0.056,-0.120,99.98,100.00,100.00,100.00
97.75,24.71,0.574,0.074,0.050,-0.105,99.98,100.00,100.00,100.00
98.00,24.74,0.511,0.065,0.045,-0.403,99.99,100.00,100.00,99.99
98.25,24.77,0.452,0.058,0.039,-0.447,99.99,100.00,100.00,99.99
98.50,24.80,0.397,0.051,0.035,0.246,99.99,100.00,100.00,100.00
98.75,24.82,0.347,0.044,0.030,-0.059,99.99,100.00,100.00,100.00
99.00,24.85,0.301,0.039,0.026,0.067,100.00,100.00,100.00,100.00
99.25,24.87,0.260,0.033,0.023,0.310,100.00,100.00,100.00,99.99
99.50,24.89,0.224,0.029,0.019,-0.537,100.00,100.00,100.00,99.98
99.75,24.90,0.192,0.025,0.017,-0.243,100.00,100.00,100.00,100.00
100.00,24.92,0.164,0.021,0.014,0.054,100.00,100.00,100.00,100.00
100.25,24.93,0.142,0.018,0.012,0.121,100.00,100.00,100.00,100.00
100.50,24.94,0.124,0.016,0.011,-0.117,100.00,100.00,100.00,100.00
100.75,24.94,0.111,0.014,0.010,0.319,100.00,100.00,100.00,99.99
101.00,24.95,0.102,0.013,0.009,0.065,100.00,100.00,100.00,100.00
101.25,24.95,0.099,0.013,0.009,-0.376,100.00,100.00,100.00,99.99
101.50,24.95,0.100,0.013,0.009,-0.288,100.00,100.00,100.00,100.00
101.75,24.95,0.106,0.014,0.009,0.250,100.00,100.00,100.00,100.00
102.00,24.94,0.116,0.015,0.010,0.144,100.00,100.00,100.00,100.00
102.25,24.93,0.132,0.017,0.011,-0.588,100.00,100.00,100.00,99.98
102.50,24.92,0.152,0.019,0.013,0.418,100.00,100.00,100.00,99.99
102.75,24.91,0.177,0.023,0.015,0.185,100.00,100.00,100.00,100.00
103.00,24.89,0.206,0.026,0.018,0.416,100.00,100.00,100.00,99.99
103.25,24.88,0.240,0.031,0.021,-0.119,100.00,100.00,100.00,100.00
103.50,24.86,0.279,0.036,0.024,-0.092,100.00,100.00,100.00,100.00
103.75,24.83,0.322,0.041,0.028,-0.349,99.99,100.00,100.00,99.99
104.00,24.81,0.370,0.047,0.032,0.786,99.99,100.00,100.00,99.97
104.25,24.78,0.422,0.054,0.037,-0.054,99.99,100.00,100.00,100.00
104.50,24.75,0.479,0.061,0.042,0.492,99.99,100.00,100.00,99.99
104.75,24.72,0.539,0.069,0.047,-0.201,99.98,100.00,100.00,100.00
105.00,24.69,0.604,0.077,0.053,0.051,99.98,100.00,100.00,100.00
105.25,24.65,0.673,0.086,0.059,-0.518,99.98,100.00,100.00,99.99
105.50,24.62,0.747,0.096,0.065,-0.119,99.97,100.00,100.00,100.00
105.75,24.58,0.824,0.106,0.072,0.305,99.96,100.00,100.00,100.00
106.00,24.54,0.905,0.116,0.079,-0.388,99.95,100.00,100.00,99.99
106.25,24.49,0.989,0.127,0.086,0.332,99.94,100.00,100.00,99.99
106.50,24.45,1.078,0.138,0.094,0.104,99.93,100.00,100.00,100.00
106.75,24.40,1.170,0.150,0.102,-0.323,99.92,100.00,100.00,99.99
107.00,24.35,1.265,0.162,0.110,-0.155,99.90,100.00,100.00,100.00
107.25,24.30,1.364,0.175,0.119,-0.142,99.89,100.00,100.00,100.00
107.50,24.25,1.465,0.188,0.128,-0.015,99.87,100.00,100.00,100.00
107.75,24.19,1.570,0.201,0.137,-0.166,99.84,100.00,100.00,100.00
108.00,24.14,1.678,0.215,0.146,-0.256,99.82,100.00,100.00,100.00
108.25,24.08,1.789,0.229,0.156,-0.094,99.79,100.00,100.00,100.00
108.50,24.02,1.902,0.244,0.166,-0.318,99.75,100.00,100.00,99.99
108.75,23.97,2.018,0.259,0.176,-0.400,99.71,100.00,100.00,99.99
109.00,23.90,2.136,0.274,0.186,-0.015,99.67,100.00,100.00,100.00
109.25,23.84,2.257,0.289,0.197,0.274,99.62,100.00,100.00,100.00
109.50,23.78,2.379,0.305,0.207,-0.474,99.56,100.00,100.00,99.99
109.75,23.72,2.504,0.321,0.218,0.001,99.49,99.99,100.00,100.00
110.00,23.65,2.630,0.337,0.229,-0.201,99.42,99.99,100.00,100.00
110.25,23.59,2.758,0.354,0.240,-0.303,99.33,99.99,100.00,100.00
110.50,23.52,2.887,0.370,0.252,0.264,99.24,99.99,100.00,100.00
110.75,23.45,3.018,0.387,0.263,-0.161,99.13,99.99,100.00,100.00
111.00,23.38,3.150,0.404,0.275,0.464,99.02,99.99,100.00,99.99
111.25,23.32,3.283,0.421,0.286,-0.242,98.88,99.99,100.00,100.00
111.50,23.25,3.416,0.438,0.298,0.120,98.74,99.99,100.00,100.00
111.75,23.18,3.551,0.455,0.310,-0.070,98.57,99.99,99.99,100.00
112.00,23.11,3.686,0.473,0.321,-0.234,98.39,99.99,99.99,100.00
112.25,23.04,3.821,0.490,0.333,0.182,98.19,99.99,99.99,100.00
112.50,22.97,3.956,0.507,0.345,-0.048,97.97,99.99,99.99,100.00
112.75,22.90,4.092,0.525,0.357,0.187,97.73,99.99,99.99,100.00
113.00,22.83,4.227,0.542,0.369,-0.015,97.47,99.98,99.99,100.00
113.25,22.76,4.362,0.559,0.380,-0.336,97.18,99.98,99.99,99.99
113.50,22.69,4.496,0.576,0.392,-0.032,96.87,99.98,99.99,100.00
113.75,22.63,4.630,0.594,0.404,0.016,96.53,99.98,99.99,100.00
114.00,22.56,4.763,0.611,0.415,0.297,96.17,99.98,99.99,100.00
114.25,22.49,4.895,0.628,0.427,-0.281,95.78,99.98,99.99,100.00
114.50,22.42,5.026,0.644,0.438,-0.012,95.36,99.98,99.99,100.00
114.75,22.36,5.155,0.661,0.449,-0.534,94.91,99.98,99.99,99.98
115.00,22.29,5.284,0.677,0.461,0.202,94.44,99.97,99.99,100.00
115.25,22.23,5.410,0.694,0.472,-0.335,93.94,99.97,99.99,99.99
115.50,22.16,5.535,0.710,0.483,-0.560,93.42,99.97,99.99,99.98
115.75,22.10,5.657,0.725,0.493,-0.018,92.87,99.97,99.99,100.00
116.00,22.04,5.778,0.741,0.504,0.343,92.29,99.97,99.99,99.99
116.25,21.98,5.897,0.756,0.514,-0.472,91.70,99.97,99.99,99.99
116.50,21.92,6.013,0.771,0.524,-0.337,91.08,99.97,99.99,99.99
116.75,21.86,6.126,0.785,0.534,-0.230,90.44,99.97,99.98,100.00
117.00,21.80,6.237,0.800,0.544,-0.350,89.79,99.96,99.98,99.99
117.25,21.75,6.345,0.814,0.553,0.118,89.12,99.96,99.98,100.00
117.50,21.69,6.451,0.827,0.562,-0.250,88.44,99.96,99.98,100.00
117.75,21.64,6.553,0.840,0.571,-0.224,87.76,99.96,99.98,100.00
118.00,21.59,6.652,0.853,0.580,0.181,87.06,99.96,99.98,100.00
118.25,21.54,6.748,0.865,0.588,-0.234,86.37,99.96,99.98,100.00
118.50,21.49,6.840,0.877,0.596,0.134,85.68,99.96,99.98,100.00
118.75,21.45,6.929,0.888,0.604,-0.301,84.99,99.96,99.98,100.00
119.00,21.40,7.014,0.899,0.611,-0.376,84.31,99.95,99.98,99.99
119.25,21.36,7.095,0.910,0.619,-0.569,83.64,99.95,99.98,99.98
119.50,21.32,7.173,0.920,0.625,0.577,82.98,99.95,99.98,99.98
119.75,21.28,7.247,0.929,0.632,-0.099,82.35,99.95,99.98,100.00
120.00,21.25,7.316,0.938,0.638,0.076,81.73,99.95,99.98,100.00
