true_x_mm,err_none_mm,err_parabolic_mm,err_tent_mm,err_gaussian_mm
-1.5000,-0.6333,-0.1937,-0.1259,-0.1190
-1.4250,0.4917,0.3743,0.2954,0.3283
-1.3500,0.4167,0.3519,0.2997,0.3247
-1.2750,0.3417,0.3248,0.3089,0.3175
-1.2000,0.2667,0.2964,0.3232,0.3098
-1.1250,0.1917,0.2666,0.3248,0.3007
-1.0500,0.1167,0.2349,0.3142,0.2886
-0.9750,0.0417,0.2021,0.2949,0.2734
-0.9000,-0.0333,0.1671,0.2672,0.2534
-0.8250,-0.1083,0.1287,0.2315,0.2266
-0.7500,-0.1833,0.2110,0.2926,0.2531
-0.6750,-0.2583,0.1975,0.2598,0.2341
-0.6000,-0.3333,0.1842,0.2224,0.2092
-0.5250,-0.4083,0.1721,0.1817,0.1790
-0.4500,0.7167,0.1512,0.1345,0.1337
-0.3750,0.6417,0.1268,0.0875,0.0877
-0.3000,0.5667,0.0976,0.0401,0.0435
-0.2250,0.4917,0.0680,-0.0050,0.0033
-0.1500,0.4167,0.0382,-0.0475,-0.0330
-0.0750,0.3417,0.0068,-0.0882,-0.0665
0.0000,0.2667,-0.0238,-0.1247,-0.0955
0.0750,0.1917,-0.0603,-0.1632,-0.1265
0.1500,0.1167,-0.0958,-0.1972,-0.1540
0.2250,0.0417,-0.1298,-0.2251,-0.1777
0.3000,-0.0333,-0.1610,-0.2438,-0.1970
0.3750,-0.1083,-0.1870,-0.2475,-0.2092
0.4500,-0.1833,-0.2106,-0.2354,-0.2180
0.5250,-0.2583,-0.2273,-0.1994,-0.2192
0.6000,-0.3333,-0.2356,-0.1653,-0.2123
0.6750,-0.4083,-0.2360,-0.1405,-0.1997
0.7500,-0.4833,-0.2230,-0.1202,-0.1786
0.8250,-0.5583,-0.1929,-0.1041,-0.1495
0.9000,-0.6333,-0.1395,-0.0915,-0.1131
0.9750,0.4917,-0.0776,-0.0926,-0.0948
1.0500,0.4167,-0.0637,-0.1169,-0.1203
1.1250,0.3417,-0.0559,-0.1365,-0.1341
1.2000,0.2667,-0.0591,-0.1556,-0.1438
1.2750,0.1917,-0.0663,-0.1692,-0.1467
1.3500,0.1167,-0.0785,-0.1778,-0.1465
1.4250,0.0417,-0.0942,-0.1799,-0.1447
1.5000,-0.0333,-0.1097,-0.1689,-0.1389
