sx_mm,sy_mm,est_x_mm,est_y_mm,error_mm,confidence
-18.000,-18.000,0.389,1.167,26.561,1.1103
-16.500,-18.000,1.944,1.167,26.600,1.0087
-15.000,-18.000,3.889,-0.778,25.562,1.0145
-13.500,-18.000,5.444,-0.778,25.603,1.0627
-12.000,-18.000,7.000,1.167,26.988,1.1085
-10.500,-18.000,8.556,1.167,27.027,1.0737
-9.000,-18.000,-9.333,1.167,19.170,1.0000
-7.500,-18.000,-8.167,1.167,19.178,1.0641
-6.000,-18.000,-6.222,1.167,19.168,1.0406
-4.500,-18.000,-4.667,1.167,19.167,1.1593
-3.000,-18.000,-3.111,1.167,19.167,1.0734
-1.500,-18.000,-1.944,1.167,19.172,1.2178
0.000,-18.000,0.389,1.167,19.171,1.0852
1.500,-18.000,1.944,1.167,19.172,1.0103
3.000,-18.000,3.500,1.167,19.173,1.2006
4.500,-18.000,5.444,1.167,19.190,1.0110
6.000,-18.000,5.444,1.167,19.175,1.0053
7.500,-18.000,7.389,1.167,19.167,1.1543
9.000,-18.000,8.556,1.167,19.172,1.0455
10.500,-18.000,-8.167,1.167,26.755,1.1818
12.000,-18.000,-6.611,1.167,26.716,1.1224
13.500,-18.000,-5.444,1.167,26.949,1.0976
15.000,-18.000,-3.500,1.167,26.639,1.0938
16.500,-18.000,-1.944,1.167,26.600,1.1688
18.000,-18.000,-1.167,1.167,27.106,1.0404
-18.000,-16.500,0.389,1.556,25.771,1.0174
-16.500,-16.500,1.944,1.556,25.811,1.0744
-15.000,-16.500,3.500,1.556,25.851,1.0189
-13.500,-16.500,5.444,1.556,26.170,1.1368
-12.000,-16.500,7.000,1.556,26.211,1.0551
-10.500,-16.500,8.556,2.722,27.067,1.2767
-9.000,-16.500,-8.556,2.722,19.227,1.0110
-7.500,-16.500,-8.167,2.722,19.234,1.1081
-6.000,-16.500,-6.222,1.556,18.057,1.0137
-4.500,-16.500,-4.667,1.556,18.056,1.0213
-3.000,-16.500,-3.111,2.722,19.223,1.3987
-1.500,-16.500,-1.944,1.556,18.061,1.0050
0.000,-16.500,0.389,1.556,18.060,1.0085
1.500,-16.500,1.944,1.556,18.061,1.0142
3.000,-16.500,3.500,1.556,18.062,1.0628
4.500,-16.500,5.444,1.556,18.080,1.0048
6.000,-16.500,5.444,1.556,18.064,1.0962
7.500,-16.500,7.000,1.556,18.062,1.0739
9.000,-16.500,8.944,2.722,19.222,1.1105
10.500,-16.500,-8.167,1.556,25.970,1.0673
12.000,-16.500,-6.611,1.556,25.930,1.0367
13.500,-16.500,-5.444,1.556,26.170,1.0720
15.000,-16.500,-3.500,1.556,25.851,1.0418
16.500,-16.500,-1.944,1.556,25.811,1.0092
18.000,-16.500,-0.389,1.556,25.771,1.0219
-18.000,-15.000,0.389,3.500,26.085,1.2477
-16.500,-15.000,1.944,3.500,26.124,1.2804
-15.000,-15.000,3.500,3.500,26.163,1.3494
-13.500,-15.000,5.444,3.500,26.479,1.2534
-12.000,-15.000,7.000,3.500,26.519,1.4348
-10.500,-15.000,8.556,3.500,26.559,1.2903
-9.000,-15.000,8.556,3.500,25.504,1.0545
-7.500,-15.000,-6.611,3.500,18.521,1.0116
-6.000,-15.000,-6.222,3.500,18.501,1.4530
-4.500,-15.000,-4.667,3.889,18.890,1.5681
-3.000,-15.000,-3.111,3.500,18.500,1.3813
-1.500,-15.000,-1.944,3.500,18.505,1.8000
0.000,-15.000,0.389,3.500,18.504,1.3200
1.500,-15.000,1.944,3.500,18.505,1.5878
3.000,-15.000,3.500,3.500,18.507,1.1683
4.500,-15.000,5.444,2.722,17.747,1.0272
6.000,-15.000,5.444,3.500,18.508,1.1452
7.500,-15.000,7.000,3.500,18.507,1.3003
9.000,-15.000,8.556,2.722,17.728,1.1637
10.500,-15.000,-8.167,3.500,26.281,1.3264
12.000,-15.000,-6.611,3.500,26.242,1.5000
13.500,-15.000,-5.444,3.500,26.479,1.6281
15.000,-15.000,-3.500,3.500,26.163,1.1858
16.500,-15.000,-3.111,2.722,26.432,1.0669
18.000,-15.000,-1.167,-7.389,20.623,1.1250
-18.000,-13.500,0.389,5.056,26.124,1.2315
-16.500,-13.500,1.944,5.056,26.163,1.2311
-15.000,-13.500,3.500,5.056,26.202,1.5490
-13.500,-13.500,5.444,5.056,26.518,1.3942
-12.000,-13.500,7.000,5.056,26.558,1.5269
-10.500,-13.500,8.556,5.056,26.597,1.2251
-9.000,-13.500,-9.333,4.278,17.781,1.0000
-7.500,-13.500,-8.167,5.056,18.568,1.0816
-6.000,-13.500,-6.222,5.056,18.557,1.3796
-4.500,-13.500,-4.667,5.056,18.556,1.5054
-3.000,-13.500,-3.111,5.056,18.556,1.3015
-1.500,-13.500,-1.944,5.056,18.561,1.7554
0.000,-13.500,0.389,5.056,18.560,1.2523
1.500,-13.500,1.944,5.056,18.561,1.4910
3.000,-13.500,3.500,5.056,18.562,1.2384
4.500,-13.500,5.444,5.056,18.580,1.0472
6.000,-13.500,5.444,5.056,18.564,1.1060
7.500,-13.500,7.000,5.056,18.562,1.2599
9.000,-13.500,8.556,5.056,18.561,1.2512
10.500,-13.500,-8.167,5.056,26.320,1.2295
12.000,-13.500,-6.611,5.056,26.281,1.5143
13.500,-13.500,-5.444,5.056,26.518,1.4713
15.000,-13.500,-3.500,5.056,26.202,1.2115
16.500,-13.500,-1.944,5.056,26.163,1.3675
18.000,-13.500,-1.167,4.278,26.142,1.0966
-18.000,-12.000,0.389,6.611,26.163,1.3805
-16.500,-12.000,1.944,6.611,26.202,1.4404
-15.000,-12.000,3.500,6.611,26.242,1.6667
-13.500,-12.000,5.444,6.611,26.557,1.6308
-12.000,-12.000,7.000,6.611,26.596,1.6358
-10.500,-12.000,8.556,6.611,26.636,1.3873
-9.000,-12.000,-9.333,6.611,18.614,1.0000
-7.500,-12.000,-7.778,5.833,17.835,1.3415
-6.000,-12.000,-6.222,5.833,17.835,1.3177
-4.500,-12.000,-4.667,6.611,18.612,1.5849
-3.000,-12.000,-3.111,6.611,18.611,1.3457
-1.500,-12.000,-1.944,6.611,18.616,1.6752
0.000,-12.000,0.389,6.611,18.615,1.2605
1.500,-12.000,1.944,6.611,18.616,1.5505
3.000,-12.000,3.500,6.611,18.618,1.2771
4.500,-12.000,4.278,5.833,17.835,1.3934
6.000,-12.000,5.833,5.833,17.834,1.2984
7.500,-12.000,7.000,6.611,18.618,1.1822
9.000,-12.000,8.556,6.611,18.616,1.1146
10.500,-12.000,-8.167,6.611,26.359,1.3350
12.000,-12.000,-6.611,6.611,26.320,1.5297
13.500,-12.000,-5.444,6.611,26.557,1.7003
15.000,-12.000,-4.278,5.833,26.261,1.4142
16.500,-12.000,-2.722,5.833,26.221,1.3956
18.000,-12.000,-1.167,5.833,26.180,1.1873
-18.000,-10.500,0.778,8.167,26.477,1.2624
-16.500,-10.500,1.944,8.167,26.242,1.3769
-15.000,-10.500,3.500,8.167,26.281,1.6615
-13.500,-10.500,5.444,8.167,26.596,1.5993
-12.000,-10.500,7.000,8.167,26.635,1.6231
-10.500,-10.500,8.556,8.167,26.675,1.3582
-9.000,-10.500,-9.333,7.778,18.281,1.0000
-7.500,-10.500,-7.778,7.778,18.280,1.3540
-6.000,-10.500,-6.222,7.778,18.279,1.3974
-4.500,-10.500,-4.278,7.778,18.279,1.6274
-3.000,-10.500,-3.111,8.167,18.667,1.3593
-1.500,-10.500,-1.167,7.778,18.281,1.2663
0.000,-10.500,0.389,8.167,18.671,1.1761
1.500,-10.500,1.944,8.167,18.672,1.6776
3.000,-10.500,2.333,7.778,18.290,1.4835
4.500,-10.500,4.278,7.778,18.279,1.5436
6.000,-10.500,5.833,7.778,18.279,1.2236
7.500,-10.500,7.389,7.778,18.278,1.4556
9.000,-10.500,8.944,7.778,18.278,1.1013
10.500,-10.500,-8.167,8.167,26.399,1.4000
12.000,-10.500,-6.611,7.778,26.085,1.5224
13.500,-10.500,-5.444,8.167,26.596,1.6538
15.000,-10.500,-4.278,7.778,26.565,1.3857
16.500,-10.500,-2.722,7.778,26.525,1.5424
18.000,-10.500,-1.167,7.778,26.485,1.2532
-18.000,-9.000,0.778,-8.556,18.783,1.2014
-16.500,-9.000,1.944,-8.556,18.450,1.2460
-15.000,-9.000,3.500,-8.556,18.505,1.3733
-13.500,-9.000,5.444,-8.556,18.950,1.2680
-12.000,-9.000,7.000,-8.944,19.000,1.1401
-10.500,-9.000,8.556,-8.944,19.056,1.1140
-9.000,-9.000,-9.333,-8.944,0.338,1.0000
-7.500,-9.000,-7.778,-8.944,0.283,1.1340
-6.000,-9.000,-6.222,-8.944,0.229,1.1600
-4.500,-9.000,-4.278,-8.944,0.229,1.0903
-3.000,-9.000,-3.111,-8.944,0.124,1.0966
-1.500,-9.000,-1.944,-8.556,0.629,1.1081
0.000,-9.000,0.389,-8.944,0.393,1.1071
1.500,-9.000,1.944,-8.556,0.629,1.1229
3.000,-9.000,2.333,-8.944,0.669,1.1257
4.500,-9.000,3.889,-8.944,0.614,1.0578
6.000,-9.000,5.833,-8.944,0.176,1.1139
7.500,-9.000,7.389,-8.944,0.124,1.1311
9.000,-9.000,8.944,-8.944,0.079,1.0784
10.500,-9.000,-8.167,-8.556,18.672,1.1328
12.000,-9.000,-6.222,-8.944,18.222,1.1506
13.500,-9.000,-5.444,-8.944,18.945,1.1333
15.000,-9.000,-4.278,-8.944,19.278,1.0748
16.500,-9.000,-2.722,-8.944,19.222,1.0713
18.000,-9.000,-1.167,-8.944,19.167,1.0403
-18.000,-7.500,0.778,-7.389,18.778,1.2016
-16.500,-7.500,1.944,-7.000,18.451,1.1707
-15.000,-7.500,3.500,-7.000,18.507,1.3027
-13.500,-7.500,5.444,-7.000,18.951,1.2384
-12.000,-7.500,7.000,-7.389,19.000,1.6226
-10.500,-7.500,8.556,-7.389,19.056,1.3308
-9.000,-7.500,-9.333,-7.389,0.351,1.0000
-7.500,-7.500,-7.778,-7.389,0.299,1.4049
-6.000,-7.500,-6.222,-7.389,0.248,1.3182
-4.500,-7.500,-4.667,-7.389,0.200,1.5351
-3.000,-7.500,-2.722,-7.389,0.299,1.2938
-1.500,-7.500,-1.167,-7.389,0.351,1.2073
0.000,-7.500,0.389,-7.389,0.404,1.0744
1.500,-7.500,1.944,-7.000,0.669,1.3757
3.000,-7.500,2.333,-7.389,0.676,1.2924
4.500,-7.500,3.889,-7.389,0.621,1.1015
6.000,-7.500,5.833,-7.389,0.200,1.2265
7.500,-7.500,7.389,-7.389,0.157,1.4545
9.000,-7.500,8.944,-7.389,0.124,1.1121
10.500,-7.500,-8.167,-7.389,18.667,1.2581
12.000,-7.500,-6.611,-7.389,18.611,1.3651
13.500,-7.500,-5.833,-7.389,19.334,1.2073
15.000,-7.500,-4.278,-7.389,19.278,1.2355
16.500,-7.500,-2.722,-7.389,19.223,1.4390
18.000,-7.500,-1.167,-7.389,19.167,1.1244
-18.000,-6.000,0.778,-5.833,18.779,1.3727
-16.500,-6.000,1.944,-5.444,18.453,1.0510
-15.000,-6.000,3.500,-5.444,18.508,1.0331
-13.500,-6.000,5.444,-5.444,18.953,1.1132
-12.000,-6.000,7.000,-5.833,19.001,1.5470
-10.500,-6.000,8.556,-5.833,19.056,1.4439
-9.000,-6.000,-9.333,-5.833,0.373,1.0000
-7.500,-6.000,-7.778,-5.833,0.324,1.3585
-6.000,-6.000,-6.222,-5.833,0.278,1.4449
-4.500,-6.000,-4.667,-5.833,0.236,1.4626
-3.000,-6.000,-3.111,-5.833,0.200,1.4681
-1.500,-6.000,-1.167,-5.833,0.373,1.1725
0.000,-6.000,0.389,-5.833,0.423,1.2238
1.500,-6.000,1.944,-5.833,0.475,1.6392
3.000,-6.000,3.500,-5.833,0.527,1.3745
4.500,-6.000,4.278,-5.833,0.278,1.3991
6.000,-6.000,5.833,-5.833,0.236,1.3327
7.500,-6.000,7.389,-5.833,0.200,1.5773
9.000,-6.000,8.944,-5.833,0.176,1.0923
10.500,-6.000,-8.167,-5.833,18.667,1.3406
12.000,-6.000,-6.611,-5.833,18.612,1.5148
13.500,-6.000,-5.444,-5.833,18.945,1.4256
15.000,-6.000,-4.278,-5.833,19.278,1.5029
16.500,-6.000,-2.722,-5.833,19.223,1.3460
18.000,-6.000,-1.167,-5.833,19.167,1.1611
-18.000,-4.500,0.778,-3.889,18.788,1.0896
-16.500,-4.500,1.944,-5.444,18.469,1.0447
-15.000,-4.500,3.500,-5.444,18.524,1.1316
-13.500,-4.500,5.444,-5.444,18.968,1.0153
-12.000,-4.500,7.000,-5.444,19.023,1.0307
-10.500,-4.500,8.556,-3.889,19.065,1.0147
-9.000,-4.500,-9.333,-3.889,0.696,1.0000
-7.500,-4.500,-7.778,-3.889,0.671,1.0978
-6.000,-4.500,-6.222,-5.444,0.970,1.0635
-4.500,-4.500,-4.667,-5.444,0.959,1.0063
-3.000,-4.500,-3.111,-3.889,0.621,1.0366
-1.500,-4.500,-1.944,-3.889,0.756,1.0589
0.000,-4.500,0.389,-3.889,0.724,1.0522
1.500,-4.500,1.944,-3.889,0.756,1.0440
3.000,-4.500,2.333,-3.889,0.904,1.0601
4.500,-4.500,3.889,-3.889,0.864,1.0347
6.000,-4.500,5.833,-3.889,0.633,1.0454
7.500,-4.500,7.389,-3.889,0.621,1.0559
9.000,-4.500,8.944,-3.889,0.614,1.0490
10.500,-4.500,-8.167,-3.889,18.677,1.1135
12.000,-4.500,-6.611,-3.889,18.621,1.0868
13.500,-4.500,-5.833,-3.889,19.343,1.1342
15.000,-4.500,-3.500,-3.889,18.510,1.1408
16.500,-4.500,-2.722,-3.889,19.232,1.1762
18.000,-4.500,-1.167,-3.889,19.176,1.1875
-18.000,-3.000,0.778,-3.500,18.784,1.1418
-16.500,-3.000,2.333,-3.500,18.840,1.2932
-15.000,-3.000,3.500,-3.500,18.507,1.2117
-13.500,-3.000,5.444,-3.500,18.951,1.2317
-12.000,-3.000,7.000,-3.500,19.007,1.1765
-10.500,-3.000,8.556,-3.500,19.062,1.2103
-9.000,-3.000,-9.333,-2.333,0.745,1.0000
-7.500,-3.000,-7.778,-3.500,0.572,1.2733
-6.000,-3.000,-6.222,-2.333,0.703,1.1969
-4.500,-3.000,-4.667,-3.500,0.527,1.2125
-3.000,-3.000,-3.111,-3.500,0.512,1.1449
-1.500,-3.000,-1.944,-3.500,0.669,1.1736
0.000,-3.000,0.389,-3.500,0.633,1.2309
1.500,-3.000,1.944,-3.500,0.669,1.1848
3.000,-3.000,3.500,-3.500,0.707,1.2368
4.500,-3.000,4.278,-2.333,0.703,1.2335
6.000,-3.000,5.833,-2.333,0.687,1.2241
7.500,-3.000,7.000,-3.500,0.707,1.2181
9.000,-3.000,8.944,-2.333,0.669,1.1440
10.500,-3.000,-8.167,-3.500,18.673,1.3429
12.000,-3.000,-6.611,-3.500,18.618,1.2183
13.500,-3.000,-5.444,-3.500,18.951,1.2122
15.000,-3.000,-3.500,-3.500,18.507,1.2806
16.500,-3.000,-2.722,-2.333,19.234,1.0899
18.000,-3.000,-1.167,-2.333,19.178,1.1896
-18.000,-1.500,0.778,-1.944,18.783,1.4737
-16.500,-1.500,1.944,-1.944,18.450,1.3309
-15.000,-1.500,3.500,-1.944,18.505,1.6776
-13.500,-1.500,5.444,-1.944,18.950,1.6505
-12.000,-1.500,7.000,-1.944,19.005,1.6006
-10.500,-1.500,8.556,-1.944,19.061,1.3981
-9.000,-1.500,-9.333,-1.944,0.556,1.0000
-7.500,-1.500,-7.778,-1.944,0.524,1.4419
-6.000,-1.500,-6.222,-1.944,0.497,1.4513
-4.500,-1.500,-4.667,-1.944,0.475,1.6050
-3.000,-1.500,-3.111,-1.944,0.458,1.4561
-1.500,-1.500,-1.944,-1.944,0.629,1.5349
0.000,-1.500,0.389,-1.944,0.591,1.1583
1.500,-1.500,1.944,-1.944,0.629,1.7581
3.000,-1.500,3.500,-1.944,0.669,1.3906
4.500,-1.500,4.278,-1.944,0.497,1.5189
6.000,-1.500,5.444,-1.944,0.711,1.1328
7.500,-1.500,7.000,-1.944,0.669,1.2469
9.000,-1.500,8.556,-1.944,0.629,1.1506
10.500,-1.500,-8.167,-1.944,18.672,1.4564
12.000,-1.500,-6.611,-1.944,18.616,1.5120
13.500,-1.500,-5.444,-1.944,18.950,1.6254
15.000,-1.500,-3.500,-1.944,18.505,1.3429
16.500,-1.500,-2.722,-0.778,19.236,1.1374
18.000,-1.500,-1.167,-1.167,19.170,1.1695
-18.000,0.000,0.778,-0.389,18.782,1.3083
-16.500,0.000,1.944,-0.389,18.449,1.5328
-15.000,0.000,3.500,-0.389,18.504,1.8122
-13.500,0.000,5.444,-0.389,18.948,1.7308
-12.000,0.000,7.000,-0.389,19.004,1.6384
-10.500,0.000,8.556,-0.389,19.060,1.3955
-9.000,0.000,-9.333,-0.389,0.512,1.0000
-7.500,0.000,-7.778,-0.389,0.478,1.3956
-6.000,0.000,-6.222,-0.389,0.448,1.5086
-4.500,0.000,-4.278,-0.389,0.448,1.5690
-3.000,0.000,-3.111,-0.389,0.404,1.5873
-1.500,0.000,-1.944,-0.389,0.591,1.5810
0.000,0.000,0.389,-0.389,0.550,1.1739
1.500,0.000,1.944,-0.389,0.591,1.7449
3.000,0.000,2.333,-0.389,0.772,1.4925
4.500,0.000,4.278,-0.389,0.448,1.7989
6.000,0.000,5.833,-0.389,0.423,1.3265
7.500,0.000,7.389,-0.389,0.404,1.5845
9.000,0.000,8.944,-0.389,0.393,1.2044
10.500,0.000,-8.167,-0.389,18.671,1.2836
12.000,0.000,-6.222,-0.389,18.226,1.2639
13.500,0.000,-5.444,-0.389,18.948,1.7075
15.000,0.000,-4.278,-0.389,19.282,1.4987
16.500,0.000,-2.722,-0.778,19.238,1.2010
18.000,0.000,-1.167,-0.778,19.182,1.2330
-18.000,1.500,0.389,1.556,18.389,1.2846
-16.500,1.500,1.944,1.556,18.445,1.2913
-15.000,1.500,3.500,1.556,18.500,1.6926
-13.500,1.500,5.444,1.556,18.945,1.5773
-12.000,1.500,7.000,1.556,19.000,1.5257
-10.500,1.500,8.556,1.556,19.056,1.4306
-9.000,1.500,-9.333,1.167,0.471,1.0000
-7.500,1.500,-7.778,1.167,0.434,1.4155
-6.000,1.500,-6.222,1.556,0.229,1.5043
-4.500,1.500,-4.278,1.167,0.401,1.5447
-3.000,1.500,-3.111,1.556,0.124,1.4513
-1.500,1.500,-1.944,1.556,0.448,1.7243
0.000,1.500,0.389,1.556,0.393,1.1906
1.500,1.500,1.944,1.556,0.448,1.7734
3.000,1.500,3.500,1.556,0.503,1.2632
4.500,1.500,4.278,1.167,0.401,1.6146
6.000,1.500,5.444,1.556,0.558,1.0499
7.500,1.500,7.389,1.167,0.351,1.4348
9.000,1.500,8.944,1.167,0.338,1.1193
10.500,1.500,-8.167,1.167,18.670,1.2004
12.000,1.500,-6.611,1.556,18.611,1.5268
13.500,1.500,-5.444,1.556,18.945,1.6025
15.000,1.500,-3.500,1.556,18.500,1.3859
16.500,1.500,-2.722,1.167,19.225,1.5804
18.000,1.500,-1.167,0.778,19.180,1.1648
-18.000,3.000,0.389,3.500,18.396,1.4976
-16.500,3.000,1.944,3.500,18.451,1.3397
-15.000,3.000,3.500,3.500,18.507,1.5418
-13.500,3.000,5.444,2.722,18.946,1.5682
-12.000,3.000,7.000,2.722,19.002,1.9053
-10.500,3.000,8.556,2.722,19.058,1.4076
-9.000,3.000,-9.333,2.722,0.434,1.0000
-7.500,3.000,-7.778,2.722,0.393,1.4390
-6.000,3.000,-6.222,2.722,0.356,1.4139
-4.500,3.000,-4.278,2.722,0.356,1.4268
-3.000,3.000,-3.111,2.722,0.299,1.3777
-1.500,3.000,-1.944,2.722,0.524,1.6080
0.000,3.000,0.389,2.722,0.478,1.2285
1.500,3.000,1.944,2.722,0.524,1.5416
3.000,3.000,3.500,2.722,0.572,1.4615
4.500,3.000,4.278,2.722,0.356,2.2039
6.000,3.000,5.833,2.722,0.324,1.3969
7.500,3.000,7.389,2.722,0.299,1.5050
9.000,3.000,8.944,2.722,0.283,1.1587
10.500,3.000,-8.167,2.722,18.669,1.3018
12.000,3.000,-6.611,2.722,18.613,1.5931
13.500,3.000,-5.444,2.722,18.946,1.6993
15.000,3.000,-3.500,2.722,18.502,1.5478
16.500,3.000,-2.722,2.722,19.224,1.9328
18.000,3.000,-1.167,2.722,19.169,1.2079
-18.000,4.500,0.778,4.278,18.779,1.2432
-16.500,4.500,1.944,5.056,18.453,1.3347
-15.000,4.500,3.500,5.056,18.508,1.3399
-13.500,4.500,5.444,5.056,18.953,1.5034
-12.000,4.500,7.000,5.056,19.008,1.4451
-10.500,4.500,7.778,4.278,18.279,1.4324
-9.000,4.500,-9.333,4.278,0.401,1.0000
-7.500,4.500,-7.778,4.278,0.356,1.4118
-6.000,4.500,-6.222,4.278,0.314,1.4901
-4.500,4.500,-4.278,4.278,0.314,1.5418
-3.000,4.500,-3.111,4.278,0.248,1.5631
-1.500,4.500,-1.167,4.278,0.401,1.1285
0.000,4.500,0.389,4.278,0.448,1.1078
1.500,4.500,1.944,4.278,0.497,1.6975
3.000,4.500,2.333,4.278,0.703,1.4538
4.500,4.500,4.278,4.278,0.314,2.0574
6.000,4.500,5.833,4.278,0.278,1.3244
7.500,4.500,7.389,4.278,0.248,1.5249
9.000,4.500,8.944,4.278,0.229,1.1782
10.500,4.500,-8.167,4.278,18.668,1.4775
12.000,4.500,-6.222,4.278,18.224,1.2141
13.500,4.500,-4.667,4.278,18.168,1.2050
15.000,4.500,-4.278,4.278,19.279,1.4000
16.500,4.500,-2.722,4.278,19.224,1.4518
18.000,4.500,-1.167,4.278,19.168,1.4048
-18.000,6.000,0.778,5.833,18.779,1.2597
-16.500,6.000,2.333,5.833,18.834,1.3361
-15.000,6.000,3.500,6.611,18.510,1.2924
-13.500,6.000,5.444,6.611,18.954,1.2286
-12.000,6.000,7.000,5.833,19.001,1.5690
-10.500,6.000,7.778,5.833,18.279,1.2794
-9.000,6.000,-9.333,5.833,0.373,1.0000
-7.500,6.000,-7.778,5.833,0.324,1.5069
-6.000,6.000,-6.222,5.833,0.278,1.4379
-4.500,6.000,-4.278,5.833,0.278,1.5320
-3.000,6.000,-2.722,5.833,0.324,1.5196
-1.500,6.000,-1.167,5.833,0.373,1.2409
0.000,6.000,0.389,5.833,0.423,1.1125
1.500,6.000,1.944,5.833,0.475,1.6410
3.000,6.000,2.333,5.833,0.687,1.4404
4.500,6.000,4.278,5.833,0.278,1.8673
6.000,6.000,5.833,5.833,0.236,1.3965
7.500,6.000,7.389,5.833,0.200,1.4315
9.000,6.000,8.944,5.833,0.176,1.1302
10.500,6.000,-8.167,5.833,18.667,1.3128
12.000,6.000,-6.611,5.833,18.612,1.4405
13.500,6.000,-5.833,5.833,19.334,1.2179
15.000,6.000,-4.278,5.833,19.278,1.3862
16.500,6.000,-2.722,5.833,19.223,1.5460
18.000,6.000,-1.167,5.833,19.167,1.2811
-18.000,7.500,0.778,7.778,18.780,1.3134
-16.500,7.500,2.333,7.778,18.835,1.3025
-15.000,7.500,3.500,6.611,18.521,1.1071
-13.500,7.500,5.444,6.611,18.965,1.0101
-12.000,7.500,7.000,7.778,19.002,1.4382
-10.500,7.500,7.778,7.778,18.280,1.3551
-9.000,7.500,-9.333,7.778,0.434,1.0000
-7.500,7.500,-7.778,7.778,0.393,1.4099
-6.000,7.500,-6.222,7.778,0.356,1.3074
-4.500,7.500,-4.278,7.778,0.356,1.3576
-3.000,7.500,-3.111,7.778,0.299,1.2007
-1.500,7.500,-1.167,7.778,0.434,1.2385
0.000,7.500,0.389,7.778,0.478,1.0901
1.500,7.500,1.167,7.778,0.434,1.2609
3.000,7.500,2.333,7.778,0.722,1.4809
4.500,7.500,4.278,7.778,0.356,1.4684
6.000,7.500,5.833,7.778,0.324,1.4043
7.500,7.500,7.389,7.778,0.299,1.4153
9.000,7.500,8.944,7.778,0.283,1.1562
10.500,7.500,-8.167,7.778,18.669,1.3554
12.000,7.500,-6.611,7.778,18.613,1.5547
13.500,7.500,-5.444,7.778,18.946,1.3033
15.000,7.500,-4.278,7.778,19.280,1.3100
16.500,7.500,-2.722,7.778,19.224,1.4607
18.000,7.500,-1.167,7.778,19.169,1.2914
-18.000,9.000,0.778,8.167,18.796,1.0749
-16.500,9.000,1.944,-8.944,25.733,1.0000
-15.000,9.000,3.500,8.167,18.519,1.0479
-13.500,9.000,5.444,8.167,18.963,1.2275
-12.000,9.000,7.000,8.167,19.018,1.0297
-10.500,9.000,7.778,-8.944,25.614,1.0034
-9.000,9.000,-9.333,-9.333,18.336,1.0000
-7.500,9.000,-7.778,-9.333,18.335,1.0000
-6.000,9.000,-6.222,8.167,0.862,1.0524
-4.500,9.000,-4.667,-8.944,17.945,1.0094
-3.000,9.000,-3.111,-8.944,17.945,1.0099
-1.500,9.000,-1.167,-8.944,17.948,1.0039
0.000,9.000,0.389,-8.944,17.949,1.0126
1.500,9.000,1.944,-8.944,17.950,1.0210
3.000,9.000,2.333,-9.333,18.345,1.0000
4.500,9.000,3.889,-8.944,17.955,1.0224
6.000,9.000,5.833,-8.944,17.945,1.0227
7.500,9.000,7.389,-8.944,17.945,1.0153
9.000,9.000,8.944,-8.944,17.945,1.0103
10.500,9.000,-8.167,-8.944,25.893,1.0146
12.000,9.000,-6.611,-8.944,25.853,1.0178
13.500,9.000,-5.444,-8.944,26.094,1.0145
15.000,9.000,-4.278,-8.944,26.337,1.0163
16.500,9.000,-2.722,-8.944,26.296,1.0041
18.000,9.000,-1.167,-9.333,26.523,1.0000
-18.000,10.500,0.778,-8.556,26.753,1.2844
-16.500,10.500,2.333,-8.556,26.792,1.2703
-15.000,10.500,3.500,-8.556,26.559,1.4055
-13.500,10.500,5.444,-8.556,26.870,1.3235
-12.000,10.500,7.000,-8.556,26.909,1.2030
-10.500,10.500,8.556,-8.556,26.949,1.2264
-9.000,10.500,-9.333,-8.556,19.058,1.0000
-7.500,10.500,-7.778,-8.167,18.669,1.1503
-6.000,10.500,-6.222,-8.556,19.057,1.1538
-4.500,10.500,-4.667,-8.556,19.056,1.1553
-3.000,10.500,-3.111,-8.556,19.056,1.2214
-1.500,10.500,-1.944,-8.556,19.061,1.1486
0.000,10.500,0.389,-8.556,19.060,1.2209
1.500,10.500,1.944,-8.556,19.061,1.3016
3.000,10.500,2.333,-8.556,19.067,1.1683
4.500,10.500,5.444,-8.556,19.079,1.0375
6.000,10.500,5.444,-8.556,19.064,1.0921
7.500,10.500,7.389,-8.556,19.056,1.1917
9.000,10.500,8.944,-8.556,19.056,1.1434
10.500,10.500,-8.167,-8.556,26.675,1.1091
12.000,10.500,-6.611,-8.556,26.636,1.2093
13.500,10.500,-5.444,-8.556,26.870,1.1827
15.000,10.500,-4.278,-8.167,26.834,1.1354
16.500,10.500,-2.722,-8.556,27.067,1.0492
18.000,10.500,-1.167,-9.333,27.581,1.0000
-18.000,12.000,0.389,-7.000,26.441,1.3886
-16.500,12.000,1.944,-7.000,26.480,1.4639
-15.000,12.000,3.500,-7.000,26.519,1.3276
-13.500,12.000,5.444,-7.000,26.831,1.6635
-12.000,12.000,7.000,-7.000,26.870,1.7654
-10.500,12.000,8.556,-7.000,26.909,1.6109
-9.000,12.000,-9.333,-7.000,19.003,1.0000
-7.500,12.000,-8.167,-7.000,19.012,1.2464
-6.000,12.000,-6.222,-7.000,19.001,1.8865
-4.500,12.000,-4.667,-7.000,19.001,1.7897
-3.000,12.000,-3.111,-7.000,19.000,1.4510
-1.500,12.000,-1.944,-7.000,19.005,1.8688
0.000,12.000,0.389,-7.000,19.004,1.3005
1.500,12.000,1.944,-7.000,19.005,1.6742
3.000,12.000,3.500,-7.000,19.007,1.4000
4.500,12.000,4.278,-7.000,19.001,1.8148
6.000,12.000,5.833,-7.000,19.001,1.5370
7.500,12.000,7.389,-7.000,19.000,1.7126
9.000,12.000,8.944,-7.000,19.000,1.2365
10.500,12.000,-8.167,-7.000,26.635,1.3987
12.000,12.000,-6.611,-7.000,26.596,1.7216
13.500,12.000,-5.444,-7.000,26.831,1.7778
15.000,12.000,-3.500,-7.000,26.519,1.8962
16.500,12.000,-2.722,-7.000,27.028,1.8519
18.000,12.000,-1.167,-7.778,27.541,1.0273
-18.000,13.500,0.778,-5.444,26.674,1.4769
-16.500,13.500,2.333,-5.444,26.713,1.4795
-15.000,13.500,3.500,-5.444,26.479,1.5376
-13.500,13.500,5.444,-5.444,26.791,1.5862
-12.000,13.500,7.000,-5.444,26.831,1.7014
-10.500,13.500,8.556,-5.444,26.870,1.5115
-9.000,13.500,-9.333,-5.444,18.947,1.0000
-7.500,13.500,-7.778,-5.444,18.946,1.3663
-6.000,13.500,-6.222,-5.444,18.946,1.4396
-4.500,13.500,-4.667,-5.444,18.945,1.4682
-3.000,13.500,-3.111,-5.444,18.945,1.3800
-1.500,13.500,-1.944,-5.444,18.950,1.3115
0.000,13.500,0.389,-5.444,18.948,1.3006
1.500,13.500,1.944,-5.444,18.950,1.4832
3.000,13.500,2.333,-5.444,18.956,1.4610
4.500,13.500,3.889,-5.444,18.954,1.0516
6.000,13.500,5.833,-5.444,18.945,1.0892
7.500,13.500,7.389,-5.444,18.945,1.3045
9.000,13.500,8.944,-5.444,18.945,1.2839
10.500,13.500,-8.167,-5.444,26.596,1.2972
12.000,13.500,-6.611,-5.444,26.557,1.5913
13.500,13.500,-5.444,-5.444,26.791,1.4494
15.000,13.500,-3.500,-5.444,26.479,1.3377
16.500,13.500,-2.722,-5.833,27.263,1.1630
18.000,13.500,-1.167,-4.278,26.142,1.0325
-18.000,15.000,0.778,-3.500,26.360,1.0745
-16.500,15.000,1.944,-3.500,26.124,1.1010
-15.000,15.000,3.500,-3.500,26.163,1.1099
-13.500,15.000,5.444,-3.500,26.479,1.1732
-12.000,15.000,7.000,-3.500,26.519,1.2739
-10.500,15.000,8.556,-3.500,26.559,1.6321
-9.000,15.000,-9.333,-3.500,18.503,1.0000
-7.500,15.000,-7.778,-4.278,19.280,1.4237
-6.000,15.000,-6.222,-3.500,18.501,1.4790
-4.500,15.000,-4.667,-3.500,18.501,1.6230
-3.000,15.000,-3.111,-3.500,18.500,1.6106
-1.500,15.000,-1.167,-4.278,19.281,1.2510
0.000,15.000,0.389,-3.500,18.504,1.2600
1.500,15.000,1.944,-3.500,18.505,1.6965
3.000,15.000,2.333,-3.500,18.512,1.6810
4.500,15.000,4.278,-3.889,18.890,1.3855
6.000,15.000,5.833,-3.500,18.501,1.5856
7.500,15.000,7.389,-3.500,18.500,1.4436
9.000,15.000,8.556,-3.500,18.505,1.3207
10.500,15.000,-8.167,-3.889,26.556,1.6019
12.000,15.000,-6.611,-3.500,26.242,1.5130
13.500,15.000,-5.444,-3.500,26.479,1.4292
15.000,15.000,-4.278,-4.278,27.263,1.2885
16.500,15.000,-2.722,-4.278,27.224,1.0844
18.000,15.000,-1.167,-4.278,27.184,1.1930
-18.000,16.500,0.778,-2.722,26.872,1.1000
-16.500,16.500,1.944,-9.333,31.742,1.0000
-15.000,16.500,3.500,-8.556,31.145,1.0759
-13.500,16.500,5.444,-1.944,26.440,1.0745
-12.000,16.500,7.000,-1.944,26.480,1.3503
-10.500,16.500,8.556,-1.944,26.520,1.2233
-9.000,16.500,-9.333,-2.722,19.225,1.0000
-7.500,16.500,-7.778,-2.722,19.224,1.3013
-6.000,16.500,-6.222,-1.944,18.446,1.2783
-4.500,16.500,-4.278,-2.722,19.224,1.5714
-3.000,16.500,-2.722,-2.722,19.224,1.4286
-1.500,16.500,-1.167,-2.333,18.836,1.3172
0.000,16.500,0.389,-1.944,18.449,1.1453
1.500,16.500,0.778,-2.722,19.236,1.2894
3.000,16.500,2.333,-2.722,19.234,1.4483
4.500,16.500,4.278,-1.944,18.446,1.3814
6.000,16.500,5.833,-2.722,19.223,1.2846
7.500,16.500,7.389,-2.333,18.834,1.4188
9.000,16.500,8.944,-2.333,18.833,1.0636
10.500,16.500,-7.778,-2.722,26.525,1.4724
12.000,16.500,-6.222,-2.333,26.206,1.1261
13.500,16.500,-5.444,-1.944,26.440,1.1674
15.000,16.500,-4.278,-2.722,27.224,1.4615
16.500,16.500,-2.722,-2.333,26.911,1.2524
18.000,16.500,-1.167,-2.722,27.145,1.3495
-18.000,18.000,0.778,-0.389,26.282,1.1616
-16.500,18.000,2.333,-0.389,26.322,1.0531
-15.000,18.000,0.389,7.778,18.475,1.0331
-13.500,18.000,3.500,-8.556,31.531,1.0432
-12.000,18.000,5.833,-0.778,25.897,1.0343
-10.500,18.000,7.778,-1.167,26.485,1.1215
-9.000,18.000,-9.333,-1.167,19.170,1.0000
-7.500,18.000,-7.778,-1.167,19.169,1.2383
-6.000,18.000,-6.222,-0.389,18.390,1.2460
-4.500,18.000,-4.278,-1.167,19.168,1.1004
-3.000,18.000,-2.722,-1.167,19.169,1.0507
-1.500,18.000,-1.167,-0.778,18.781,1.3022
0.000,18.000,0.778,-1.167,19.182,1.0775
1.500,18.000,0.778,-1.167,19.180,1.1653
3.000,18.000,2.333,-1.167,19.178,1.1467
4.500,18.000,4.278,-0.778,18.779,1.5126
6.000,18.000,5.833,-0.778,18.779,1.3717
7.500,18.000,7.389,-0.778,18.778,1.2845
9.000,18.000,8.944,-0.778,18.778,1.0137
10.500,18.000,-7.778,-1.167,26.485,1.2321
12.000,18.000,-6.222,-0.778,26.166,1.1613
13.500,18.000,-4.278,-0.778,25.858,1.1137
15.000,18.000,-4.278,-0.778,26.912,1.3209
16.500,18.000,-2.722,-1.167,27.145,1.2613
18.000,18.000,-1.167,-1.167,27.106,1.1976
