sx_mm,sy_mm,est_x_mm,est_y_mm,error_mm,confidence,efficiency
-18.000,-18.000,-18.000,-0.750,17.250,1.0000,1.110E-004
-16.500,-18.000,-15.000,1.500,19.558,1.0000,1.187E-004
-15.000,-18.000,-15.000,1.500,19.500,1.0000,1.269E-004
-13.500,-18.000,-13.500,1.500,19.500,1.0000,1.339E-004
-12.000,-18.000,-13.500,0.000,18.062,1.0000,1.395E-004
-10.500,-18.000,-11.250,-0.750,17.266,1.0000,1.438E-004
-9.000,-18.000,-9.750,-0.750,17.266,1.0000,1.460E-004
-7.500,-18.000,-8.250,0.000,18.016,1.0042,1.479E-004
-6.000,-18.000,-6.000,-17.250,0.750,1.0000,1.557E-004
-4.500,-18.000,-4.500,-17.250,0.750,1.0000,1.570E-004
-3.000,-18.000,-3.000,-17.250,0.750,1.0000,1.571E-004
-1.500,-18.000,-1.500,0.000,18.000,1.0000,1.547E-004
0.000,-18.000,0.000,-17.250,0.750,1.0273,1.522E-004
1.500,-18.000,1.500,-17.250,0.750,1.0048,1.560E-004
3.000,-18.000,-15.000,1.500,26.538,1.0000,1.573E-004
4.500,-18.000,-15.000,1.500,27.577,1.0000,1.533E-004
6.000,-18.000,-13.500,-17.250,19.514,1.0000,1.509E-004
7.500,-18.000,-11.250,-17.250,18.765,1.0127,1.506E-004
9.000,-18.000,-9.750,-0.750,25.478,1.0000,1.492E-004
10.500,-18.000,-8.250,1.500,27.052,1.0170,1.451E-004
12.000,-18.000,-6.750,1.500,27.052,1.0000,1.437E-004
13.500,-18.000,-6.000,-17.250,19.514,1.0000,1.385E-004
15.000,-18.000,-4.500,-17.250,19.514,1.0000,1.283E-004
16.500,-18.000,-6.750,1.500,30.345,1.0000,1.182E-004
18.000,-18.000,-6.750,1.500,31.509,1.0000,1.103E-004
-18.000,-16.500,-1.500,1.500,24.418,1.0000,1.162E-004
-16.500,-16.500,-15.000,1.500,18.062,1.0000,1.250E-004
-15.000,-16.500,-15.000,1.500,18.000,1.0000,1.347E-004
-13.500,-16.500,-13.500,1.500,18.000,1.0000,1.411E-004
-12.000,-16.500,-13.500,1.500,18.062,1.0000,1.474E-004
-10.500,-16.500,-11.250,1.500,18.016,1.0434,1.530E-004
-9.000,-16.500,-9.750,1.500,18.016,1.0000,1.552E-004
-7.500,-16.500,-8.250,1.500,18.016,1.0371,1.586E-004
-6.000,-16.500,-6.000,-15.750,0.750,1.0000,1.663E-004
-4.500,-16.500,-4.500,1.500,18.000,1.0000,1.670E-004
-3.000,-16.500,-3.000,1.500,18.000,1.0000,1.680E-004
-1.500,-16.500,-1.500,1.500,18.000,1.0000,1.661E-004
0.000,-16.500,0.000,1.500,18.000,1.0552,1.635E-004
1.500,-16.500,1.500,1.500,18.000,1.0807,1.661E-004
3.000,-16.500,-15.000,1.500,25.456,1.0000,1.685E-004
4.500,-16.500,-15.000,1.500,26.538,1.0000,1.636E-004
6.000,-16.500,-13.500,1.500,26.538,1.0000,1.615E-004
7.500,-16.500,-11.250,1.500,25.992,1.0049,1.606E-004
9.000,-16.500,-9.750,1.500,25.992,1.0000,1.588E-004
10.500,-16.500,-8.250,1.500,25.992,1.0281,1.552E-004
12.000,-16.500,-6.750,1.500,25.992,1.0000,1.530E-004
13.500,-16.500,-5.250,1.500,25.992,1.0000,1.475E-004
15.000,-16.500,-3.750,1.500,25.992,1.0000,1.373E-004
16.500,-16.500,-3.000,-15.750,19.514,1.0000,1.251E-004
18.000,-16.500,-18.000,-9.000,36.773,1.0000,1.151E-004
-18.000,-15.000,-18.000,-14.250,0.750,1.0000,1.207E-004
-16.500,-15.000,-15.000,-15.000,1.500,1.0000,1.316E-004
-15.000,-15.000,-15.000,-15.000,0.000,1.0000,1.409E-004
-13.500,-15.000,-13.500,-15.000,0.000,1.0000,1.491E-004
-12.000,-15.000,-13.500,-15.750,1.677,1.0000,1.568E-004
-10.500,-15.000,-11.250,-15.750,1.061,1.0000,1.631E-004
-9.000,-15.000,-9.750,-15.750,1.061,1.0000,1.653E-004
-7.500,-15.000,10.500,-15.750,18.016,1.0000,1.682E-004
-6.000,-15.000,-6.000,-15.750,0.750,1.0000,1.769E-004
-4.500,-15.000,-4.500,-15.750,0.750,1.0000,1.786E-004
-3.000,-15.000,-3.000,-15.750,0.750,1.0000,1.789E-004
-1.500,-15.000,-1.500,-15.750,0.750,1.0000,1.762E-004
0.000,-15.000,0.000,-15.750,0.750,1.0000,1.736E-004
1.500,-15.000,1.500,-15.750,0.750,1.0000,1.769E-004
3.000,-15.000,-15.000,-15.000,18.000,1.0000,1.789E-004
4.500,-15.000,-13.500,-15.750,18.016,1.0000,1.736E-004
6.000,-15.000,-13.500,-15.750,19.514,1.0000,1.724E-004
7.500,-15.000,-11.250,-15.750,18.765,1.0000,1.718E-004
9.000,-15.000,-9.750,-15.750,18.765,1.0000,1.687E-004
10.500,-15.000,10.500,-15.750,0.750,1.0000,1.651E-004
12.000,-15.000,-6.000,-15.750,18.016,1.0000,1.626E-004
13.500,-15.000,-6.000,-14.250,19.514,1.0000,1.564E-004
15.000,-15.000,-3.000,-15.750,18.016,1.0000,1.449E-004
16.500,-15.000,-1.500,-15.750,18.016,1.0000,1.317E-004
18.000,-15.000,-18.000,-7.500,36.773,1.0000,1.209E-004
-18.000,-13.500,-18.000,-14.250,0.750,1.0000,1.248E-004
-16.500,-13.500,-16.500,-14.250,0.750,1.0000,1.355E-004
-15.000,-13.500,-15.000,-13.500,0.000,1.0000,1.482E-004
-13.500,-13.500,-13.500,-13.500,0.000,1.0000,1.562E-004
-12.000,-13.500,-12.750,-14.250,1.061,1.0000,1.656E-004
-10.500,-13.500,-11.250,-14.250,1.061,1.0000,1.731E-004
-9.000,-13.500,-9.750,-14.250,1.061,1.0000,1.766E-004
-7.500,-13.500,10.500,-14.250,18.016,1.0000,1.794E-004
-6.000,-13.500,-6.000,-14.250,0.750,1.0000,1.887E-004
-4.500,-13.500,-4.500,-14.250,0.750,1.0000,1.904E-004
-3.000,-13.500,-3.000,-14.250,0.750,1.0000,1.915E-004
-1.500,-13.500,-1.500,-14.250,0.750,1.0000,1.901E-004
0.000,-13.500,0.000,-14.250,0.750,1.0000,1.883E-004
1.500,-13.500,-18.000,-14.250,19.514,1.0000,1.898E-004
3.000,-13.500,-16.500,-14.250,19.514,1.0000,1.912E-004
4.500,-13.500,-13.500,-14.250,18.016,1.0000,1.874E-004
6.000,-13.500,-13.500,-14.250,19.514,1.0000,1.858E-004
7.500,-13.500,-11.250,-14.250,18.765,1.0000,1.849E-004
9.000,-13.500,-9.750,-14.250,18.765,1.0000,1.816E-004
10.500,-13.500,10.500,-14.250,0.750,1.0000,1.755E-004
12.000,-13.500,-6.000,-14.250,18.016,1.0000,1.730E-004
13.500,-13.500,-4.500,-14.250,18.016,1.0000,1.668E-004
15.000,-13.500,-3.000,-14.250,18.016,1.0000,1.540E-004
16.500,-13.500,-1.500,-14.250,18.016,1.0000,1.397E-004
18.000,-13.500,-18.000,-14.250,36.008,1.0000,1.287E-004
-18.000,-12.000,-18.000,-12.750,0.750,1.0000,1.281E-004
-16.500,-12.000,-16.500,-12.000,0.000,1.0000,1.402E-004
-15.000,-12.000,-15.000,-12.000,0.000,1.0000,1.518E-004
-13.500,-12.000,-13.500,-12.000,0.000,1.0000,1.630E-004
-12.000,-12.000,-11.250,-12.000,0.750,1.0000,1.752E-004
-10.500,-12.000,-10.500,-12.000,0.000,1.0000,1.856E-004
-9.000,-12.000,-9.750,-12.000,0.750,1.0000,1.896E-004
-7.500,-12.000,10.500,-12.000,18.000,1.0000,1.927E-004
-6.000,-12.000,-6.000,-12.000,0.000,1.0000,2.035E-004
-4.500,-12.000,-4.500,-12.000,0.000,1.0000,2.053E-004
-3.000,-12.000,-3.000,-12.000,0.000,1.0000,2.062E-004
-1.500,-12.000,-1.500,-12.000,0.000,1.0000,2.049E-004
0.000,-12.000,0.000,-12.000,0.000,1.0000,2.043E-004
1.500,-12.000,1.500,-12.000,0.000,1.0000,2.053E-004
3.000,-12.000,-15.000,-12.000,18.000,1.0000,2.061E-004
4.500,-12.000,-13.500,-12.000,18.000,1.0000,2.034E-004
6.000,-12.000,-13.500,-12.000,19.500,1.0000,2.021E-004
7.500,-12.000,-11.250,-12.000,18.750,1.0000,2.005E-004
9.000,-12.000,-9.750,-12.000,18.750,1.0000,1.952E-004
10.500,-12.000,-8.250,-12.000,18.750,1.0000,1.887E-004
12.000,-12.000,-6.750,-12.000,18.750,1.0000,1.852E-004
13.500,-12.000,-5.250,-12.000,18.750,1.0000,1.783E-004
15.000,-12.000,-4.500,-12.750,19.514,1.0000,1.651E-004
16.500,-12.000,-3.000,-12.000,19.500,1.0000,1.499E-004
18.000,-12.000,-1.500,-12.000,19.500,1.0000,1.375E-004
-18.000,-10.500,-18.000,7.500,18.000,1.0000,1.311E-004
-16.500,-10.500,-16.500,-10.500,0.000,1.0000,1.427E-004
-15.000,-10.500,-15.000,-10.500,0.000,1.0000,1.569E-004
-13.500,-10.500,-13.500,-10.500,0.000,1.0000,1.695E-004
-12.000,-10.500,-11.250,-10.500,0.750,1.0000,1.849E-004
-10.500,-10.500,7.500,7.500,25.456,1.0232,1.972E-004
-9.000,-10.500,-9.750,7.500,18.016,1.0000,2.037E-004
-7.500,-10.500,10.500,7.500,25.456,1.0060,2.071E-004
-6.000,-10.500,-6.000,7.500,18.000,1.0000,2.189E-004
-4.500,-10.500,-4.500,7.500,18.000,1.0000,2.211E-004
-3.000,-10.500,-3.000,-10.500,0.000,1.0000,2.218E-004
-1.500,-10.500,-1.500,-10.500,0.000,1.0000,2.208E-004
0.000,-10.500,0.000,7.500,18.000,1.0072,2.217E-004
1.500,-10.500,-18.000,7.500,26.538,1.0000,2.211E-004
3.000,-10.500,-16.500,7.500,26.538,1.0000,2.215E-004
4.500,-10.500,-14.250,7.500,25.992,1.0000,2.200E-004
6.000,-10.500,-12.750,7.500,25.992,1.0000,2.187E-004
7.500,-10.500,-11.250,7.500,25.992,1.0197,2.166E-004
9.000,-10.500,-9.750,7.500,25.992,1.0000,2.107E-004
10.500,-10.500,-8.250,-10.500,18.750,1.0000,2.019E-004
12.000,-10.500,-6.750,-10.500,18.750,1.0000,1.996E-004
13.500,-10.500,-6.000,7.500,26.538,1.0000,1.912E-004
15.000,-10.500,-4.500,7.500,26.538,1.0000,1.765E-004
16.500,-10.500,-3.000,-10.500,19.500,1.0000,1.604E-004
18.000,-10.500,-0.750,7.500,25.992,1.0000,1.487E-004
-18.000,-9.000,-18.000,-9.000,0.000,1.0000,1.384E-004
-16.500,-9.000,-16.500,-9.000,0.000,1.0000,1.516E-004
-15.000,-9.000,-15.000,-9.000,0.000,1.0000,1.657E-004
-13.500,-9.000,-13.500,-9.000,0.000,1.0000,1.814E-004
-12.000,-9.000,-11.250,-9.000,0.750,1.0000,1.993E-004
-10.500,-9.000,7.500,-9.000,18.000,1.0000,2.144E-004
-9.000,-9.000,-9.750,-9.000,0.750,1.0000,2.209E-004
-7.500,-9.000,10.500,-9.000,18.000,1.0000,2.252E-004
-6.000,-9.000,-6.000,-9.000,0.000,1.0000,2.379E-004
-4.500,-9.000,-4.500,-9.000,0.000,1.0000,2.409E-004
-3.000,-9.000,-3.000,-9.000,0.000,1.0000,2.422E-004
-1.500,-9.000,-1.500,-9.000,0.000,1.0000,2.417E-004
0.000,-9.000,0.000,-9.000,0.000,1.0000,2.432E-004
1.500,-9.000,-18.000,-9.000,19.500,1.0000,2.414E-004
3.000,-9.000,-16.500,-9.000,19.500,1.0000,2.421E-004
4.500,-9.000,-14.250,-9.000,18.750,1.0000,2.415E-004
6.000,-9.000,-12.750,-9.000,18.750,1.0000,2.391E-004
7.500,-9.000,-11.250,-9.000,18.750,1.0000,2.378E-004
9.000,-9.000,-9.750,-9.000,18.750,1.0000,2.304E-004
10.500,-9.000,10.500,-9.000,0.000,1.0000,2.204E-004
12.000,-9.000,-6.000,-9.000,18.000,1.0000,2.170E-004
13.500,-9.000,-6.000,-9.000,19.500,1.0000,2.083E-004
15.000,-9.000,-4.500,-9.000,19.500,1.0000,1.917E-004
16.500,-9.000,-2.250,-9.000,18.750,1.0000,1.744E-004
18.000,-9.000,-1.500,-9.000,19.500,1.0000,1.606E-004
-18.000,-7.500,-18.000,-7.500,0.000,1.0000,1.403E-004
-16.500,-7.500,-16.500,-7.500,0.000,1.0000,1.554E-004
-15.000,-7.500,-15.000,-7.500,0.000,1.0000,1.688E-004
-13.500,-7.500,-13.500,-7.500,0.000,1.0000,1.851E-004
-12.000,-7.500,-11.250,-7.500,0.750,1.0000,2.039E-004
-10.500,-7.500,7.500,-7.500,18.000,1.0000,2.198E-004
-9.000,-7.500,-9.750,-7.500,0.750,1.0000,2.273E-004
-7.500,-7.500,10.500,-7.500,18.000,1.0000,2.320E-004
-6.000,-7.500,-6.000,-7.500,0.000,1.0000,2.451E-004
-4.500,-7.500,-4.500,-7.500,0.000,1.0000,2.477E-004
-3.000,-7.500,-3.000,-7.500,0.000,1.0000,2.513E-004
-1.500,-7.500,-1.500,-7.500,0.000,1.0000,2.486E-004
0.000,-7.500,0.000,-7.500,0.000,1.0000,2.503E-004
1.500,-7.500,-18.000,-7.500,19.500,1.0000,2.484E-004
3.000,-7.500,-16.500,-7.500,19.500,1.0000,2.495E-004
4.500,-7.500,-14.250,-7.500,18.750,1.0000,2.486E-004
6.000,-7.500,-12.750,-7.500,18.750,1.0000,2.464E-004
7.500,-7.500,-11.250,-7.500,18.750,1.0000,2.433E-004
9.000,-7.500,-9.750,-7.500,18.750,1.0000,2.368E-004
10.500,-7.500,10.500,-7.500,0.000,1.0000,2.264E-004
12.000,-7.500,-6.750,-7.500,18.750,1.0000,2.223E-004
13.500,-7.500,-6.000,-7.500,19.500,1.0000,2.134E-004
15.000,-7.500,-4.500,-7.500,19.500,1.0000,1.964E-004
16.500,-7.500,-2.250,-7.500,18.750,1.0000,1.780E-004
18.000,-7.500,-1.500,-7.500,19.500,1.0000,1.631E-004
-18.000,-6.000,-18.000,-7.500,1.500,1.0000,1.379E-004
-16.500,-6.000,-15.000,-5.250,1.677,1.0000,1.524E-004
-15.000,-6.000,-15.000,-6.750,0.750,1.0000,1.648E-004
-13.500,-6.000,-13.500,-5.250,0.750,1.0000,1.800E-004
-12.000,-6.000,-11.250,-5.250,1.061,1.0000,1.975E-004
-10.500,-6.000,-10.500,-5.250,0.750,1.0000,2.126E-004
-9.000,-6.000,-8.250,-5.250,1.061,1.0000,2.207E-004
-7.500,-6.000,-6.750,-5.250,1.061,1.0000,2.252E-004
-6.000,-6.000,-6.000,-6.000,0.000,1.0000,2.391E-004
-4.500,-6.000,-4.500,-6.000,0.000,1.0000,2.427E-004
-3.000,-6.000,-3.000,-5.250,0.750,1.0000,2.449E-004
-1.500,-6.000,-1.500,-5.250,0.750,1.0000,2.418E-004
0.000,-6.000,0.000,-5.250,0.750,1.0000,2.432E-004
1.500,-6.000,1.500,-5.250,0.750,1.0000,2.410E-004
3.000,-6.000,-15.000,-5.250,18.016,1.0000,2.445E-004
4.500,-6.000,-13.500,-5.250,18.016,1.0000,2.413E-004
6.000,-6.000,-13.500,-5.250,19.514,1.0000,2.396E-004
7.500,-6.000,-11.250,-5.250,18.765,1.0000,2.362E-004
9.000,-6.000,-9.750,-5.250,18.765,1.0000,2.294E-004
10.500,-6.000,-8.250,-5.250,18.765,1.0000,2.197E-004
12.000,-6.000,-6.750,-5.250,18.765,1.0000,2.143E-004
13.500,-6.000,-5.250,-5.250,18.765,1.0000,2.053E-004
15.000,-6.000,-4.500,-5.250,19.514,1.0000,1.886E-004
16.500,-6.000,-3.000,-5.250,19.514,1.0000,1.700E-004
18.000,-6.000,-1.500,-5.250,19.514,1.0000,1.542E-004
-18.000,-4.500,-18.000,-5.250,0.750,1.0000,1.392E-004
-16.500,-4.500,-16.500,-5.250,0.750,1.0000,1.525E-004
-15.000,-4.500,-15.000,-5.250,0.750,1.0000,1.664E-004
-13.500,-4.500,-13.500,-5.250,0.750,1.0000,1.816E-004
-12.000,-4.500,-12.000,-5.250,0.750,1.0000,1.993E-004
-10.500,-4.500,-10.500,-5.250,0.750,1.0000,2.151E-004
-9.000,-4.500,-9.750,-5.250,1.061,1.0000,2.225E-004
-7.500,-4.500,10.500,-5.250,18.016,1.0000,2.273E-004
-6.000,-4.500,-6.000,-5.250,0.750,1.0000,2.430E-004
-4.500,-4.500,-4.500,-5.250,0.750,1.0000,2.467E-004
-3.000,-4.500,-3.000,-5.250,0.750,1.0000,2.483E-004
-1.500,-4.500,-1.500,-5.250,0.750,1.0000,2.458E-004
0.000,-4.500,0.000,-5.250,0.750,1.0000,2.455E-004
1.500,-4.500,1.500,-5.250,0.750,1.0000,2.447E-004
3.000,-4.500,-15.000,-5.250,18.016,1.0000,2.479E-004
4.500,-4.500,-13.500,-5.250,18.016,1.0000,2.451E-004
6.000,-4.500,-13.500,-5.250,19.514,1.0000,2.435E-004
7.500,-4.500,-11.250,-5.250,18.765,1.0000,2.399E-004
9.000,-4.500,-9.750,-5.250,18.765,1.0000,2.318E-004
10.500,-4.500,-8.250,-5.250,18.765,1.0000,2.223E-004
12.000,-4.500,-6.750,-5.250,18.765,1.0000,2.169E-004
13.500,-4.500,-5.250,-5.250,18.765,1.0000,2.063E-004
15.000,-4.500,-4.500,-4.500,19.500,1.0000,1.894E-004
16.500,-4.500,-3.000,-3.750,19.514,1.0000,1.699E-004
18.000,-4.500,-1.500,-3.750,19.514,1.0000,1.557E-004
-18.000,-3.000,-18.000,-3.750,0.750,1.0000,1.392E-004
-16.500,-3.000,-16.500,-3.750,0.750,1.0000,1.536E-004
-15.000,-3.000,-15.000,-3.750,0.750,1.0000,1.669E-004
-13.500,-3.000,-13.500,-3.750,0.750,1.0000,1.817E-004
-12.000,-3.000,-12.000,-3.750,0.750,1.0000,2.002E-004
-10.500,-3.000,-10.500,-3.750,0.750,1.0000,2.167E-004
-9.000,-3.000,-8.250,-3.750,1.061,1.0000,2.243E-004
-7.500,-3.000,10.500,-3.750,18.016,1.0000,2.303E-004
-6.000,-3.000,-6.000,-3.750,0.750,1.0000,2.444E-004
-4.500,-3.000,-4.500,-3.750,0.750,1.0000,2.479E-004
-3.000,-3.000,-3.000,-3.750,0.750,1.0000,2.521E-004
-1.500,-3.000,-1.500,-3.750,0.750,1.0000,2.482E-004
0.000,-3.000,0.000,-3.750,0.750,1.0000,2.486E-004
1.500,-3.000,1.500,-3.750,0.750,1.0000,2.471E-004
3.000,-3.000,-15.000,-3.750,18.016,1.0000,2.502E-004
4.500,-3.000,-13.500,-3.750,18.016,1.0000,2.470E-004
6.000,-3.000,-13.500,-3.750,19.514,1.0000,2.457E-004
7.500,-3.000,-11.250,-3.750,18.765,1.0000,2.416E-004
9.000,-3.000,-9.750,-3.750,18.765,1.0000,2.343E-004
10.500,-3.000,-8.250,-3.750,18.765,1.0000,2.239E-004
12.000,-3.000,-6.750,-3.750,18.765,1.0000,2.186E-004
13.500,-3.000,-5.250,-3.750,18.765,1.0000,2.080E-004
15.000,-3.000,-4.500,-2.250,19.514,1.0000,1.901E-004
16.500,-3.000,-3.000,-2.250,19.514,1.0000,1.704E-004
18.000,-3.000,-1.500,-2.250,19.514,1.0000,1.558E-004
-18.000,-1.500,-18.000,16.500,18.000,1.0000,1.377E-004
-16.500,-1.500,-16.500,16.500,18.000,1.0000,1.514E-004
-15.000,-1.500,-15.000,16.500,18.000,1.0000,1.653E-004
-13.500,-1.500,-13.500,16.500,18.000,1.0000,1.812E-004
-12.000,-1.500,-12.000,16.500,18.000,1.0000,1.993E-004
-10.500,-1.500,-10.500,16.500,18.000,1.0000,2.151E-004
-9.000,-1.500,-9.750,16.500,18.016,1.0000,2.228E-004
-7.500,-1.500,10.500,16.500,25.456,1.0463,2.279E-004
-6.000,-1.500,-6.000,16.500,18.000,1.0000,2.417E-004
-4.500,-1.500,-4.500,16.500,18.000,1.0000,2.444E-004
-3.000,-1.500,-3.000,16.500,18.000,1.0000,2.480E-004
-1.500,-1.500,-1.500,16.500,18.000,1.0000,2.458E-004
0.000,-1.500,0.000,16.500,18.000,1.1597,2.469E-004
1.500,-1.500,1.500,16.500,18.000,1.0488,2.452E-004
3.000,-1.500,-15.000,16.500,25.456,1.0000,2.469E-004
4.500,-1.500,-13.500,16.500,25.456,1.0000,2.435E-004
6.000,-1.500,-13.500,16.500,26.538,1.0000,2.435E-004
7.500,-1.500,-11.250,16.500,25.992,1.1302,2.398E-004
9.000,-1.500,-9.750,16.500,25.992,1.0000,2.321E-004
10.500,-1.500,-8.250,16.500,25.992,1.0448,2.222E-004
12.000,-1.500,-6.750,16.500,25.992,1.0000,2.159E-004
13.500,-1.500,-5.250,16.500,25.992,1.0000,2.074E-004
15.000,-1.500,-3.750,16.500,25.992,1.0000,1.904E-004
16.500,-1.500,16.500,16.500,18.000,1.0196,1.720E-004
18.000,-1.500,-1.500,-0.750,19.514,1.0000,1.567E-004
-18.000,0.000,-18.000,0.000,0.000,1.0000,1.365E-004
-16.500,0.000,-16.500,0.000,0.000,1.0000,1.484E-004
-15.000,0.000,-15.000,0.000,0.000,1.0000,1.631E-004
-13.500,0.000,-13.500,0.000,0.000,1.0000,1.794E-004
-12.000,0.000,-11.250,0.000,0.750,1.0053,1.991E-004
-10.500,0.000,7.500,0.000,18.000,1.0044,2.160E-004
-9.000,0.000,-9.750,0.000,0.750,1.0000,2.236E-004
-7.500,0.000,10.500,0.000,18.000,1.0538,2.290E-004
-6.000,0.000,-6.000,0.000,0.000,1.0000,2.416E-004
-4.500,0.000,-4.500,0.000,0.000,1.0000,2.453E-004
-3.000,0.000,-3.000,0.000,0.000,1.0000,2.478E-004
-1.500,0.000,-1.500,0.000,0.000,1.0000,2.462E-004
0.000,0.000,0.000,0.000,0.000,1.0931,2.494E-004
1.500,0.000,-17.250,0.000,18.750,1.0030,2.453E-004
3.000,0.000,-16.500,0.000,19.500,1.0000,2.468E-004
4.500,0.000,-14.250,0.000,18.750,1.0000,2.461E-004
6.000,0.000,-12.750,0.000,18.750,1.0000,2.458E-004
7.500,0.000,-11.250,0.000,18.750,1.0733,2.423E-004
9.000,0.000,-9.750,0.000,18.750,1.0000,2.342E-004
10.500,0.000,10.500,0.000,0.000,1.0057,2.231E-004
12.000,0.000,-6.750,0.000,18.750,1.0000,2.181E-004
13.500,0.000,-6.000,0.000,19.500,1.0000,2.084E-004
15.000,0.000,-4.500,0.000,19.500,1.0000,1.923E-004
16.500,0.000,16.500,0.000,0.000,1.0044,1.752E-004
18.000,0.000,-1.500,-0.750,19.514,1.0000,1.603E-004
-18.000,1.500,-18.000,-17.250,18.750,1.0000,1.381E-004
-16.500,1.500,-15.000,1.500,1.500,1.0000,1.509E-004
-15.000,1.500,-15.000,1.500,0.000,1.0000,1.656E-004
-13.500,1.500,-13.500,1.500,0.000,1.0000,1.809E-004
-12.000,1.500,-12.000,1.500,0.000,1.0000,1.990E-004
-10.500,1.500,-10.500,1.500,0.000,1.0000,2.150E-004
-9.000,1.500,-8.250,1.500,0.750,1.0040,2.222E-004
-7.500,1.500,10.500,1.500,18.000,1.0087,2.265E-004
-6.000,1.500,-6.000,-17.250,18.750,1.0000,2.410E-004
-4.500,1.500,-4.500,-17.250,18.750,1.0000,2.439E-004
-3.000,1.500,-3.000,1.500,0.000,1.0000,2.464E-004
-1.500,1.500,-1.500,1.500,0.000,1.0000,2.442E-004
0.000,1.500,0.000,-17.250,18.750,1.0014,2.452E-004
1.500,1.500,1.500,1.500,0.000,1.0367,2.432E-004
3.000,1.500,-15.000,1.500,18.000,1.0000,2.445E-004
4.500,1.500,-14.250,-17.250,26.517,1.0000,2.433E-004
6.000,1.500,-12.750,-17.250,26.517,1.0000,2.424E-004
7.500,1.500,-11.250,-17.250,26.517,1.0147,2.384E-004
9.000,1.500,-9.750,-17.250,26.517,1.0000,2.312E-004
10.500,1.500,-8.250,1.500,18.750,1.0299,2.226E-004
12.000,1.500,-6.750,1.500,18.750,1.0000,2.160E-004
13.500,1.500,-5.250,1.500,18.750,1.0000,2.072E-004
15.000,1.500,-4.500,-17.250,27.052,1.0000,1.900E-004
16.500,1.500,16.500,-17.250,18.750,1.0092,1.718E-004
18.000,1.500,-1.500,-17.250,27.052,1.0000,1.577E-004
-18.000,3.000,-18.000,-15.750,18.750,1.0000,1.396E-004
-16.500,3.000,-16.500,-15.750,18.750,1.0000,1.534E-004
-15.000,3.000,-15.000,-15.000,18.000,1.0000,1.671E-004
-13.500,3.000,-13.500,-15.750,18.750,1.0000,1.821E-004
-12.000,3.000,-11.250,-15.750,18.765,1.0000,2.003E-004
-10.500,3.000,7.500,-15.750,25.992,1.0000,2.161E-004
-9.000,3.000,-9.750,-15.750,18.765,1.0000,2.233E-004
-7.500,3.000,10.500,-15.750,25.992,1.0000,2.292E-004
-6.000,3.000,-6.000,-15.750,18.750,1.0000,2.436E-004
-4.500,3.000,-4.500,-15.750,18.750,1.0000,2.472E-004
-3.000,3.000,-3.000,-15.750,18.750,1.0000,2.494E-004
-1.500,3.000,-1.500,-15.750,18.750,1.0000,2.465E-004
0.000,3.000,0.000,-15.750,18.750,1.0000,2.465E-004
1.500,3.000,-17.250,-15.750,26.517,1.0000,2.458E-004
3.000,3.000,-16.500,-15.750,27.052,1.0000,2.481E-004
4.500,3.000,-14.250,-15.750,26.517,1.0000,2.454E-004
6.000,3.000,-12.750,-15.750,26.517,1.0000,2.438E-004
7.500,3.000,-11.250,-15.750,26.517,1.0000,2.398E-004
9.000,3.000,-9.750,-15.750,26.517,1.0000,2.322E-004
10.500,3.000,10.500,-15.750,18.750,1.0000,2.225E-004
12.000,3.000,-6.750,-15.750,26.517,1.0000,2.178E-004
13.500,3.000,-6.000,-15.750,27.052,1.0000,2.072E-004
15.000,3.000,-4.500,-15.750,27.052,1.0000,1.898E-004
16.500,3.000,16.500,-15.750,18.750,1.0000,1.701E-004
18.000,3.000,-1.500,-15.750,27.052,1.0000,1.556E-004
-18.000,4.500,-18.000,-14.250,18.750,1.0000,1.364E-004
-16.500,4.500,-16.500,-14.250,18.750,1.0000,1.482E-004
-15.000,4.500,-15.000,-14.250,18.750,1.0000,1.625E-004
-13.500,4.500,-13.500,-14.250,18.750,1.0000,1.792E-004
-12.000,4.500,-11.250,-14.250,18.765,1.0000,1.982E-004
-10.500,4.500,7.500,-14.250,25.992,1.0000,2.157E-004
-9.000,4.500,-9.750,-14.250,18.765,1.0000,2.226E-004
-7.500,4.500,10.500,-14.250,25.992,1.0000,2.283E-004
-6.000,4.500,-6.000,-14.250,18.750,1.0000,2.408E-004
-4.500,4.500,-4.500,-14.250,18.750,1.0000,2.440E-004
-3.000,4.500,-3.000,-14.250,18.750,1.0000,2.463E-004
-1.500,4.500,-1.500,-14.250,18.750,1.0000,2.449E-004
0.000,4.500,0.000,-14.250,18.750,1.0000,2.464E-004
1.500,4.500,-18.000,-14.250,27.052,1.0000,2.444E-004
3.000,4.500,-16.500,-14.250,27.052,1.0000,2.456E-004
4.500,4.500,-14.250,-14.250,26.517,1.0000,2.450E-004
6.000,4.500,-12.750,-14.250,26.517,1.0000,2.437E-004
7.500,4.500,-11.250,-14.250,26.517,1.0000,2.407E-004
9.000,4.500,-9.750,-14.250,26.517,1.0000,2.314E-004
10.500,4.500,10.500,-14.250,18.750,1.0000,2.222E-004
12.000,4.500,-6.000,-14.250,25.992,1.0000,2.162E-004
13.500,4.500,-6.000,-14.250,27.052,1.0000,2.070E-004
15.000,4.500,-4.500,-14.250,27.052,1.0000,1.910E-004
16.500,4.500,-2.250,-14.250,26.517,1.0000,1.732E-004
18.000,4.500,-0.750,-14.250,26.517,1.0000,1.586E-004
-18.000,6.000,-18.000,-12.750,18.750,1.0000,1.352E-004
-16.500,6.000,-16.500,-12.750,18.750,1.0000,1.475E-004
-15.000,6.000,-15.000,-12.000,18.000,1.0000,1.613E-004
-13.500,6.000,-13.500,-12.000,18.000,1.0000,1.778E-004
-12.000,6.000,-11.250,-12.750,18.765,1.0000,1.975E-004
-10.500,6.000,7.500,-12.750,25.992,1.0000,2.137E-004
-9.000,6.000,-9.750,-12.750,18.765,1.0000,2.219E-004
-7.500,6.000,10.500,-12.750,25.992,1.0000,2.268E-004
-6.000,6.000,-6.000,-12.750,18.750,1.0000,2.397E-004
-4.500,6.000,-4.500,-12.750,18.750,1.0000,2.427E-004
-3.000,6.000,-3.000,-12.750,18.750,1.0000,2.459E-004
-1.500,6.000,-1.500,-12.750,18.750,1.0000,2.440E-004
0.000,6.000,0.000,-12.750,18.750,1.0000,2.464E-004
1.500,6.000,-18.000,-12.750,27.052,1.0000,2.429E-004
3.000,6.000,-16.500,-12.750,27.052,1.0000,2.441E-004
4.500,6.000,-14.250,-12.750,26.517,1.0000,2.444E-004
6.000,6.000,-12.750,-12.750,26.517,1.0000,2.436E-004
7.500,6.000,-11.250,-12.750,26.517,1.0000,2.402E-004
9.000,6.000,-9.750,-12.750,26.517,1.0000,2.309E-004
10.500,6.000,10.500,-12.750,18.750,1.0000,2.210E-004
12.000,6.000,-6.000,-12.750,25.992,1.0000,2.156E-004
13.500,6.000,-6.000,-12.750,27.052,1.0000,2.070E-004
15.000,6.000,-4.500,-12.750,27.052,1.0000,1.903E-004
16.500,6.000,-2.250,-12.750,26.517,1.0000,1.728E-004
18.000,6.000,-0.750,-12.750,26.517,1.0000,1.594E-004
-18.000,7.500,-18.000,7.500,0.000,1.0000,1.348E-004
-16.500,7.500,-16.500,-12.000,19.500,1.0000,1.473E-004
-15.000,7.500,-15.000,-10.500,18.000,1.0000,1.602E-004
-13.500,7.500,-13.500,7.500,0.000,1.0000,1.765E-004
-12.000,7.500,-11.250,7.500,0.750,1.0185,1.953E-004
-10.500,7.500,7.500,7.500,18.000,1.0663,2.121E-004
-9.000,7.500,-9.750,7.500,0.750,1.0000,2.192E-004
-7.500,7.500,10.500,7.500,18.000,1.0278,2.240E-004
-6.000,7.500,-6.000,7.500,0.000,1.0000,2.368E-004
-4.500,7.500,-4.500,7.500,0.000,1.0000,2.395E-004
-3.000,7.500,-3.000,7.500,0.000,1.0000,2.420E-004
-1.500,7.500,-1.500,7.500,0.000,1.0000,2.408E-004
0.000,7.500,0.000,7.500,0.000,1.0107,2.432E-004
1.500,7.500,-18.000,7.500,19.500,1.0000,2.396E-004
3.000,7.500,-16.500,7.500,19.500,1.0000,2.403E-004
4.500,7.500,-14.250,7.500,18.750,1.0000,2.403E-004
6.000,7.500,-12.750,7.500,18.750,1.0000,2.402E-004
7.500,7.500,-11.250,7.500,18.750,1.0676,2.364E-004
9.000,7.500,-9.750,7.500,18.750,1.0000,2.291E-004
10.500,7.500,10.500,7.500,0.000,1.0639,2.186E-004
12.000,7.500,-6.000,7.500,18.000,1.0000,2.135E-004
13.500,7.500,-6.000,7.500,19.500,1.0000,2.043E-004
15.000,7.500,-4.500,7.500,19.500,1.0000,1.885E-004
16.500,7.500,-1.500,7.500,18.000,1.0000,1.720E-004
18.000,7.500,-0.750,7.500,18.750,1.0000,1.584E-004
-18.000,9.000,-18.000,-9.000,18.000,1.0000,1.337E-004
-16.500,9.000,-16.500,-10.500,19.500,1.0000,1.454E-004
-15.000,9.000,-15.000,-9.000,18.000,1.0000,1.594E-004
-13.500,9.000,-13.500,-9.000,18.000,1.0000,1.744E-004
-12.000,9.000,-12.750,-9.000,18.016,1.0000,1.916E-004
-10.500,9.000,7.500,-9.000,25.456,1.0000,2.073E-004
-9.000,9.000,-9.750,-9.000,18.016,1.0000,2.149E-004
-7.500,9.000,10.500,-9.000,25.456,1.0000,2.185E-004
-6.000,9.000,-6.000,-9.000,18.000,1.0000,2.303E-004
-4.500,9.000,-4.500,-9.000,18.000,1.0000,2.334E-004
-3.000,9.000,-3.000,-9.000,18.000,1.0000,2.353E-004
-1.500,9.000,-1.500,-9.000,18.000,1.0000,2.350E-004
0.000,9.000,0.000,-9.000,18.000,1.0000,2.360E-004
1.500,9.000,-18.000,-9.000,26.538,1.0000,2.332E-004
3.000,9.000,-16.500,-9.000,26.538,1.0000,2.339E-004
4.500,9.000,-14.250,-9.000,25.992,1.0000,2.329E-004
6.000,9.000,-12.750,-9.000,25.992,1.0000,2.320E-004
7.500,9.000,-11.250,-9.000,25.992,1.0000,2.295E-004
9.000,9.000,-9.750,-9.000,25.992,1.0000,2.232E-004
10.500,9.000,10.500,-9.000,18.000,1.0000,2.133E-004
12.000,9.000,-6.000,-9.000,25.456,1.0000,2.084E-004
13.500,9.000,-6.000,-9.000,26.538,1.0000,2.001E-004
15.000,9.000,-4.500,-9.000,26.538,1.0000,1.848E-004
16.500,9.000,-1.500,-9.000,25.456,1.0000,1.690E-004
18.000,9.000,-18.000,-9.000,40.249,1.0000,1.558E-004
-18.000,10.500,-18.000,-9.000,19.500,1.0000,1.273E-004
-16.500,10.500,-16.500,-9.000,19.500,1.0000,1.394E-004
-15.000,10.500,-15.000,-8.250,18.750,1.0000,1.515E-004
-13.500,10.500,-13.500,-8.250,18.750,1.0000,1.643E-004
-12.000,10.500,-11.250,-9.000,19.514,1.0000,1.790E-004
-10.500,10.500,-9.750,-9.000,19.514,1.0000,1.918E-004
-9.000,10.500,-9.750,-7.500,18.016,1.0000,1.980E-004
-7.500,10.500,10.500,-7.500,25.456,1.0000,2.007E-004
-6.000,10.500,-6.000,-9.000,19.500,1.0000,2.120E-004
-4.500,10.500,-4.500,-9.000,19.500,1.0000,2.150E-004
-3.000,10.500,-3.000,-8.250,18.750,1.0000,2.166E-004
-1.500,10.500,-1.500,-7.500,18.000,1.0000,2.149E-004
0.000,10.500,0.000,-7.500,18.000,1.0000,2.162E-004
1.500,10.500,-18.000,-9.000,27.577,1.0000,2.145E-004
3.000,10.500,-15.000,-8.250,25.992,1.0000,2.156E-004
4.500,10.500,-14.250,-7.500,25.992,1.0000,2.145E-004
6.000,10.500,-12.750,-7.500,25.992,1.0000,2.131E-004
7.500,10.500,-11.250,-7.500,25.992,1.0000,2.101E-004
9.000,10.500,-9.750,-7.500,25.992,1.0000,2.048E-004
10.500,10.500,-8.250,-8.250,26.517,1.0354,1.972E-004
12.000,10.500,-6.750,-8.250,26.517,1.0000,1.921E-004
13.500,10.500,-6.000,-9.000,27.577,1.0000,1.855E-004
15.000,10.500,-4.500,-9.000,27.577,1.0000,1.713E-004
16.500,10.500,-3.000,-9.000,27.577,1.0000,1.571E-004
18.000,10.500,-1.500,-9.000,27.577,1.0000,1.442E-004
-18.000,12.000,-18.000,-7.500,19.500,1.0000,1.179E-004
-16.500,12.000,-16.500,-7.500,19.500,1.0000,1.284E-004
-15.000,12.000,-15.000,-6.750,18.750,1.0000,1.378E-004
-13.500,12.000,-13.500,-6.750,18.750,1.0000,1.489E-004
-12.000,12.000,-11.250,-7.500,19.514,1.0000,1.602E-004
-10.500,12.000,-9.750,-7.500,19.514,1.0000,1.718E-004
-9.000,12.000,-8.250,-7.500,19.514,1.0000,1.766E-004
-7.500,12.000,10.500,-7.500,26.538,1.0000,1.788E-004
-6.000,12.000,-6.000,-7.500,19.500,1.0000,1.901E-004
-4.500,12.000,-4.500,-7.500,19.500,1.0000,1.916E-004
-3.000,12.000,-3.000,-7.500,19.500,1.0000,1.929E-004
-1.500,12.000,-1.500,-7.500,19.500,1.0000,1.908E-004
0.000,12.000,0.000,-7.500,19.500,1.0000,1.917E-004
1.500,12.000,-18.000,-7.500,27.577,1.0000,1.910E-004
3.000,12.000,-16.500,-7.500,27.577,1.0000,1.923E-004
4.500,12.000,-14.250,-7.500,27.052,1.0000,1.906E-004
6.000,12.000,-12.750,-7.500,27.052,1.0000,1.901E-004
7.500,12.000,-11.250,-7.500,27.052,1.0000,1.881E-004
9.000,12.000,-9.750,-7.500,27.052,1.0000,1.833E-004
10.500,12.000,10.500,-7.500,19.500,1.0000,1.757E-004
12.000,12.000,-6.750,-6.750,26.517,1.0000,1.730E-004
13.500,12.000,-6.000,-7.500,27.577,1.0000,1.664E-004
15.000,12.000,-4.500,-7.500,27.577,1.0000,1.549E-004
16.500,12.000,-3.000,-7.500,27.577,1.0000,1.421E-004
18.000,12.000,-1.500,-7.500,27.577,1.0000,1.324E-004
-18.000,13.500,-13.500,-9.000,22.946,1.0000,1.095E-004
-16.500,13.500,-15.000,-6.750,20.305,1.0000,1.169E-004
-15.000,13.500,-15.000,-5.250,18.750,1.0000,1.253E-004
-13.500,13.500,-13.500,-5.250,18.750,1.0000,1.352E-004
-12.000,13.500,-11.250,-5.250,18.765,1.0000,1.456E-004
-10.500,13.500,-10.500,-5.250,18.750,1.0000,1.556E-004
-9.000,13.500,-8.250,-5.250,18.765,1.0000,1.603E-004
-7.500,13.500,10.500,-5.250,25.992,1.0000,1.638E-004
-6.000,13.500,-6.000,-5.250,18.750,1.0000,1.709E-004
-4.500,13.500,-4.500,-5.250,18.750,1.0000,1.729E-004
-3.000,13.500,-3.000,-5.250,18.750,1.0000,1.736E-004
-1.500,13.500,-1.500,-5.250,18.750,1.0000,1.737E-004
0.000,13.500,0.000,-5.250,18.750,1.0000,1.746E-004
1.500,13.500,1.500,-5.250,18.750,1.0000,1.723E-004
3.000,13.500,-15.000,-5.250,25.992,1.0000,1.736E-004
4.500,13.500,-13.500,-5.250,25.992,1.0000,1.730E-004
6.000,13.500,-13.500,-5.250,27.052,1.0000,1.724E-004
7.500,13.500,-11.250,-5.250,26.517,1.0000,1.707E-004
9.000,13.500,-9.750,-5.250,26.517,1.0000,1.666E-004
10.500,13.500,-8.250,-5.250,26.517,1.0000,1.603E-004
12.000,13.500,-6.750,-5.250,26.517,1.0000,1.578E-004
13.500,13.500,-5.250,-5.250,26.517,1.0000,1.533E-004
15.000,13.500,-4.500,-5.250,27.052,1.0000,1.438E-004
16.500,13.500,-3.000,-5.250,27.052,1.0000,1.339E-004
18.000,13.500,-18.000,-2.250,39.295,1.0000,1.252E-004
-18.000,15.000,-1.500,-9.000,29.125,1.0000,1.024E-004
-16.500,15.000,-16.500,-9.000,24.000,1.0000,1.097E-004
-15.000,15.000,-15.000,-9.000,24.000,1.0000,1.162E-004
-13.500,15.000,-13.500,-9.000,24.000,1.0000,1.245E-004
-12.000,15.000,-13.500,-9.000,24.047,1.0000,1.344E-004
-10.500,15.000,-10.500,-3.750,18.750,1.0000,1.437E-004
-9.000,15.000,-9.750,-3.750,18.765,1.0000,1.478E-004
-7.500,15.000,10.500,-3.750,25.992,1.0000,1.498E-004
-6.000,15.000,-6.000,-3.750,18.750,1.0000,1.552E-004
-4.500,15.000,-4.500,-3.750,18.750,1.0000,1.568E-004
-3.000,15.000,-3.000,-3.750,18.750,1.0000,1.569E-004
-1.500,15.000,-1.500,-3.750,18.750,1.0000,1.579E-004
0.000,15.000,0.000,-3.750,18.750,1.0000,1.598E-004
1.500,15.000,1.500,-3.750,18.750,1.0000,1.579E-004
3.000,15.000,-15.000,-3.750,25.992,1.0000,1.572E-004
4.500,15.000,-13.500,-3.750,25.992,1.0000,1.588E-004
6.000,15.000,-13.500,-3.750,27.052,1.0000,1.583E-004
7.500,15.000,-11.250,-3.750,26.517,1.0000,1.573E-004
9.000,15.000,-9.750,-3.750,26.517,1.0000,1.542E-004
10.500,15.000,-8.250,-3.750,26.517,1.0000,1.481E-004
12.000,15.000,-6.750,-3.750,26.517,1.0000,1.467E-004
13.500,15.000,-4.500,-2.250,24.931,1.0000,1.427E-004
15.000,15.000,-4.500,-3.750,27.052,1.0000,1.352E-004
16.500,15.000,-18.000,-0.750,37.925,1.0000,1.291E-004
18.000,15.000,-18.000,-2.250,39.919,1.0000,1.210E-004
-18.000,16.500,-18.000,-9.000,25.500,1.0000,9.598E-005
-16.500,16.500,-16.500,-9.000,25.500,1.0000,1.024E-004
-15.000,16.500,-15.000,-9.000,25.500,1.0000,1.071E-004
-13.500,16.500,-13.500,-9.000,25.500,1.0000,1.141E-004
-12.000,16.500,-11.250,-9.000,25.511,1.0000,1.236E-004
-10.500,16.500,-11.250,-9.000,25.511,1.0000,1.313E-004
-9.000,16.500,-9.750,-9.000,25.511,1.0000,1.351E-004
-7.500,16.500,10.500,-9.000,31.213,1.0000,1.368E-004
-6.000,16.500,-6.000,-2.250,18.750,1.0000,1.413E-004
-4.500,16.500,-4.500,-2.250,18.750,1.0000,1.423E-004
-3.000,16.500,-3.000,-9.000,25.500,1.0000,1.425E-004
-1.500,16.500,-1.500,-9.000,25.500,1.0000,1.433E-004
0.000,16.500,-18.000,-2.250,25.992,1.0000,1.470E-004
1.500,16.500,-18.000,-2.250,27.052,1.0000,1.433E-004
3.000,16.500,-16.500,-9.000,32.101,1.0000,1.424E-004
4.500,16.500,-14.250,-2.250,26.517,1.0000,1.443E-004
6.000,16.500,-13.500,-9.000,32.101,1.0000,1.450E-004
7.500,16.500,-11.250,-2.250,26.517,1.0025,1.444E-004
9.000,16.500,-9.750,-9.000,31.651,1.0000,1.420E-004
10.500,16.500,-8.250,-9.000,31.651,1.0000,1.367E-004
12.000,16.500,-6.750,-9.000,31.651,1.0000,1.351E-004
13.500,16.500,-4.500,-0.750,24.931,1.0000,1.333E-004
15.000,16.500,-4.500,-2.250,27.052,1.0000,1.288E-004
16.500,16.500,-1.500,-0.750,24.931,1.0000,1.242E-004
18.000,16.500,-18.000,-0.750,39.919,1.0000,1.183E-004
-18.000,18.000,-1.500,-9.000,31.643,1.0000,9.119E-005
-16.500,18.000,-15.000,-9.000,27.042,1.0000,9.546E-005
-15.000,18.000,-13.500,-9.000,27.042,1.0000,1.007E-004
-13.500,18.000,-13.500,-9.000,27.000,1.0000,1.076E-004
-12.000,18.000,-11.250,-9.000,27.010,1.0000,1.159E-004
-10.500,18.000,7.500,-0.750,25.992,1.0000,1.236E-004
-9.000,18.000,-9.750,-7.500,25.511,1.0000,1.269E-004
-7.500,18.000,-11.250,7.500,11.150,1.0201,1.275E-004
-6.000,18.000,-6.000,-0.750,18.750,1.0000,1.300E-004
-4.500,18.000,-4.500,-0.750,18.750,1.0000,1.309E-004
-3.000,18.000,-3.000,-7.500,25.500,1.0000,1.313E-004
-1.500,18.000,-1.500,-7.500,25.500,1.0000,1.327E-004
0.000,18.000,-18.000,-0.750,25.992,1.0000,1.363E-004
1.500,18.000,-18.000,-0.750,27.052,1.0000,1.329E-004
3.000,18.000,-16.500,-0.750,27.052,1.0000,1.319E-004
4.500,18.000,-14.250,-0.750,26.517,1.0000,1.352E-004
6.000,18.000,-12.750,-0.750,26.517,1.0000,1.355E-004
7.500,18.000,-11.250,-0.750,26.517,1.0000,1.349E-004
9.000,18.000,-9.750,-0.750,26.517,1.0000,1.326E-004
10.500,18.000,-9.750,-9.000,33.750,1.0000,1.276E-004
12.000,18.000,-6.000,-0.750,25.992,1.0000,1.265E-004
13.500,18.000,-4.500,-0.750,25.992,1.0000,1.244E-004
15.000,18.000,-4.500,-0.750,27.052,1.0000,1.206E-004
16.500,18.000,-1.500,-0.750,25.992,1.0000,1.177E-004
18.000,18.000,-18.000,-0.750,40.590,1.0000,1.127E-004
