time,ambient_dC,center_dC,efficiency,residual_cov,rms_bias_mm
0.000,0.000,0.000,1.0000,0.0000,0.629
0.083,0.250,2.084,1.0000,0.0000,0.629
0.167,0.500,3.724,0.9999,0.0001,0.629
0.250,0.750,5.026,0.9999,0.0001,0.629
0.333,1.000,6.074,0.9998,0.0002,0.629
0.417,1.250,6.928,0.9998,0.0003,0.629
0.500,1.500,7.635,0.9997,0.0003,0.629
0.583,1.750,8.232,0.9997,0.0004,0.629
0.667,2.000,8.744,0.9996,0.0004,0.629
0.750,2.250,9.193,0.9996,0.0005,0.629
0.833,2.500,9.593,0.9995,0.0005,0.629
0.917,2.750,9.957,0.9995,0.0005,0.629
1.000,3.000,10.294,0.9994,0.0006,0.629
